/Users/andresmcmahon/Documents/LANGUAGE TOOL/.venv/lib/python3.9/site-packages/urllib3/__init__.py:35: NotOpenSSLWarning: urllib3 v2 only supports OpenSSL 1.1.1+, currently the 'ssl' module is compiled with 'LibreSSL 2.8.3'. See: https://github.com/urllib3/urllib3/issues/3020
  warnings.warn(
/Users/andresmcmahon/Documents/LANGUAGE TOOL/.venv/lib/python3.9/site-packages/google/auth/__init__.py:54: FutureWarning: You are using a Python version 3.9 past its end of life. Google will update google-auth with critical bug fixes on a best-effort basis, but not with any other fixes or features. Please upgrade your Python version, and then update google-auth.
  warnings.warn(eol_message.format("3.9"), FutureWarning)
/Users/andresmcmahon/Documents/LANGUAGE TOOL/.venv/lib/python3.9/site-packages/google/oauth2/__init__.py:40: FutureWarning: You are using a Python version 3.9 past its end of life. Google will update google-auth with critical bug fixes on a best-effort basis, but not with any other fixes or features. Please upgrade your Python version, and then update google-auth.
  warnings.warn(eol_message.format("3.9"), FutureWarning)
==================================================
 🌙 OVERNIGHT CONTINUOUS CT LOCAL LEAD SCRAPER
==================================================
Target Towns: Norwalk, Wilton, Darien, Westport, Fairfield, Ridgefield, Weston, Trumbull, Stratford, Bridgeport, Milford, Orange, Shelton, Bethel, Danbury, Newtown, Monroe
Strict Policy: NO Stamford, NO New Canaan, NO Greenwich.
Filter: VERIFIED REAL EMAILS ONLY + STRICT DEDUPLICATION.
==================================================


🚀 --- Starting Overnight Pass #1 ---

📍 Processing Town: NORWALK (Priority Target)
  🔍 Searching 'restaurant' in Norwalk...
  🔍 Searching 'deli' in Norwalk...
  🔍 Searching 'bakery' in Norwalk...
  🔍 Searching 'cafe' in Norwalk...
  🔍 Searching 'salon' in Norwalk...
  🔍 Searching 'barbershop' in Norwalk...
  🔍 Searching 'nail salon' in Norwalk...
  🔍 Searching 'grocery' in Norwalk...
  🔍 Searching 'laundromat' in Norwalk...
  🔍 Searching 'dry cleaner' in Norwalk...
  🔍 Searching 'auto repair' in Norwalk...
  🔍 Searching 'food truck' in Norwalk...

📍 Processing Town: WILTON (Priority Target)
  🔍 Searching 'restaurant' in Wilton...
  🔍 Searching 'deli' in Wilton...
  🔍 Searching 'bakery' in Wilton...
  🔍 Searching 'cafe' in Wilton...
  🔍 Searching 'salon' in Wilton...
  🔍 Searching 'barbershop' in Wilton...
  🔍 Searching 'nail salon' in Wilton...
  🔍 Searching 'grocery' in Wilton...
  🔍 Searching 'laundromat' in Wilton...
  🔍 Searching 'dry cleaner' in Wilton...
  🔍 Searching 'auto repair' in Wilton...
  🔍 Searching 'food truck' in Wilton...

📍 Processing Town: DARIEN (Priority Target)
  🔍 Searching 'restaurant' in Darien...
  🔍 Searching 'deli' in Darien...
  🔍 Searching 'bakery' in Darien...
  🔍 Searching 'cafe' in Darien...
  🔍 Searching 'salon' in Darien...
  🔍 Searching 'barbershop' in Darien...
  🔍 Searching 'nail salon' in Darien...
  🔍 Searching 'grocery' in Darien...
  🔍 Searching 'laundromat' in Darien...
  🔍 Searching 'dry cleaner' in Darien...
  🔍 Searching 'auto repair' in Darien...
  🔍 Searching 'food truck' in Darien...

📍 Processing Town: WESTPORT (Priority Target)
  🔍 Searching 'restaurant' in Westport...
  🔍 Searching 'deli' in Westport...
  🔍 Searching 'bakery' in Westport...
  🔍 Searching 'cafe' in Westport...
  🔍 Searching 'salon' in Westport...
  🔍 Searching 'barbershop' in Westport...
  🔍 Searching 'nail salon' in Westport...
  🔍 Searching 'grocery' in Westport...
  🔍 Searching 'laundromat' in Westport...
  🔍 Searching 'dry cleaner' in Westport...
  🔍 Searching 'auto repair' in Westport...
  🔍 Searching 'food truck' in Westport...

📍 Processing Town: FAIRFIELD (Priority Target)
  🔍 Searching 'restaurant' in Fairfield...
  🔍 Searching 'deli' in Fairfield...
  🔍 Searching 'bakery' in Fairfield...
  🔍 Searching 'cafe' in Fairfield...
  🔍 Searching 'salon' in Fairfield...
  🔍 Searching 'barbershop' in Fairfield...
  🔍 Searching 'nail salon' in Fairfield...
  🔍 Searching 'grocery' in Fairfield...
  🔍 Searching 'laundromat' in Fairfield...
  🔍 Searching 'dry cleaner' in Fairfield...
  🔍 Searching 'auto repair' in Fairfield...
  🔍 Searching 'food truck' in Fairfield...

📍 Processing Town: RIDGEFIELD (Priority Target)
  🔍 Searching 'restaurant' in Ridgefield...
  🔍 Searching 'deli' in Ridgefield...
  🔍 Searching 'bakery' in Ridgefield...
  🔍 Searching 'cafe' in Ridgefield...
  🔍 Searching 'salon' in Ridgefield...
  🔍 Searching 'barbershop' in Ridgefield...
  🔍 Searching 'nail salon' in Ridgefield...
  🔍 Searching 'grocery' in Ridgefield...
  🔍 Searching 'laundromat' in Ridgefield...
  🔍 Searching 'dry cleaner' in Ridgefield...
  🔍 Searching 'auto repair' in Ridgefield...
  🔍 Searching 'food truck' in Ridgefield...

📍 Processing Town: WESTON (Priority Target)
  🔍 Searching 'restaurant' in Weston...
  🔍 Searching 'deli' in Weston...
  🔍 Searching 'bakery' in Weston...
  🔍 Searching 'cafe' in Weston...
  🔍 Searching 'salon' in Weston...
  🔍 Searching 'barbershop' in Weston...
  🔍 Searching 'nail salon' in Weston...
  🔍 Searching 'grocery' in Weston...
  🔍 Searching 'laundromat' in Weston...
  🔍 Searching 'dry cleaner' in Weston...
  🔍 Searching 'auto repair' in Weston...
  🔍 Searching 'food truck' in Weston...

📍 Processing Town: TRUMBULL (Priority Target)
  🔍 Searching 'restaurant' in Trumbull...
  🔍 Searching 'deli' in Trumbull...
  🔍 Searching 'bakery' in Trumbull...
  🔍 Searching 'cafe' in Trumbull...
  🔍 Searching 'salon' in Trumbull...
  🔍 Searching 'barbershop' in Trumbull...
  🔍 Searching 'nail salon' in Trumbull...
  🔍 Searching 'grocery' in Trumbull...
  🔍 Searching 'laundromat' in Trumbull...
  🔍 Searching 'dry cleaner' in Trumbull...
  🔍 Searching 'auto repair' in Trumbull...
  🔍 Searching 'food truck' in Trumbull...

📍 Processing Town: STRATFORD (Priority Target)
  🔍 Searching 'restaurant' in Stratford...
  🔍 Searching 'deli' in Stratford...
  🔍 Searching 'bakery' in Stratford...
  🔍 Searching 'cafe' in Stratford...
  🔍 Searching 'salon' in Stratford...
  🔍 Searching 'barbershop' in Stratford...
  🔍 Searching 'nail salon' in Stratford...
  🔍 Searching 'grocery' in Stratford...
  🔍 Searching 'laundromat' in Stratford...
  🔍 Searching 'dry cleaner' in Stratford...
  🔍 Searching 'auto repair' in Stratford...
  🔍 Searching 'food truck' in Stratford...

📍 Processing Town: BRIDGEPORT (Priority Target)
  🔍 Searching 'restaurant' in Bridgeport...
  🔍 Searching 'deli' in Bridgeport...
  🔍 Searching 'bakery' in Bridgeport...
  🔍 Searching 'cafe' in Bridgeport...
  🔍 Searching 'salon' in Bridgeport...
  🔍 Searching 'barbershop' in Bridgeport...
  🔍 Searching 'nail salon' in Bridgeport...
  🔍 Searching 'grocery' in Bridgeport...
  🔍 Searching 'laundromat' in Bridgeport...
  🔍 Searching 'dry cleaner' in Bridgeport...
  🔍 Searching 'auto repair' in Bridgeport...
  🔍 Searching 'food truck' in Bridgeport...

📍 Processing Town: MILFORD (Priority Target)
  🔍 Searching 'restaurant' in Milford...
  🔍 Searching 'deli' in Milford...
  🔍 Searching 'bakery' in Milford...
  🔍 Searching 'cafe' in Milford...
  🔍 Searching 'salon' in Milford...
  🔍 Searching 'barbershop' in Milford...
  🔍 Searching 'nail salon' in Milford...
  🔍 Searching 'grocery' in Milford...
  🔍 Searching 'laundromat' in Milford...
  🔍 Searching 'dry cleaner' in Milford...
  🔍 Searching 'auto repair' in Milford...
  🔍 Searching 'food truck' in Milford...

📍 Processing Town: ORANGE (Priority Target)
  🔍 Searching 'restaurant' in Orange...
  🔍 Searching 'deli' in Orange...
  🔍 Searching 'bakery' in Orange...
  🔍 Searching 'cafe' in Orange...
  🔍 Searching 'salon' in Orange...
  🔍 Searching 'barbershop' in Orange...
  🔍 Searching 'nail salon' in Orange...
  🔍 Searching 'grocery' in Orange...
  🔍 Searching 'laundromat' in Orange...
  🔍 Searching 'dry cleaner' in Orange...
  🔍 Searching 'auto repair' in Orange...
  🔍 Searching 'food truck' in Orange...

📍 Processing Town: SHELTON (Priority Target)
  🔍 Searching 'restaurant' in Shelton...
  🔍 Searching 'deli' in Shelton...
  🔍 Searching 'bakery' in Shelton...
  🔍 Searching 'cafe' in Shelton...
  🔍 Searching 'salon' in Shelton...
  🔍 Searching 'barbershop' in Shelton...
  🔍 Searching 'nail salon' in Shelton...
  🔍 Searching 'grocery' in Shelton...
  🔍 Searching 'laundromat' in Shelton...
  🔍 Searching 'dry cleaner' in Shelton...
  🔍 Searching 'auto repair' in Shelton...
  🔍 Searching 'food truck' in Shelton...

📍 Processing Town: BETHEL (Priority Target)
  🔍 Searching 'restaurant' in Bethel...
  🔍 Searching 'deli' in Bethel...
  🔍 Searching 'bakery' in Bethel...
  🔍 Searching 'cafe' in Bethel...
  🔍 Searching 'salon' in Bethel...
  🔍 Searching 'barbershop' in Bethel...
  🔍 Searching 'nail salon' in Bethel...
  🔍 Searching 'grocery' in Bethel...
  🔍 Searching 'laundromat' in Bethel...
  🔍 Searching 'dry cleaner' in Bethel...
  🔍 Searching 'auto repair' in Bethel...
  🔍 Searching 'food truck' in Bethel...

📍 Processing Town: DANBURY (Priority Target)
  🔍 Searching 'restaurant' in Danbury...
  🔍 Searching 'deli' in Danbury...
  🔍 Searching 'bakery' in Danbury...
  🔍 Searching 'cafe' in Danbury...
  🔍 Searching 'salon' in Danbury...
  🔍 Searching 'barbershop' in Danbury...
  🔍 Searching 'nail salon' in Danbury...
  🔍 Searching 'grocery' in Danbury...
  🔍 Searching 'laundromat' in Danbury...
  🔍 Searching 'dry cleaner' in Danbury...
  🔍 Searching 'auto repair' in Danbury...
  🔍 Searching 'food truck' in Danbury...

📍 Processing Town: NEWTOWN (Priority Target)
  🔍 Searching 'restaurant' in Newtown...
  🔍 Searching 'deli' in Newtown...
  🔍 Searching 'bakery' in Newtown...
  🔍 Searching 'cafe' in Newtown...
  🔍 Searching 'salon' in Newtown...
  🔍 Searching 'barbershop' in Newtown...
  🔍 Searching 'nail salon' in Newtown...
  🔍 Searching 'grocery' in Newtown...
  🔍 Searching 'laundromat' in Newtown...
  🔍 Searching 'dry cleaner' in Newtown...
  🔍 Searching 'auto repair' in Newtown...
  🔍 Searching 'food truck' in Newtown...

📍 Processing Town: MONROE (Priority Target)
  🔍 Searching 'restaurant' in Monroe...
  🔍 Searching 'deli' in Monroe...
  🔍 Searching 'bakery' in Monroe...
  🔍 Searching 'cafe' in Monroe...
  🔍 Searching 'salon' in Monroe...
  🔍 Searching 'barbershop' in Monroe...
  🔍 Searching 'nail salon' in Monroe...
  🔍 Searching 'grocery' in Monroe...
  🔍 Searching 'laundromat' in Monroe...
  🔍 Searching 'dry cleaner' in Monroe...
  🔍 Searching 'auto repair' in Monroe...
  🔍 Searching 'food truck' in Monroe...
✅ Saved 59 website-verified email lead entries to 'local_business_leads.csv'.
🔑 Authenticating with Google Sheets API...
📤 Uploading 59 verified email leads to Google Sheet (Zero Email-less Rows)...
✅ Successfully updated live Google Sheet with ONLY verified email leads!
🔗 View Sheet: https://docs.google.com/spreadsheets/d/1twWEsJ6jpAUEDd0zpF8lWOgkNoFWPjpRrlZV34gqkn4/edit?gid=0#gid=0
✅ Pass #1 complete! Synced 59 verified email leads live.
💤 Resting 60 seconds before Pass #2...


🚀 --- Starting Overnight Pass #2 ---

📍 Processing Town: NORWALK (Priority Target)
  🔍 Searching 'restaurant' in Norwalk...
  🔍 Searching 'deli' in Norwalk...
  🔍 Searching 'bakery' in Norwalk...
  🔍 Searching 'cafe' in Norwalk...
  🔍 Searching 'salon' in Norwalk...
  🔍 Searching 'barbershop' in Norwalk...
  🔍 Searching 'nail salon' in Norwalk...
  🔍 Searching 'grocery' in Norwalk...
  🔍 Searching 'laundromat' in Norwalk...
  🔍 Searching 'dry cleaner' in Norwalk...
  🔍 Searching 'auto repair' in Norwalk...
  🔍 Searching 'food truck' in Norwalk...

📍 Processing Town: WILTON (Priority Target)
  🔍 Searching 'restaurant' in Wilton...
  🔍 Searching 'deli' in Wilton...
  🔍 Searching 'bakery' in Wilton...
  🔍 Searching 'cafe' in Wilton...
  🔍 Searching 'salon' in Wilton...
  🔍 Searching 'barbershop' in Wilton...
  🔍 Searching 'nail salon' in Wilton...
  🔍 Searching 'grocery' in Wilton...
  🔍 Searching 'laundromat' in Wilton...
  🔍 Searching 'dry cleaner' in Wilton...
  🔍 Searching 'auto repair' in Wilton...
  🔍 Searching 'food truck' in Wilton...

📍 Processing Town: DARIEN (Priority Target)
  🔍 Searching 'restaurant' in Darien...
  🔍 Searching 'deli' in Darien...
  🔍 Searching 'bakery' in Darien...
  🔍 Searching 'cafe' in Darien...
  🔍 Searching 'salon' in Darien...
  🔍 Searching 'barbershop' in Darien...
  🔍 Searching 'nail salon' in Darien...
  🔍 Searching 'grocery' in Darien...
  🔍 Searching 'laundromat' in Darien...
  🔍 Searching 'dry cleaner' in Darien...
  🔍 Searching 'auto repair' in Darien...
  🔍 Searching 'food truck' in Darien...

📍 Processing Town: WESTPORT (Priority Target)
  🔍 Searching 'restaurant' in Westport...
  🔍 Searching 'deli' in Westport...
  🔍 Searching 'bakery' in Westport...
  🔍 Searching 'cafe' in Westport...
  🔍 Searching 'salon' in Westport...
  🔍 Searching 'barbershop' in Westport...
  🔍 Searching 'nail salon' in Westport...
  🔍 Searching 'grocery' in Westport...
  🔍 Searching 'laundromat' in Westport...
  🔍 Searching 'dry cleaner' in Westport...
  🔍 Searching 'auto repair' in Westport...
  🔍 Searching 'food truck' in Westport...

📍 Processing Town: FAIRFIELD (Priority Target)
  🔍 Searching 'restaurant' in Fairfield...
  🔍 Searching 'deli' in Fairfield...
  🔍 Searching 'bakery' in Fairfield...
  🔍 Searching 'cafe' in Fairfield...
  🔍 Searching 'salon' in Fairfield...
  🔍 Searching 'barbershop' in Fairfield...
  🔍 Searching 'nail salon' in Fairfield...
  🔍 Searching 'grocery' in Fairfield...
  🔍 Searching 'laundromat' in Fairfield...
  🔍 Searching 'dry cleaner' in Fairfield...
  🔍 Searching 'auto repair' in Fairfield...
  🔍 Searching 'food truck' in Fairfield...

📍 Processing Town: RIDGEFIELD (Priority Target)
  🔍 Searching 'restaurant' in Ridgefield...
  🔍 Searching 'deli' in Ridgefield...
  🔍 Searching 'bakery' in Ridgefield...
  🔍 Searching 'cafe' in Ridgefield...
  🔍 Searching 'salon' in Ridgefield...
  🔍 Searching 'barbershop' in Ridgefield...
  🔍 Searching 'nail salon' in Ridgefield...
  🔍 Searching 'grocery' in Ridgefield...
  🔍 Searching 'laundromat' in Ridgefield...
  🔍 Searching 'dry cleaner' in Ridgefield...
  🔍 Searching 'auto repair' in Ridgefield...
  🔍 Searching 'food truck' in Ridgefield...

📍 Processing Town: WESTON (Priority Target)
  🔍 Searching 'restaurant' in Weston...
  🔍 Searching 'deli' in Weston...
  🔍 Searching 'bakery' in Weston...
  🔍 Searching 'cafe' in Weston...
  🔍 Searching 'salon' in Weston...
  🔍 Searching 'barbershop' in Weston...
  🔍 Searching 'nail salon' in Weston...
  🔍 Searching 'grocery' in Weston...
  🔍 Searching 'laundromat' in Weston...
  🔍 Searching 'dry cleaner' in Weston...
  🔍 Searching 'auto repair' in Weston...
  🔍 Searching 'food truck' in Weston...

📍 Processing Town: TRUMBULL (Priority Target)
  🔍 Searching 'restaurant' in Trumbull...
  🔍 Searching 'deli' in Trumbull...
  🔍 Searching 'bakery' in Trumbull...
  🔍 Searching 'cafe' in Trumbull...
  🔍 Searching 'salon' in Trumbull...
  🔍 Searching 'barbershop' in Trumbull...
  🔍 Searching 'nail salon' in Trumbull...
  🔍 Searching 'grocery' in Trumbull...
  🔍 Searching 'laundromat' in Trumbull...
  🔍 Searching 'dry cleaner' in Trumbull...
  🔍 Searching 'auto repair' in Trumbull...
  🔍 Searching 'food truck' in Trumbull...

📍 Processing Town: STRATFORD (Priority Target)
  🔍 Searching 'restaurant' in Stratford...
  🔍 Searching 'deli' in Stratford...
  🔍 Searching 'bakery' in Stratford...
  🔍 Searching 'cafe' in Stratford...
  🔍 Searching 'salon' in Stratford...
  🔍 Searching 'barbershop' in Stratford...
  🔍 Searching 'nail salon' in Stratford...
  🔍 Searching 'grocery' in Stratford...
  🔍 Searching 'laundromat' in Stratford...
  🔍 Searching 'dry cleaner' in Stratford...
  🔍 Searching 'auto repair' in Stratford...
  🔍 Searching 'food truck' in Stratford...

📍 Processing Town: BRIDGEPORT (Priority Target)
  🔍 Searching 'restaurant' in Bridgeport...
  🔍 Searching 'deli' in Bridgeport...
  🔍 Searching 'bakery' in Bridgeport...
  🔍 Searching 'cafe' in Bridgeport...
  🔍 Searching 'salon' in Bridgeport...
  🔍 Searching 'barbershop' in Bridgeport...
  🔍 Searching 'nail salon' in Bridgeport...
  🔍 Searching 'grocery' in Bridgeport...
  🔍 Searching 'laundromat' in Bridgeport...
  🔍 Searching 'dry cleaner' in Bridgeport...
  🔍 Searching 'auto repair' in Bridgeport...
  🔍 Searching 'food truck' in Bridgeport...

📍 Processing Town: MILFORD (Priority Target)
  🔍 Searching 'restaurant' in Milford...
  🔍 Searching 'deli' in Milford...
  🔍 Searching 'bakery' in Milford...
  🔍 Searching 'cafe' in Milford...
  🔍 Searching 'salon' in Milford...
  🔍 Searching 'barbershop' in Milford...
  🔍 Searching 'nail salon' in Milford...
  🔍 Searching 'grocery' in Milford...
  🔍 Searching 'laundromat' in Milford...
  🔍 Searching 'dry cleaner' in Milford...
  🔍 Searching 'auto repair' in Milford...
  🔍 Searching 'food truck' in Milford...

📍 Processing Town: ORANGE (Priority Target)
  🔍 Searching 'restaurant' in Orange...
  🔍 Searching 'deli' in Orange...
  🔍 Searching 'bakery' in Orange...
  🔍 Searching 'cafe' in Orange...
  🔍 Searching 'salon' in Orange...
  🔍 Searching 'barbershop' in Orange...
  🔍 Searching 'nail salon' in Orange...
  🔍 Searching 'grocery' in Orange...
  🔍 Searching 'laundromat' in Orange...
  🔍 Searching 'dry cleaner' in Orange...
  🔍 Searching 'auto repair' in Orange...
  🔍 Searching 'food truck' in Orange...

📍 Processing Town: SHELTON (Priority Target)
  🔍 Searching 'restaurant' in Shelton...
  🔍 Searching 'deli' in Shelton...
  🔍 Searching 'bakery' in Shelton...
  🔍 Searching 'cafe' in Shelton...
  🔍 Searching 'salon' in Shelton...
  🔍 Searching 'barbershop' in Shelton...
  🔍 Searching 'nail salon' in Shelton...
  🔍 Searching 'grocery' in Shelton...
  🔍 Searching 'laundromat' in Shelton...
  🔍 Searching 'dry cleaner' in Shelton...
  🔍 Searching 'auto repair' in Shelton...
  🔍 Searching 'food truck' in Shelton...

📍 Processing Town: BETHEL (Priority Target)
  🔍 Searching 'restaurant' in Bethel...
  🔍 Searching 'deli' in Bethel...
  🔍 Searching 'bakery' in Bethel...
  🔍 Searching 'cafe' in Bethel...
  🔍 Searching 'salon' in Bethel...
  🔍 Searching 'barbershop' in Bethel...
  🔍 Searching 'nail salon' in Bethel...
  🔍 Searching 'grocery' in Bethel...
  🔍 Searching 'laundromat' in Bethel...
  🔍 Searching 'dry cleaner' in Bethel...
  🔍 Searching 'auto repair' in Bethel...
  🔍 Searching 'food truck' in Bethel...

📍 Processing Town: DANBURY (Priority Target)
  🔍 Searching 'restaurant' in Danbury...
  🔍 Searching 'deli' in Danbury...
  🔍 Searching 'bakery' in Danbury...
  🔍 Searching 'cafe' in Danbury...
  🔍 Searching 'salon' in Danbury...
  🔍 Searching 'barbershop' in Danbury...
  🔍 Searching 'nail salon' in Danbury...
  🔍 Searching 'grocery' in Danbury...
  🔍 Searching 'laundromat' in Danbury...
  🔍 Searching 'dry cleaner' in Danbury...
  🔍 Searching 'auto repair' in Danbury...
  🔍 Searching 'food truck' in Danbury...

📍 Processing Town: NEWTOWN (Priority Target)
  🔍 Searching 'restaurant' in Newtown...
  🔍 Searching 'deli' in Newtown...
  🔍 Searching 'bakery' in Newtown...
  🔍 Searching 'cafe' in Newtown...
  🔍 Searching 'salon' in Newtown...
  🔍 Searching 'barbershop' in Newtown...
  🔍 Searching 'nail salon' in Newtown...
  🔍 Searching 'grocery' in Newtown...
  🔍 Searching 'laundromat' in Newtown...
  🔍 Searching 'dry cleaner' in Newtown...
  🔍 Searching 'auto repair' in Newtown...
  🔍 Searching 'food truck' in Newtown...

📍 Processing Town: MONROE (Priority Target)
  🔍 Searching 'restaurant' in Monroe...
  🔍 Searching 'deli' in Monroe...
  🔍 Searching 'bakery' in Monroe...
  🔍 Searching 'cafe' in Monroe...
  🔍 Searching 'salon' in Monroe...
  🔍 Searching 'barbershop' in Monroe...
  🔍 Searching 'nail salon' in Monroe...
  🔍 Searching 'grocery' in Monroe...
  🔍 Searching 'laundromat' in Monroe...
  🔍 Searching 'dry cleaner' in Monroe...
  🔍 Searching 'auto repair' in Monroe...
  🔍 Searching 'food truck' in Monroe...
✅ Saved 40 website-verified email lead entries to 'local_business_leads.csv'.
🔑 Authenticating with Google Sheets API...
📤 Uploading 40 verified email leads to Google Sheet (Zero Email-less Rows)...
✅ Successfully updated live Google Sheet with ONLY verified email leads!
🔗 View Sheet: https://docs.google.com/spreadsheets/d/1twWEsJ6jpAUEDd0zpF8lWOgkNoFWPjpRrlZV34gqkn4/edit?gid=0#gid=0
✅ Pass #2 complete! Synced 40 verified email leads live.
💤 Resting 60 seconds before Pass #3...


🚀 --- Starting Overnight Pass #3 ---

📍 Processing Town: NORWALK (Priority Target)
  🔍 Searching 'restaurant' in Norwalk...
  🔍 Searching 'deli' in Norwalk...
  🔍 Searching 'bakery' in Norwalk...
  🔍 Searching 'cafe' in Norwalk...
  🔍 Searching 'salon' in Norwalk...
  🔍 Searching 'barbershop' in Norwalk...
  🔍 Searching 'nail salon' in Norwalk...
  🔍 Searching 'grocery' in Norwalk...
  🔍 Searching 'laundromat' in Norwalk...
  🔍 Searching 'dry cleaner' in Norwalk...
  🔍 Searching 'auto repair' in Norwalk...
  🔍 Searching 'food truck' in Norwalk...

📍 Processing Town: WILTON (Priority Target)
  🔍 Searching 'restaurant' in Wilton...
  🔍 Searching 'deli' in Wilton...
  🔍 Searching 'bakery' in Wilton...
  🔍 Searching 'cafe' in Wilton...
  🔍 Searching 'salon' in Wilton...
  🔍 Searching 'barbershop' in Wilton...
  🔍 Searching 'nail salon' in Wilton...
  🔍 Searching 'grocery' in Wilton...
  🔍 Searching 'laundromat' in Wilton...
  🔍 Searching 'dry cleaner' in Wilton...
  🔍 Searching 'auto repair' in Wilton...
  🔍 Searching 'food truck' in Wilton...

📍 Processing Town: DARIEN (Priority Target)
  🔍 Searching 'restaurant' in Darien...
  🔍 Searching 'deli' in Darien...
  🔍 Searching 'bakery' in Darien...
  🔍 Searching 'cafe' in Darien...
  🔍 Searching 'salon' in Darien...
  🔍 Searching 'barbershop' in Darien...
  🔍 Searching 'nail salon' in Darien...
  🔍 Searching 'grocery' in Darien...
  🔍 Searching 'laundromat' in Darien...
  🔍 Searching 'dry cleaner' in Darien...
  🔍 Searching 'auto repair' in Darien...
  🔍 Searching 'food truck' in Darien...

📍 Processing Town: WESTPORT (Priority Target)
  🔍 Searching 'restaurant' in Westport...
  🔍 Searching 'deli' in Westport...
  🔍 Searching 'bakery' in Westport...
  🔍 Searching 'cafe' in Westport...
  🔍 Searching 'salon' in Westport...
  🔍 Searching 'barbershop' in Westport...
  🔍 Searching 'nail salon' in Westport...
  🔍 Searching 'grocery' in Westport...
  🔍 Searching 'laundromat' in Westport...
  🔍 Searching 'dry cleaner' in Westport...
  🔍 Searching 'auto repair' in Westport...
  🔍 Searching 'food truck' in Westport...

📍 Processing Town: FAIRFIELD (Priority Target)
  🔍 Searching 'restaurant' in Fairfield...
  🔍 Searching 'deli' in Fairfield...
  🔍 Searching 'bakery' in Fairfield...
  🔍 Searching 'cafe' in Fairfield...
  🔍 Searching 'salon' in Fairfield...
  🔍 Searching 'barbershop' in Fairfield...
  🔍 Searching 'nail salon' in Fairfield...
  🔍 Searching 'grocery' in Fairfield...
  🔍 Searching 'laundromat' in Fairfield...
  🔍 Searching 'dry cleaner' in Fairfield...
  🔍 Searching 'auto repair' in Fairfield...
  🔍 Searching 'food truck' in Fairfield...

📍 Processing Town: RIDGEFIELD (Priority Target)
  🔍 Searching 'restaurant' in Ridgefield...
  🔍 Searching 'deli' in Ridgefield...
  🔍 Searching 'bakery' in Ridgefield...
  🔍 Searching 'cafe' in Ridgefield...
  🔍 Searching 'salon' in Ridgefield...
  🔍 Searching 'barbershop' in Ridgefield...
  🔍 Searching 'nail salon' in Ridgefield...
  🔍 Searching 'grocery' in Ridgefield...
  🔍 Searching 'laundromat' in Ridgefield...
  🔍 Searching 'dry cleaner' in Ridgefield...
  🔍 Searching 'auto repair' in Ridgefield...
  🔍 Searching 'food truck' in Ridgefield...

📍 Processing Town: WESTON (Priority Target)
  🔍 Searching 'restaurant' in Weston...
  🔍 Searching 'deli' in Weston...
  🔍 Searching 'bakery' in Weston...
  🔍 Searching 'cafe' in Weston...
  🔍 Searching 'salon' in Weston...
  🔍 Searching 'barbershop' in Weston...
  🔍 Searching 'nail salon' in Weston...
  🔍 Searching 'grocery' in Weston...
  🔍 Searching 'laundromat' in Weston...
  🔍 Searching 'dry cleaner' in Weston...
  🔍 Searching 'auto repair' in Weston...
  🔍 Searching 'food truck' in Weston...

📍 Processing Town: TRUMBULL (Priority Target)
  🔍 Searching 'restaurant' in Trumbull...
  🔍 Searching 'deli' in Trumbull...
  🔍 Searching 'bakery' in Trumbull...
  🔍 Searching 'cafe' in Trumbull...
  🔍 Searching 'salon' in Trumbull...
  🔍 Searching 'barbershop' in Trumbull...
  🔍 Searching 'nail salon' in Trumbull...
  🔍 Searching 'grocery' in Trumbull...
  🔍 Searching 'laundromat' in Trumbull...
  🔍 Searching 'dry cleaner' in Trumbull...
  🔍 Searching 'auto repair' in Trumbull...
  🔍 Searching 'food truck' in Trumbull...

📍 Processing Town: STRATFORD (Priority Target)
  🔍 Searching 'restaurant' in Stratford...
  🔍 Searching 'deli' in Stratford...
  🔍 Searching 'bakery' in Stratford...
  🔍 Searching 'cafe' in Stratford...
  🔍 Searching 'salon' in Stratford...
  🔍 Searching 'barbershop' in Stratford...
  🔍 Searching 'nail salon' in Stratford...
  🔍 Searching 'grocery' in Stratford...
  🔍 Searching 'laundromat' in Stratford...
  🔍 Searching 'dry cleaner' in Stratford...
  🔍 Searching 'auto repair' in Stratford...
  🔍 Searching 'food truck' in Stratford...

📍 Processing Town: BRIDGEPORT (Priority Target)
  🔍 Searching 'restaurant' in Bridgeport...
  🔍 Searching 'deli' in Bridgeport...
  🔍 Searching 'bakery' in Bridgeport...
  🔍 Searching 'cafe' in Bridgeport...
  🔍 Searching 'salon' in Bridgeport...
  🔍 Searching 'barbershop' in Bridgeport...
  🔍 Searching 'nail salon' in Bridgeport...
  🔍 Searching 'grocery' in Bridgeport...
  🔍 Searching 'laundromat' in Bridgeport...
  🔍 Searching 'dry cleaner' in Bridgeport...
  🔍 Searching 'auto repair' in Bridgeport...
  🔍 Searching 'food truck' in Bridgeport...

📍 Processing Town: MILFORD (Priority Target)
  🔍 Searching 'restaurant' in Milford...
  🔍 Searching 'deli' in Milford...
  🔍 Searching 'bakery' in Milford...
  🔍 Searching 'cafe' in Milford...
  🔍 Searching 'salon' in Milford...
  🔍 Searching 'barbershop' in Milford...
  🔍 Searching 'nail salon' in Milford...
  🔍 Searching 'grocery' in Milford...
  🔍 Searching 'laundromat' in Milford...
  🔍 Searching 'dry cleaner' in Milford...
  🔍 Searching 'auto repair' in Milford...
  🔍 Searching 'food truck' in Milford...

📍 Processing Town: ORANGE (Priority Target)
  🔍 Searching 'restaurant' in Orange...
  🔍 Searching 'deli' in Orange...
  🔍 Searching 'bakery' in Orange...
  🔍 Searching 'cafe' in Orange...
  🔍 Searching 'salon' in Orange...
  🔍 Searching 'barbershop' in Orange...
  🔍 Searching 'nail salon' in Orange...
  🔍 Searching 'grocery' in Orange...
  🔍 Searching 'laundromat' in Orange...
  🔍 Searching 'dry cleaner' in Orange...
  🔍 Searching 'auto repair' in Orange...
  🔍 Searching 'food truck' in Orange...

📍 Processing Town: SHELTON (Priority Target)
  🔍 Searching 'restaurant' in Shelton...
  🔍 Searching 'deli' in Shelton...
  🔍 Searching 'bakery' in Shelton...
  🔍 Searching 'cafe' in Shelton...
  🔍 Searching 'salon' in Shelton...
  🔍 Searching 'barbershop' in Shelton...
  🔍 Searching 'nail salon' in Shelton...
  🔍 Searching 'grocery' in Shelton...
  🔍 Searching 'laundromat' in Shelton...
  🔍 Searching 'dry cleaner' in Shelton...
  🔍 Searching 'auto repair' in Shelton...
  🔍 Searching 'food truck' in Shelton...

📍 Processing Town: BETHEL (Priority Target)
  🔍 Searching 'restaurant' in Bethel...
  🔍 Searching 'deli' in Bethel...
  🔍 Searching 'bakery' in Bethel...
  🔍 Searching 'cafe' in Bethel...
  🔍 Searching 'salon' in Bethel...
  🔍 Searching 'barbershop' in Bethel...
  🔍 Searching 'nail salon' in Bethel...
  🔍 Searching 'grocery' in Bethel...
  🔍 Searching 'laundromat' in Bethel...
  🔍 Searching 'dry cleaner' in Bethel...
  🔍 Searching 'auto repair' in Bethel...
  🔍 Searching 'food truck' in Bethel...

📍 Processing Town: DANBURY (Priority Target)
  🔍 Searching 'restaurant' in Danbury...
  🔍 Searching 'deli' in Danbury...
  🔍 Searching 'bakery' in Danbury...
  🔍 Searching 'cafe' in Danbury...
  🔍 Searching 'salon' in Danbury...
  🔍 Searching 'barbershop' in Danbury...
  🔍 Searching 'nail salon' in Danbury...
  🔍 Searching 'grocery' in Danbury...
  🔍 Searching 'laundromat' in Danbury...
  🔍 Searching 'dry cleaner' in Danbury...
  🔍 Searching 'auto repair' in Danbury...
  🔍 Searching 'food truck' in Danbury...

📍 Processing Town: NEWTOWN (Priority Target)
  🔍 Searching 'restaurant' in Newtown...
  🔍 Searching 'deli' in Newtown...
  🔍 Searching 'bakery' in Newtown...
  🔍 Searching 'cafe' in Newtown...
  🔍 Searching 'salon' in Newtown...
  🔍 Searching 'barbershop' in Newtown...
  🔍 Searching 'nail salon' in Newtown...
  🔍 Searching 'grocery' in Newtown...
  🔍 Searching 'laundromat' in Newtown...
  🔍 Searching 'dry cleaner' in Newtown...
  🔍 Searching 'auto repair' in Newtown...
  🔍 Searching 'food truck' in Newtown...

📍 Processing Town: MONROE (Priority Target)
  🔍 Searching 'restaurant' in Monroe...
  🔍 Searching 'deli' in Monroe...
  🔍 Searching 'bakery' in Monroe...
  🔍 Searching 'cafe' in Monroe...
  🔍 Searching 'salon' in Monroe...
  🔍 Searching 'barbershop' in Monroe...
  🔍 Searching 'nail salon' in Monroe...
  🔍 Searching 'grocery' in Monroe...
  🔍 Searching 'laundromat' in Monroe...
  🔍 Searching 'dry cleaner' in Monroe...
  🔍 Searching 'auto repair' in Monroe...
  🔍 Searching 'food truck' in Monroe...
✅ Saved 65 website-verified email lead entries to 'local_business_leads.csv'.
🔑 Authenticating with Google Sheets API...
📤 Uploading 65 verified email leads to Google Sheet (Zero Email-less Rows)...
✅ Successfully updated live Google Sheet with ONLY verified email leads!
🔗 View Sheet: https://docs.google.com/spreadsheets/d/1twWEsJ6jpAUEDd0zpF8lWOgkNoFWPjpRrlZV34gqkn4/edit?gid=0#gid=0
✅ Pass #3 complete! Synced 65 verified email leads live.
💤 Resting 60 seconds before Pass #4...


🚀 --- Starting Overnight Pass #4 ---

📍 Processing Town: NORWALK (Priority Target)
  🔍 Searching 'restaurant' in Norwalk...
  🔍 Searching 'deli' in Norwalk...
  🔍 Searching 'bakery' in Norwalk...
  🔍 Searching 'cafe' in Norwalk...
  🔍 Searching 'salon' in Norwalk...
  🔍 Searching 'barbershop' in Norwalk...
  🔍 Searching 'nail salon' in Norwalk...
  🔍 Searching 'grocery' in Norwalk...
  🔍 Searching 'laundromat' in Norwalk...
  🔍 Searching 'dry cleaner' in Norwalk...
  🔍 Searching 'auto repair' in Norwalk...
  🔍 Searching 'food truck' in Norwalk...

📍 Processing Town: WILTON (Priority Target)
  🔍 Searching 'restaurant' in Wilton...
  🔍 Searching 'deli' in Wilton...
  🔍 Searching 'bakery' in Wilton...
  🔍 Searching 'cafe' in Wilton...
  🔍 Searching 'salon' in Wilton...
  🔍 Searching 'barbershop' in Wilton...
  🔍 Searching 'nail salon' in Wilton...
  🔍 Searching 'grocery' in Wilton...
  🔍 Searching 'laundromat' in Wilton...
  🔍 Searching 'dry cleaner' in Wilton...
  🔍 Searching 'auto repair' in Wilton...
  🔍 Searching 'food truck' in Wilton...

📍 Processing Town: DARIEN (Priority Target)
  🔍 Searching 'restaurant' in Darien...
  🔍 Searching 'deli' in Darien...
  🔍 Searching 'bakery' in Darien...
  🔍 Searching 'cafe' in Darien...
  🔍 Searching 'salon' in Darien...
  🔍 Searching 'barbershop' in Darien...
  🔍 Searching 'nail salon' in Darien...
  🔍 Searching 'grocery' in Darien...
  🔍 Searching 'laundromat' in Darien...
  🔍 Searching 'dry cleaner' in Darien...
  🔍 Searching 'auto repair' in Darien...
  🔍 Searching 'food truck' in Darien...

📍 Processing Town: WESTPORT (Priority Target)
  🔍 Searching 'restaurant' in Westport...
  🔍 Searching 'deli' in Westport...
  🔍 Searching 'bakery' in Westport...
  🔍 Searching 'cafe' in Westport...
  🔍 Searching 'salon' in Westport...
  🔍 Searching 'barbershop' in Westport...
  🔍 Searching 'nail salon' in Westport...
  🔍 Searching 'grocery' in Westport...
  🔍 Searching 'laundromat' in Westport...
  🔍 Searching 'dry cleaner' in Westport...
  🔍 Searching 'auto repair' in Westport...
  🔍 Searching 'food truck' in Westport...

📍 Processing Town: FAIRFIELD (Priority Target)
  🔍 Searching 'restaurant' in Fairfield...
  🔍 Searching 'deli' in Fairfield...
  🔍 Searching 'bakery' in Fairfield...
  🔍 Searching 'cafe' in Fairfield...
  🔍 Searching 'salon' in Fairfield...
  🔍 Searching 'barbershop' in Fairfield...
  🔍 Searching 'nail salon' in Fairfield...
  🔍 Searching 'grocery' in Fairfield...
  🔍 Searching 'laundromat' in Fairfield...
  🔍 Searching 'dry cleaner' in Fairfield...
  🔍 Searching 'auto repair' in Fairfield...
  🔍 Searching 'food truck' in Fairfield...

📍 Processing Town: RIDGEFIELD (Priority Target)
  🔍 Searching 'restaurant' in Ridgefield...
  🔍 Searching 'deli' in Ridgefield...
  🔍 Searching 'bakery' in Ridgefield...
  🔍 Searching 'cafe' in Ridgefield...
  🔍 Searching 'salon' in Ridgefield...
  🔍 Searching 'barbershop' in Ridgefield...
  🔍 Searching 'nail salon' in Ridgefield...
  🔍 Searching 'grocery' in Ridgefield...
  🔍 Searching 'laundromat' in Ridgefield...
  🔍 Searching 'dry cleaner' in Ridgefield...
  🔍 Searching 'auto repair' in Ridgefield...
  🔍 Searching 'food truck' in Ridgefield...

📍 Processing Town: WESTON (Priority Target)
  🔍 Searching 'restaurant' in Weston...
  🔍 Searching 'deli' in Weston...
  🔍 Searching 'bakery' in Weston...
  🔍 Searching 'cafe' in Weston...
  🔍 Searching 'salon' in Weston...
  🔍 Searching 'barbershop' in Weston...
  🔍 Searching 'nail salon' in Weston...
  🔍 Searching 'grocery' in Weston...
  🔍 Searching 'laundromat' in Weston...
  🔍 Searching 'dry cleaner' in Weston...
  🔍 Searching 'auto repair' in Weston...
  🔍 Searching 'food truck' in Weston...

📍 Processing Town: TRUMBULL (Priority Target)
  🔍 Searching 'restaurant' in Trumbull...
  🔍 Searching 'deli' in Trumbull...
  🔍 Searching 'bakery' in Trumbull...
  🔍 Searching 'cafe' in Trumbull...
  🔍 Searching 'salon' in Trumbull...
  🔍 Searching 'barbershop' in Trumbull...
  🔍 Searching 'nail salon' in Trumbull...
  🔍 Searching 'grocery' in Trumbull...
  🔍 Searching 'laundromat' in Trumbull...
  🔍 Searching 'dry cleaner' in Trumbull...
  🔍 Searching 'auto repair' in Trumbull...
  🔍 Searching 'food truck' in Trumbull...

📍 Processing Town: STRATFORD (Priority Target)
  🔍 Searching 'restaurant' in Stratford...
  🔍 Searching 'deli' in Stratford...
  🔍 Searching 'bakery' in Stratford...
  🔍 Searching 'cafe' in Stratford...
  🔍 Searching 'salon' in Stratford...
  🔍 Searching 'barbershop' in Stratford...
  🔍 Searching 'nail salon' in Stratford...
  🔍 Searching 'grocery' in Stratford...
  🔍 Searching 'laundromat' in Stratford...
  🔍 Searching 'dry cleaner' in Stratford...
  🔍 Searching 'auto repair' in Stratford...
  🔍 Searching 'food truck' in Stratford...

📍 Processing Town: BRIDGEPORT (Priority Target)
  🔍 Searching 'restaurant' in Bridgeport...
  🔍 Searching 'deli' in Bridgeport...
  🔍 Searching 'bakery' in Bridgeport...
  🔍 Searching 'cafe' in Bridgeport...
  🔍 Searching 'salon' in Bridgeport...
  🔍 Searching 'barbershop' in Bridgeport...
  🔍 Searching 'nail salon' in Bridgeport...
  🔍 Searching 'grocery' in Bridgeport...
  🔍 Searching 'laundromat' in Bridgeport...
  🔍 Searching 'dry cleaner' in Bridgeport...
  🔍 Searching 'auto repair' in Bridgeport...
  🔍 Searching 'food truck' in Bridgeport...

📍 Processing Town: MILFORD (Priority Target)
  🔍 Searching 'restaurant' in Milford...
  🔍 Searching 'deli' in Milford...
  🔍 Searching 'bakery' in Milford...
  🔍 Searching 'cafe' in Milford...
  🔍 Searching 'salon' in Milford...
  🔍 Searching 'barbershop' in Milford...
  🔍 Searching 'nail salon' in Milford...
  🔍 Searching 'grocery' in Milford...
  🔍 Searching 'laundromat' in Milford...
  🔍 Searching 'dry cleaner' in Milford...
  🔍 Searching 'auto repair' in Milford...
  🔍 Searching 'food truck' in Milford...

📍 Processing Town: ORANGE (Priority Target)
  🔍 Searching 'restaurant' in Orange...
  🔍 Searching 'deli' in Orange...
  🔍 Searching 'bakery' in Orange...
  🔍 Searching 'cafe' in Orange...
  🔍 Searching 'salon' in Orange...
  🔍 Searching 'barbershop' in Orange...
  🔍 Searching 'nail salon' in Orange...
  🔍 Searching 'grocery' in Orange...
  🔍 Searching 'laundromat' in Orange...
  🔍 Searching 'dry cleaner' in Orange...
  🔍 Searching 'auto repair' in Orange...
  🔍 Searching 'food truck' in Orange...

📍 Processing Town: SHELTON (Priority Target)
  🔍 Searching 'restaurant' in Shelton...
  🔍 Searching 'deli' in Shelton...
  🔍 Searching 'bakery' in Shelton...
  🔍 Searching 'cafe' in Shelton...
  🔍 Searching 'salon' in Shelton...
  🔍 Searching 'barbershop' in Shelton...
  🔍 Searching 'nail salon' in Shelton...
  🔍 Searching 'grocery' in Shelton...
  🔍 Searching 'laundromat' in Shelton...
  🔍 Searching 'dry cleaner' in Shelton...
  🔍 Searching 'auto repair' in Shelton...
  🔍 Searching 'food truck' in Shelton...

📍 Processing Town: BETHEL (Priority Target)
  🔍 Searching 'restaurant' in Bethel...
  🔍 Searching 'deli' in Bethel...
  🔍 Searching 'bakery' in Bethel...
  🔍 Searching 'cafe' in Bethel...
  🔍 Searching 'salon' in Bethel...
  🔍 Searching 'barbershop' in Bethel...
  🔍 Searching 'nail salon' in Bethel...
  🔍 Searching 'grocery' in Bethel...
  🔍 Searching 'laundromat' in Bethel...
  🔍 Searching 'dry cleaner' in Bethel...
  🔍 Searching 'auto repair' in Bethel...
  🔍 Searching 'food truck' in Bethel...

📍 Processing Town: DANBURY (Priority Target)
  🔍 Searching 'restaurant' in Danbury...
  🔍 Searching 'deli' in Danbury...
  🔍 Searching 'bakery' in Danbury...
  🔍 Searching 'cafe' in Danbury...
  🔍 Searching 'salon' in Danbury...
  🔍 Searching 'barbershop' in Danbury...
  🔍 Searching 'nail salon' in Danbury...
  🔍 Searching 'grocery' in Danbury...
  🔍 Searching 'laundromat' in Danbury...
  🔍 Searching 'dry cleaner' in Danbury...
  🔍 Searching 'auto repair' in Danbury...
  🔍 Searching 'food truck' in Danbury...

📍 Processing Town: NEWTOWN (Priority Target)
  🔍 Searching 'restaurant' in Newtown...
  🔍 Searching 'deli' in Newtown...
  🔍 Searching 'bakery' in Newtown...
  🔍 Searching 'cafe' in Newtown...
  🔍 Searching 'salon' in Newtown...
  🔍 Searching 'barbershop' in Newtown...
  🔍 Searching 'nail salon' in Newtown...
  🔍 Searching 'grocery' in Newtown...
  🔍 Searching 'laundromat' in Newtown...
  🔍 Searching 'dry cleaner' in Newtown...
  🔍 Searching 'auto repair' in Newtown...
  🔍 Searching 'food truck' in Newtown...

📍 Processing Town: MONROE (Priority Target)
  🔍 Searching 'restaurant' in Monroe...
  🔍 Searching 'deli' in Monroe...
  🔍 Searching 'bakery' in Monroe...
  🔍 Searching 'cafe' in Monroe...
  🔍 Searching 'salon' in Monroe...
  🔍 Searching 'barbershop' in Monroe...
  🔍 Searching 'nail salon' in Monroe...
  🔍 Searching 'grocery' in Monroe...
  🔍 Searching 'laundromat' in Monroe...
  🔍 Searching 'dry cleaner' in Monroe...
  🔍 Searching 'auto repair' in Monroe...
  🔍 Searching 'food truck' in Monroe...
✅ Saved 48 website-verified email lead entries to 'local_business_leads.csv'.
🔑 Authenticating with Google Sheets API...
📤 Uploading 48 verified email leads to Google Sheet (Zero Email-less Rows)...
✅ Successfully updated live Google Sheet with ONLY verified email leads!
🔗 View Sheet: https://docs.google.com/spreadsheets/d/1twWEsJ6jpAUEDd0zpF8lWOgkNoFWPjpRrlZV34gqkn4/edit?gid=0#gid=0
✅ Pass #4 complete! Synced 48 verified email leads live.
💤 Resting 60 seconds before Pass #5...


🚀 --- Starting Overnight Pass #5 ---

📍 Processing Town: NORWALK (Priority Target)
  🔍 Searching 'restaurant' in Norwalk...
  🔍 Searching 'deli' in Norwalk...
  🔍 Searching 'bakery' in Norwalk...
  🔍 Searching 'cafe' in Norwalk...
  🔍 Searching 'salon' in Norwalk...
  🔍 Searching 'barbershop' in Norwalk...
  🔍 Searching 'nail salon' in Norwalk...
  🔍 Searching 'grocery' in Norwalk...
  🔍 Searching 'laundromat' in Norwalk...
  🔍 Searching 'dry cleaner' in Norwalk...
  🔍 Searching 'auto repair' in Norwalk...
  🔍 Searching 'food truck' in Norwalk...

📍 Processing Town: WILTON (Priority Target)
  🔍 Searching 'restaurant' in Wilton...
  🔍 Searching 'deli' in Wilton...
  🔍 Searching 'bakery' in Wilton...
  🔍 Searching 'cafe' in Wilton...
  🔍 Searching 'salon' in Wilton...
  🔍 Searching 'barbershop' in Wilton...
  🔍 Searching 'nail salon' in Wilton...
  🔍 Searching 'grocery' in Wilton...
  🔍 Searching 'laundromat' in Wilton...
  🔍 Searching 'dry cleaner' in Wilton...
  🔍 Searching 'auto repair' in Wilton...
  🔍 Searching 'food truck' in Wilton...

📍 Processing Town: DARIEN (Priority Target)
  🔍 Searching 'restaurant' in Darien...
  🔍 Searching 'deli' in Darien...
  🔍 Searching 'bakery' in Darien...
  🔍 Searching 'cafe' in Darien...
  🔍 Searching 'salon' in Darien...
  🔍 Searching 'barbershop' in Darien...
  🔍 Searching 'nail salon' in Darien...
  🔍 Searching 'grocery' in Darien...
  🔍 Searching 'laundromat' in Darien...
  🔍 Searching 'dry cleaner' in Darien...
  🔍 Searching 'auto repair' in Darien...
  🔍 Searching 'food truck' in Darien...

📍 Processing Town: WESTPORT (Priority Target)
  🔍 Searching 'restaurant' in Westport...
  🔍 Searching 'deli' in Westport...
  🔍 Searching 'bakery' in Westport...
  🔍 Searching 'cafe' in Westport...
  🔍 Searching 'salon' in Westport...
  🔍 Searching 'barbershop' in Westport...
  🔍 Searching 'nail salon' in Westport...
  🔍 Searching 'grocery' in Westport...
  🔍 Searching 'laundromat' in Westport...
  🔍 Searching 'dry cleaner' in Westport...
  🔍 Searching 'auto repair' in Westport...
  🔍 Searching 'food truck' in Westport...

📍 Processing Town: FAIRFIELD (Priority Target)
  🔍 Searching 'restaurant' in Fairfield...
  🔍 Searching 'deli' in Fairfield...
  🔍 Searching 'bakery' in Fairfield...
  🔍 Searching 'cafe' in Fairfield...
  🔍 Searching 'salon' in Fairfield...
  🔍 Searching 'barbershop' in Fairfield...
  🔍 Searching 'nail salon' in Fairfield...
  🔍 Searching 'grocery' in Fairfield...
  🔍 Searching 'laundromat' in Fairfield...
  🔍 Searching 'dry cleaner' in Fairfield...
  🔍 Searching 'auto repair' in Fairfield...
  🔍 Searching 'food truck' in Fairfield...

📍 Processing Town: RIDGEFIELD (Priority Target)
  🔍 Searching 'restaurant' in Ridgefield...
  🔍 Searching 'deli' in Ridgefield...
  🔍 Searching 'bakery' in Ridgefield...
  🔍 Searching 'cafe' in Ridgefield...
  🔍 Searching 'salon' in Ridgefield...
  🔍 Searching 'barbershop' in Ridgefield...
  🔍 Searching 'nail salon' in Ridgefield...
  🔍 Searching 'grocery' in Ridgefield...
  🔍 Searching 'laundromat' in Ridgefield...
  🔍 Searching 'dry cleaner' in Ridgefield...
  🔍 Searching 'auto repair' in Ridgefield...
  🔍 Searching 'food truck' in Ridgefield...

📍 Processing Town: WESTON (Priority Target)
  🔍 Searching 'restaurant' in Weston...
  🔍 Searching 'deli' in Weston...
  🔍 Searching 'bakery' in Weston...
  🔍 Searching 'cafe' in Weston...
  🔍 Searching 'salon' in Weston...
  🔍 Searching 'barbershop' in Weston...
  🔍 Searching 'nail salon' in Weston...
  🔍 Searching 'grocery' in Weston...
  🔍 Searching 'laundromat' in Weston...
  🔍 Searching 'dry cleaner' in Weston...
  🔍 Searching 'auto repair' in Weston...
  🔍 Searching 'food truck' in Weston...

📍 Processing Town: TRUMBULL (Priority Target)
  🔍 Searching 'restaurant' in Trumbull...
  🔍 Searching 'deli' in Trumbull...
  🔍 Searching 'bakery' in Trumbull...
  🔍 Searching 'cafe' in Trumbull...
  🔍 Searching 'salon' in Trumbull...
  🔍 Searching 'barbershop' in Trumbull...
  🔍 Searching 'nail salon' in Trumbull...
  🔍 Searching 'grocery' in Trumbull...
  🔍 Searching 'laundromat' in Trumbull...
  🔍 Searching 'dry cleaner' in Trumbull...
  🔍 Searching 'auto repair' in Trumbull...
  🔍 Searching 'food truck' in Trumbull...

📍 Processing Town: STRATFORD (Priority Target)
  🔍 Searching 'restaurant' in Stratford...
  🔍 Searching 'deli' in Stratford...
  🔍 Searching 'bakery' in Stratford...
  🔍 Searching 'cafe' in Stratford...
  🔍 Searching 'salon' in Stratford...
  🔍 Searching 'barbershop' in Stratford...
  🔍 Searching 'nail salon' in Stratford...
  🔍 Searching 'grocery' in Stratford...
  🔍 Searching 'laundromat' in Stratford...
  🔍 Searching 'dry cleaner' in Stratford...
  🔍 Searching 'auto repair' in Stratford...
  🔍 Searching 'food truck' in Stratford...

📍 Processing Town: BRIDGEPORT (Priority Target)
  🔍 Searching 'restaurant' in Bridgeport...
  🔍 Searching 'deli' in Bridgeport...
  🔍 Searching 'bakery' in Bridgeport...
  🔍 Searching 'cafe' in Bridgeport...
  🔍 Searching 'salon' in Bridgeport...
  🔍 Searching 'barbershop' in Bridgeport...
  🔍 Searching 'nail salon' in Bridgeport...
  🔍 Searching 'grocery' in Bridgeport...
  🔍 Searching 'laundromat' in Bridgeport...
  🔍 Searching 'dry cleaner' in Bridgeport...
  🔍 Searching 'auto repair' in Bridgeport...
  🔍 Searching 'food truck' in Bridgeport...

📍 Processing Town: MILFORD (Priority Target)
  🔍 Searching 'restaurant' in Milford...
  🔍 Searching 'deli' in Milford...
  🔍 Searching 'bakery' in Milford...
  🔍 Searching 'cafe' in Milford...
  🔍 Searching 'salon' in Milford...
  🔍 Searching 'barbershop' in Milford...
  🔍 Searching 'nail salon' in Milford...
  🔍 Searching 'grocery' in Milford...
  🔍 Searching 'laundromat' in Milford...
  🔍 Searching 'dry cleaner' in Milford...
  🔍 Searching 'auto repair' in Milford...
  🔍 Searching 'food truck' in Milford...

📍 Processing Town: ORANGE (Priority Target)
  🔍 Searching 'restaurant' in Orange...
  🔍 Searching 'deli' in Orange...
  🔍 Searching 'bakery' in Orange...
  🔍 Searching 'cafe' in Orange...
  🔍 Searching 'salon' in Orange...
  🔍 Searching 'barbershop' in Orange...
  🔍 Searching 'nail salon' in Orange...
  🔍 Searching 'grocery' in Orange...
  🔍 Searching 'laundromat' in Orange...
  🔍 Searching 'dry cleaner' in Orange...
  🔍 Searching 'auto repair' in Orange...
  🔍 Searching 'food truck' in Orange...

📍 Processing Town: SHELTON (Priority Target)
  🔍 Searching 'restaurant' in Shelton...
  🔍 Searching 'deli' in Shelton...
  🔍 Searching 'bakery' in Shelton...
  🔍 Searching 'cafe' in Shelton...
  🔍 Searching 'salon' in Shelton...
  🔍 Searching 'barbershop' in Shelton...
  🔍 Searching 'nail salon' in Shelton...
  🔍 Searching 'grocery' in Shelton...
  🔍 Searching 'laundromat' in Shelton...
  🔍 Searching 'dry cleaner' in Shelton...
  🔍 Searching 'auto repair' in Shelton...
  🔍 Searching 'food truck' in Shelton...

📍 Processing Town: BETHEL (Priority Target)
  🔍 Searching 'restaurant' in Bethel...
  🔍 Searching 'deli' in Bethel...
  🔍 Searching 'bakery' in Bethel...
  🔍 Searching 'cafe' in Bethel...
  🔍 Searching 'salon' in Bethel...
  🔍 Searching 'barbershop' in Bethel...
  🔍 Searching 'nail salon' in Bethel...
  🔍 Searching 'grocery' in Bethel...
  🔍 Searching 'laundromat' in Bethel...
  🔍 Searching 'dry cleaner' in Bethel...
  🔍 Searching 'auto repair' in Bethel...
  🔍 Searching 'food truck' in Bethel...

📍 Processing Town: DANBURY (Priority Target)
  🔍 Searching 'restaurant' in Danbury...
  🔍 Searching 'deli' in Danbury...
  🔍 Searching 'bakery' in Danbury...
  🔍 Searching 'cafe' in Danbury...
  🔍 Searching 'salon' in Danbury...
  🔍 Searching 'barbershop' in Danbury...
  🔍 Searching 'nail salon' in Danbury...
  🔍 Searching 'grocery' in Danbury...
  🔍 Searching 'laundromat' in Danbury...
  🔍 Searching 'dry cleaner' in Danbury...
  🔍 Searching 'auto repair' in Danbury...
  🔍 Searching 'food truck' in Danbury...

📍 Processing Town: NEWTOWN (Priority Target)
  🔍 Searching 'restaurant' in Newtown...
  🔍 Searching 'deli' in Newtown...
  🔍 Searching 'bakery' in Newtown...
  🔍 Searching 'cafe' in Newtown...
  🔍 Searching 'salon' in Newtown...
  🔍 Searching 'barbershop' in Newtown...
  🔍 Searching 'nail salon' in Newtown...
  🔍 Searching 'grocery' in Newtown...
  🔍 Searching 'laundromat' in Newtown...
  🔍 Searching 'dry cleaner' in Newtown...
  🔍 Searching 'auto repair' in Newtown...
  🔍 Searching 'food truck' in Newtown...

📍 Processing Town: MONROE (Priority Target)
  🔍 Searching 'restaurant' in Monroe...
  🔍 Searching 'deli' in Monroe...
  🔍 Searching 'bakery' in Monroe...
  🔍 Searching 'cafe' in Monroe...
  🔍 Searching 'salon' in Monroe...
  🔍 Searching 'barbershop' in Monroe...
  🔍 Searching 'nail salon' in Monroe...
  🔍 Searching 'grocery' in Monroe...
  🔍 Searching 'laundromat' in Monroe...
  🔍 Searching 'dry cleaner' in Monroe...
  🔍 Searching 'auto repair' in Monroe...
  🔍 Searching 'food truck' in Monroe...
✅ Saved 66 website-verified email lead entries to 'local_business_leads.csv'.
🔑 Authenticating with Google Sheets API...
📤 Uploading 66 verified email leads to Google Sheet (Zero Email-less Rows)...
✅ Successfully updated live Google Sheet with ONLY verified email leads!
🔗 View Sheet: https://docs.google.com/spreadsheets/d/1twWEsJ6jpAUEDd0zpF8lWOgkNoFWPjpRrlZV34gqkn4/edit?gid=0#gid=0
✅ Pass #5 complete! Synced 66 verified email leads live.
💤 Resting 60 seconds before Pass #6...


🚀 --- Starting Overnight Pass #6 ---

📍 Processing Town: NORWALK (Priority Target)
  🔍 Searching 'restaurant' in Norwalk...
  🔍 Searching 'deli' in Norwalk...
  🔍 Searching 'bakery' in Norwalk...
  🔍 Searching 'cafe' in Norwalk...
  🔍 Searching 'salon' in Norwalk...
  🔍 Searching 'barbershop' in Norwalk...
  🔍 Searching 'nail salon' in Norwalk...
  🔍 Searching 'grocery' in Norwalk...
  🔍 Searching 'laundromat' in Norwalk...
  🔍 Searching 'dry cleaner' in Norwalk...
  🔍 Searching 'auto repair' in Norwalk...
  🔍 Searching 'food truck' in Norwalk...

📍 Processing Town: WILTON (Priority Target)
  🔍 Searching 'restaurant' in Wilton...
  🔍 Searching 'deli' in Wilton...
  🔍 Searching 'bakery' in Wilton...
  🔍 Searching 'cafe' in Wilton...
  🔍 Searching 'salon' in Wilton...
  🔍 Searching 'barbershop' in Wilton...
  🔍 Searching 'nail salon' in Wilton...
  🔍 Searching 'grocery' in Wilton...
  🔍 Searching 'laundromat' in Wilton...
  🔍 Searching 'dry cleaner' in Wilton...
  🔍 Searching 'auto repair' in Wilton...
  🔍 Searching 'food truck' in Wilton...

📍 Processing Town: DARIEN (Priority Target)
  🔍 Searching 'restaurant' in Darien...
  🔍 Searching 'deli' in Darien...
  🔍 Searching 'bakery' in Darien...
  🔍 Searching 'cafe' in Darien...
  🔍 Searching 'salon' in Darien...
  🔍 Searching 'barbershop' in Darien...
  🔍 Searching 'nail salon' in Darien...
  🔍 Searching 'grocery' in Darien...
  🔍 Searching 'laundromat' in Darien...
  🔍 Searching 'dry cleaner' in Darien...
  🔍 Searching 'auto repair' in Darien...
  🔍 Searching 'food truck' in Darien...

📍 Processing Town: WESTPORT (Priority Target)
  🔍 Searching 'restaurant' in Westport...
  🔍 Searching 'deli' in Westport...
  🔍 Searching 'bakery' in Westport...
  🔍 Searching 'cafe' in Westport...
  🔍 Searching 'salon' in Westport...
  🔍 Searching 'barbershop' in Westport...
  🔍 Searching 'nail salon' in Westport...
  🔍 Searching 'grocery' in Westport...
  🔍 Searching 'laundromat' in Westport...
  🔍 Searching 'dry cleaner' in Westport...
  🔍 Searching 'auto repair' in Westport...
  🔍 Searching 'food truck' in Westport...

📍 Processing Town: FAIRFIELD (Priority Target)
  🔍 Searching 'restaurant' in Fairfield...
  🔍 Searching 'deli' in Fairfield...
  🔍 Searching 'bakery' in Fairfield...
  🔍 Searching 'cafe' in Fairfield...
  🔍 Searching 'salon' in Fairfield...
  🔍 Searching 'barbershop' in Fairfield...
  🔍 Searching 'nail salon' in Fairfield...
  🔍 Searching 'grocery' in Fairfield...
  🔍 Searching 'laundromat' in Fairfield...
  🔍 Searching 'dry cleaner' in Fairfield...
  🔍 Searching 'auto repair' in Fairfield...
  🔍 Searching 'food truck' in Fairfield...

📍 Processing Town: RIDGEFIELD (Priority Target)
  🔍 Searching 'restaurant' in Ridgefield...
  🔍 Searching 'deli' in Ridgefield...
  🔍 Searching 'bakery' in Ridgefield...
  🔍 Searching 'cafe' in Ridgefield...
  🔍 Searching 'salon' in Ridgefield...
  🔍 Searching 'barbershop' in Ridgefield...
  🔍 Searching 'nail salon' in Ridgefield...
  🔍 Searching 'grocery' in Ridgefield...
  🔍 Searching 'laundromat' in Ridgefield...
  🔍 Searching 'dry cleaner' in Ridgefield...
  🔍 Searching 'auto repair' in Ridgefield...
  🔍 Searching 'food truck' in Ridgefield...

📍 Processing Town: WESTON (Priority Target)
  🔍 Searching 'restaurant' in Weston...
  🔍 Searching 'deli' in Weston...
  🔍 Searching 'bakery' in Weston...
  🔍 Searching 'cafe' in Weston...
  🔍 Searching 'salon' in Weston...
  🔍 Searching 'barbershop' in Weston...
  🔍 Searching 'nail salon' in Weston...
  🔍 Searching 'grocery' in Weston...
  🔍 Searching 'laundromat' in Weston...
  🔍 Searching 'dry cleaner' in Weston...
  🔍 Searching 'auto repair' in Weston...
  🔍 Searching 'food truck' in Weston...

📍 Processing Town: TRUMBULL (Priority Target)
  🔍 Searching 'restaurant' in Trumbull...
  🔍 Searching 'deli' in Trumbull...
  🔍 Searching 'bakery' in Trumbull...
  🔍 Searching 'cafe' in Trumbull...
  🔍 Searching 'salon' in Trumbull...
  🔍 Searching 'barbershop' in Trumbull...
  🔍 Searching 'nail salon' in Trumbull...
  🔍 Searching 'grocery' in Trumbull...
  🔍 Searching 'laundromat' in Trumbull...
  🔍 Searching 'dry cleaner' in Trumbull...
  🔍 Searching 'auto repair' in Trumbull...
  🔍 Searching 'food truck' in Trumbull...

📍 Processing Town: STRATFORD (Priority Target)
  🔍 Searching 'restaurant' in Stratford...
  🔍 Searching 'deli' in Stratford...
  🔍 Searching 'bakery' in Stratford...
  🔍 Searching 'cafe' in Stratford...
  🔍 Searching 'salon' in Stratford...
  🔍 Searching 'barbershop' in Stratford...
  🔍 Searching 'nail salon' in Stratford...
  🔍 Searching 'grocery' in Stratford...
  🔍 Searching 'laundromat' in Stratford...
  🔍 Searching 'dry cleaner' in Stratford...
  🔍 Searching 'auto repair' in Stratford...
  🔍 Searching 'food truck' in Stratford...

📍 Processing Town: BRIDGEPORT (Priority Target)
  🔍 Searching 'restaurant' in Bridgeport...
  🔍 Searching 'deli' in Bridgeport...
  🔍 Searching 'bakery' in Bridgeport...
  🔍 Searching 'cafe' in Bridgeport...
  🔍 Searching 'salon' in Bridgeport...
  🔍 Searching 'barbershop' in Bridgeport...
  🔍 Searching 'nail salon' in Bridgeport...
  🔍 Searching 'grocery' in Bridgeport...
  🔍 Searching 'laundromat' in Bridgeport...
  🔍 Searching 'dry cleaner' in Bridgeport...
  🔍 Searching 'auto repair' in Bridgeport...
  🔍 Searching 'food truck' in Bridgeport...

📍 Processing Town: MILFORD (Priority Target)
  🔍 Searching 'restaurant' in Milford...
  🔍 Searching 'deli' in Milford...
  🔍 Searching 'bakery' in Milford...
  🔍 Searching 'cafe' in Milford...
  🔍 Searching 'salon' in Milford...
  🔍 Searching 'barbershop' in Milford...
  🔍 Searching 'nail salon' in Milford...
  🔍 Searching 'grocery' in Milford...
  🔍 Searching 'laundromat' in Milford...
  🔍 Searching 'dry cleaner' in Milford...
  🔍 Searching 'auto repair' in Milford...
  🔍 Searching 'food truck' in Milford...

📍 Processing Town: ORANGE (Priority Target)
  🔍 Searching 'restaurant' in Orange...
  🔍 Searching 'deli' in Orange...
  🔍 Searching 'bakery' in Orange...
  🔍 Searching 'cafe' in Orange...
  🔍 Searching 'salon' in Orange...
  🔍 Searching 'barbershop' in Orange...
  🔍 Searching 'nail salon' in Orange...
  🔍 Searching 'grocery' in Orange...
  🔍 Searching 'laundromat' in Orange...
  🔍 Searching 'dry cleaner' in Orange...
  🔍 Searching 'auto repair' in Orange...
  🔍 Searching 'food truck' in Orange...

📍 Processing Town: SHELTON (Priority Target)
  🔍 Searching 'restaurant' in Shelton...
  🔍 Searching 'deli' in Shelton...
  🔍 Searching 'bakery' in Shelton...
  🔍 Searching 'cafe' in Shelton...
  🔍 Searching 'salon' in Shelton...
  🔍 Searching 'barbershop' in Shelton...
  🔍 Searching 'nail salon' in Shelton...
  🔍 Searching 'grocery' in Shelton...
  🔍 Searching 'laundromat' in Shelton...
  🔍 Searching 'dry cleaner' in Shelton...
  🔍 Searching 'auto repair' in Shelton...
  🔍 Searching 'food truck' in Shelton...

📍 Processing Town: BETHEL (Priority Target)
  🔍 Searching 'restaurant' in Bethel...
  🔍 Searching 'deli' in Bethel...
  🔍 Searching 'bakery' in Bethel...
  🔍 Searching 'cafe' in Bethel...
  🔍 Searching 'salon' in Bethel...
  🔍 Searching 'barbershop' in Bethel...
  🔍 Searching 'nail salon' in Bethel...
  🔍 Searching 'grocery' in Bethel...
  🔍 Searching 'laundromat' in Bethel...
  🔍 Searching 'dry cleaner' in Bethel...
  🔍 Searching 'auto repair' in Bethel...
  🔍 Searching 'food truck' in Bethel...

📍 Processing Town: DANBURY (Priority Target)
  🔍 Searching 'restaurant' in Danbury...
  🔍 Searching 'deli' in Danbury...
  🔍 Searching 'bakery' in Danbury...
  🔍 Searching 'cafe' in Danbury...
  🔍 Searching 'salon' in Danbury...
  🔍 Searching 'barbershop' in Danbury...
  🔍 Searching 'nail salon' in Danbury...
  🔍 Searching 'grocery' in Danbury...
  🔍 Searching 'laundromat' in Danbury...
  🔍 Searching 'dry cleaner' in Danbury...
  🔍 Searching 'auto repair' in Danbury...
  🔍 Searching 'food truck' in Danbury...

📍 Processing Town: NEWTOWN (Priority Target)
  🔍 Searching 'restaurant' in Newtown...
  🔍 Searching 'deli' in Newtown...
  🔍 Searching 'bakery' in Newtown...
  🔍 Searching 'cafe' in Newtown...
  🔍 Searching 'salon' in Newtown...
  🔍 Searching 'barbershop' in Newtown...
  🔍 Searching 'nail salon' in Newtown...
  🔍 Searching 'grocery' in Newtown...
  🔍 Searching 'laundromat' in Newtown...
  🔍 Searching 'dry cleaner' in Newtown...
  🔍 Searching 'auto repair' in Newtown...
  🔍 Searching 'food truck' in Newtown...

📍 Processing Town: MONROE (Priority Target)
  🔍 Searching 'restaurant' in Monroe...
  🔍 Searching 'deli' in Monroe...
  🔍 Searching 'bakery' in Monroe...
  🔍 Searching 'cafe' in Monroe...
  🔍 Searching 'salon' in Monroe...
  🔍 Searching 'barbershop' in Monroe...
  🔍 Searching 'nail salon' in Monroe...
  🔍 Searching 'grocery' in Monroe...
  🔍 Searching 'laundromat' in Monroe...
  🔍 Searching 'dry cleaner' in Monroe...
  🔍 Searching 'auto repair' in Monroe...
  🔍 Searching 'food truck' in Monroe...
✅ Saved 71 website-verified email lead entries to 'local_business_leads.csv'.
🔑 Authenticating with Google Sheets API...
📤 Uploading 71 verified email leads to Google Sheet (Zero Email-less Rows)...
✅ Successfully updated live Google Sheet with ONLY verified email leads!
🔗 View Sheet: https://docs.google.com/spreadsheets/d/1twWEsJ6jpAUEDd0zpF8lWOgkNoFWPjpRrlZV34gqkn4/edit?gid=0#gid=0
✅ Pass #6 complete! Synced 71 verified email leads live.
💤 Resting 60 seconds before Pass #7...


🚀 --- Starting Overnight Pass #7 ---

📍 Processing Town: NORWALK (Priority Target)
  🔍 Searching 'restaurant' in Norwalk...
  🔍 Searching 'deli' in Norwalk...
  🔍 Searching 'bakery' in Norwalk...
  🔍 Searching 'cafe' in Norwalk...
  🔍 Searching 'salon' in Norwalk...
  🔍 Searching 'barbershop' in Norwalk...
  🔍 Searching 'nail salon' in Norwalk...
  🔍 Searching 'grocery' in Norwalk...
  🔍 Searching 'laundromat' in Norwalk...
  🔍 Searching 'dry cleaner' in Norwalk...
  🔍 Searching 'auto repair' in Norwalk...
  🔍 Searching 'food truck' in Norwalk...

📍 Processing Town: WILTON (Priority Target)
  🔍 Searching 'restaurant' in Wilton...
  🔍 Searching 'deli' in Wilton...
  🔍 Searching 'bakery' in Wilton...
  🔍 Searching 'cafe' in Wilton...
  🔍 Searching 'salon' in Wilton...
  🔍 Searching 'barbershop' in Wilton...
  🔍 Searching 'nail salon' in Wilton...
  🔍 Searching 'grocery' in Wilton...
  🔍 Searching 'laundromat' in Wilton...
  🔍 Searching 'dry cleaner' in Wilton...
  🔍 Searching 'auto repair' in Wilton...
  🔍 Searching 'food truck' in Wilton...

📍 Processing Town: DARIEN (Priority Target)
  🔍 Searching 'restaurant' in Darien...
  🔍 Searching 'deli' in Darien...
  🔍 Searching 'bakery' in Darien...
  🔍 Searching 'cafe' in Darien...
  🔍 Searching 'salon' in Darien...
  🔍 Searching 'barbershop' in Darien...
  🔍 Searching 'nail salon' in Darien...
  🔍 Searching 'grocery' in Darien...
  🔍 Searching 'laundromat' in Darien...
  🔍 Searching 'dry cleaner' in Darien...
  🔍 Searching 'auto repair' in Darien...
  🔍 Searching 'food truck' in Darien...

📍 Processing Town: WESTPORT (Priority Target)
  🔍 Searching 'restaurant' in Westport...
  🔍 Searching 'deli' in Westport...
  🔍 Searching 'bakery' in Westport...
  🔍 Searching 'cafe' in Westport...
  🔍 Searching 'salon' in Westport...
  🔍 Searching 'barbershop' in Westport...
  🔍 Searching 'nail salon' in Westport...
  🔍 Searching 'grocery' in Westport...
  🔍 Searching 'laundromat' in Westport...
  🔍 Searching 'dry cleaner' in Westport...
  🔍 Searching 'auto repair' in Westport...
  🔍 Searching 'food truck' in Westport...

📍 Processing Town: FAIRFIELD (Priority Target)
  🔍 Searching 'restaurant' in Fairfield...
  🔍 Searching 'deli' in Fairfield...
  🔍 Searching 'bakery' in Fairfield...
  🔍 Searching 'cafe' in Fairfield...
  🔍 Searching 'salon' in Fairfield...
  🔍 Searching 'barbershop' in Fairfield...
  🔍 Searching 'nail salon' in Fairfield...
  🔍 Searching 'grocery' in Fairfield...
  🔍 Searching 'laundromat' in Fairfield...
  🔍 Searching 'dry cleaner' in Fairfield...
  🔍 Searching 'auto repair' in Fairfield...
  🔍 Searching 'food truck' in Fairfield...

📍 Processing Town: RIDGEFIELD (Priority Target)
  🔍 Searching 'restaurant' in Ridgefield...
  🔍 Searching 'deli' in Ridgefield...
  🔍 Searching 'bakery' in Ridgefield...
  🔍 Searching 'cafe' in Ridgefield...
  🔍 Searching 'salon' in Ridgefield...
  🔍 Searching 'barbershop' in Ridgefield...
  🔍 Searching 'nail salon' in Ridgefield...
  🔍 Searching 'grocery' in Ridgefield...
  🔍 Searching 'laundromat' in Ridgefield...
  🔍 Searching 'dry cleaner' in Ridgefield...
  🔍 Searching 'auto repair' in Ridgefield...
  🔍 Searching 'food truck' in Ridgefield...

📍 Processing Town: WESTON (Priority Target)
  🔍 Searching 'restaurant' in Weston...
  🔍 Searching 'deli' in Weston...
  🔍 Searching 'bakery' in Weston...
  🔍 Searching 'cafe' in Weston...
  🔍 Searching 'salon' in Weston...
  🔍 Searching 'barbershop' in Weston...
  🔍 Searching 'nail salon' in Weston...
  🔍 Searching 'grocery' in Weston...
  🔍 Searching 'laundromat' in Weston...
  🔍 Searching 'dry cleaner' in Weston...
  🔍 Searching 'auto repair' in Weston...
  🔍 Searching 'food truck' in Weston...

📍 Processing Town: TRUMBULL (Priority Target)
  🔍 Searching 'restaurant' in Trumbull...
  🔍 Searching 'deli' in Trumbull...
  🔍 Searching 'bakery' in Trumbull...
  🔍 Searching 'cafe' in Trumbull...
  🔍 Searching 'salon' in Trumbull...
  🔍 Searching 'barbershop' in Trumbull...
  🔍 Searching 'nail salon' in Trumbull...
  🔍 Searching 'grocery' in Trumbull...
  🔍 Searching 'laundromat' in Trumbull...
  🔍 Searching 'dry cleaner' in Trumbull...
  🔍 Searching 'auto repair' in Trumbull...
  🔍 Searching 'food truck' in Trumbull...

📍 Processing Town: STRATFORD (Priority Target)
  🔍 Searching 'restaurant' in Stratford...
  🔍 Searching 'deli' in Stratford...
  🔍 Searching 'bakery' in Stratford...
  🔍 Searching 'cafe' in Stratford...
  🔍 Searching 'salon' in Stratford...
  🔍 Searching 'barbershop' in Stratford...
  🔍 Searching 'nail salon' in Stratford...
  🔍 Searching 'grocery' in Stratford...
  🔍 Searching 'laundromat' in Stratford...
  🔍 Searching 'dry cleaner' in Stratford...
  🔍 Searching 'auto repair' in Stratford...
  🔍 Searching 'food truck' in Stratford...

📍 Processing Town: BRIDGEPORT (Priority Target)
  🔍 Searching 'restaurant' in Bridgeport...
  🔍 Searching 'deli' in Bridgeport...
  🔍 Searching 'bakery' in Bridgeport...
  🔍 Searching 'cafe' in Bridgeport...
  🔍 Searching 'salon' in Bridgeport...
  🔍 Searching 'barbershop' in Bridgeport...
  🔍 Searching 'nail salon' in Bridgeport...
  🔍 Searching 'grocery' in Bridgeport...
  🔍 Searching 'laundromat' in Bridgeport...
  🔍 Searching 'dry cleaner' in Bridgeport...
  🔍 Searching 'auto repair' in Bridgeport...
  🔍 Searching 'food truck' in Bridgeport...

📍 Processing Town: MILFORD (Priority Target)
  🔍 Searching 'restaurant' in Milford...
  🔍 Searching 'deli' in Milford...
  🔍 Searching 'bakery' in Milford...
  🔍 Searching 'cafe' in Milford...
  🔍 Searching 'salon' in Milford...
  🔍 Searching 'barbershop' in Milford...
  🔍 Searching 'nail salon' in Milford...
  🔍 Searching 'grocery' in Milford...
  🔍 Searching 'laundromat' in Milford...
  🔍 Searching 'dry cleaner' in Milford...
  🔍 Searching 'auto repair' in Milford...
  🔍 Searching 'food truck' in Milford...

📍 Processing Town: ORANGE (Priority Target)
  🔍 Searching 'restaurant' in Orange...
  🔍 Searching 'deli' in Orange...
  🔍 Searching 'bakery' in Orange...
  🔍 Searching 'cafe' in Orange...
  🔍 Searching 'salon' in Orange...
  🔍 Searching 'barbershop' in Orange...
  🔍 Searching 'nail salon' in Orange...
  🔍 Searching 'grocery' in Orange...
  🔍 Searching 'laundromat' in Orange...
  🔍 Searching 'dry cleaner' in Orange...
  🔍 Searching 'auto repair' in Orange...
  🔍 Searching 'food truck' in Orange...

📍 Processing Town: SHELTON (Priority Target)
  🔍 Searching 'restaurant' in Shelton...
  🔍 Searching 'deli' in Shelton...
  🔍 Searching 'bakery' in Shelton...
  🔍 Searching 'cafe' in Shelton...
  🔍 Searching 'salon' in Shelton...
  🔍 Searching 'barbershop' in Shelton...
  🔍 Searching 'nail salon' in Shelton...
  🔍 Searching 'grocery' in Shelton...
  🔍 Searching 'laundromat' in Shelton...
  🔍 Searching 'dry cleaner' in Shelton...
  🔍 Searching 'auto repair' in Shelton...
  🔍 Searching 'food truck' in Shelton...

📍 Processing Town: BETHEL (Priority Target)
  🔍 Searching 'restaurant' in Bethel...
  🔍 Searching 'deli' in Bethel...
  🔍 Searching 'bakery' in Bethel...
  🔍 Searching 'cafe' in Bethel...
  🔍 Searching 'salon' in Bethel...
  🔍 Searching 'barbershop' in Bethel...
  🔍 Searching 'nail salon' in Bethel...
  🔍 Searching 'grocery' in Bethel...
  🔍 Searching 'laundromat' in Bethel...
  🔍 Searching 'dry cleaner' in Bethel...
  🔍 Searching 'auto repair' in Bethel...
  🔍 Searching 'food truck' in Bethel...

📍 Processing Town: DANBURY (Priority Target)
  🔍 Searching 'restaurant' in Danbury...
  🔍 Searching 'deli' in Danbury...
  🔍 Searching 'bakery' in Danbury...
  🔍 Searching 'cafe' in Danbury...
  🔍 Searching 'salon' in Danbury...
  🔍 Searching 'barbershop' in Danbury...
  🔍 Searching 'nail salon' in Danbury...
  🔍 Searching 'grocery' in Danbury...
  🔍 Searching 'laundromat' in Danbury...
  🔍 Searching 'dry cleaner' in Danbury...
  🔍 Searching 'auto repair' in Danbury...
  🔍 Searching 'food truck' in Danbury...

📍 Processing Town: NEWTOWN (Priority Target)
  🔍 Searching 'restaurant' in Newtown...
  🔍 Searching 'deli' in Newtown...
  🔍 Searching 'bakery' in Newtown...
  🔍 Searching 'cafe' in Newtown...
  🔍 Searching 'salon' in Newtown...
  🔍 Searching 'barbershop' in Newtown...
  🔍 Searching 'nail salon' in Newtown...
  🔍 Searching 'grocery' in Newtown...
  🔍 Searching 'laundromat' in Newtown...
  🔍 Searching 'dry cleaner' in Newtown...
  🔍 Searching 'auto repair' in Newtown...
  🔍 Searching 'food truck' in Newtown...

📍 Processing Town: MONROE (Priority Target)
  🔍 Searching 'restaurant' in Monroe...
  🔍 Searching 'deli' in Monroe...
  🔍 Searching 'bakery' in Monroe...
  🔍 Searching 'cafe' in Monroe...
  🔍 Searching 'salon' in Monroe...
  🔍 Searching 'barbershop' in Monroe...
  🔍 Searching 'nail salon' in Monroe...
  🔍 Searching 'grocery' in Monroe...
  🔍 Searching 'laundromat' in Monroe...
  🔍 Searching 'dry cleaner' in Monroe...
  🔍 Searching 'auto repair' in Monroe...
  🔍 Searching 'food truck' in Monroe...
✅ Saved 70 website-verified email lead entries to 'local_business_leads.csv'.
🔑 Authenticating with Google Sheets API...
📤 Uploading 70 verified email leads to Google Sheet (Zero Email-less Rows)...
✅ Successfully updated live Google Sheet with ONLY verified email leads!
🔗 View Sheet: https://docs.google.com/spreadsheets/d/1twWEsJ6jpAUEDd0zpF8lWOgkNoFWPjpRrlZV34gqkn4/edit?gid=0#gid=0
✅ Pass #7 complete! Synced 70 verified email leads live.
💤 Resting 60 seconds before Pass #8...


🚀 --- Starting Overnight Pass #8 ---

📍 Processing Town: NORWALK (Priority Target)
  🔍 Searching 'restaurant' in Norwalk...
  🔍 Searching 'deli' in Norwalk...
  🔍 Searching 'bakery' in Norwalk...
  🔍 Searching 'cafe' in Norwalk...
  🔍 Searching 'salon' in Norwalk...
  🔍 Searching 'barbershop' in Norwalk...
  🔍 Searching 'nail salon' in Norwalk...
  🔍 Searching 'grocery' in Norwalk...
  🔍 Searching 'laundromat' in Norwalk...
  🔍 Searching 'dry cleaner' in Norwalk...
  🔍 Searching 'auto repair' in Norwalk...
  🔍 Searching 'food truck' in Norwalk...

📍 Processing Town: WILTON (Priority Target)
  🔍 Searching 'restaurant' in Wilton...
  🔍 Searching 'deli' in Wilton...
  🔍 Searching 'bakery' in Wilton...
  🔍 Searching 'cafe' in Wilton...
  🔍 Searching 'salon' in Wilton...
  🔍 Searching 'barbershop' in Wilton...
  🔍 Searching 'nail salon' in Wilton...
  🔍 Searching 'grocery' in Wilton...
  🔍 Searching 'laundromat' in Wilton...
  🔍 Searching 'dry cleaner' in Wilton...
  🔍 Searching 'auto repair' in Wilton...
  🔍 Searching 'food truck' in Wilton...

📍 Processing Town: DARIEN (Priority Target)
  🔍 Searching 'restaurant' in Darien...
  🔍 Searching 'deli' in Darien...
  🔍 Searching 'bakery' in Darien...
  🔍 Searching 'cafe' in Darien...
  🔍 Searching 'salon' in Darien...
  🔍 Searching 'barbershop' in Darien...
  🔍 Searching 'nail salon' in Darien...
  🔍 Searching 'grocery' in Darien...
  🔍 Searching 'laundromat' in Darien...
  🔍 Searching 'dry cleaner' in Darien...
  🔍 Searching 'auto repair' in Darien...
  🔍 Searching 'food truck' in Darien...

📍 Processing Town: WESTPORT (Priority Target)
  🔍 Searching 'restaurant' in Westport...
  🔍 Searching 'deli' in Westport...
  🔍 Searching 'bakery' in Westport...
  🔍 Searching 'cafe' in Westport...
  🔍 Searching 'salon' in Westport...
  🔍 Searching 'barbershop' in Westport...
  🔍 Searching 'nail salon' in Westport...
  🔍 Searching 'grocery' in Westport...
  🔍 Searching 'laundromat' in Westport...
  🔍 Searching 'dry cleaner' in Westport...
  🔍 Searching 'auto repair' in Westport...
  🔍 Searching 'food truck' in Westport...

📍 Processing Town: FAIRFIELD (Priority Target)
  🔍 Searching 'restaurant' in Fairfield...
  🔍 Searching 'deli' in Fairfield...
  🔍 Searching 'bakery' in Fairfield...
  🔍 Searching 'cafe' in Fairfield...
  🔍 Searching 'salon' in Fairfield...
  🔍 Searching 'barbershop' in Fairfield...
  🔍 Searching 'nail salon' in Fairfield...
  🔍 Searching 'grocery' in Fairfield...
  🔍 Searching 'laundromat' in Fairfield...
  🔍 Searching 'dry cleaner' in Fairfield...
  🔍 Searching 'auto repair' in Fairfield...
  🔍 Searching 'food truck' in Fairfield...

📍 Processing Town: RIDGEFIELD (Priority Target)
  🔍 Searching 'restaurant' in Ridgefield...
  🔍 Searching 'deli' in Ridgefield...
  🔍 Searching 'bakery' in Ridgefield...
  🔍 Searching 'cafe' in Ridgefield...
  🔍 Searching 'salon' in Ridgefield...
  🔍 Searching 'barbershop' in Ridgefield...
  🔍 Searching 'nail salon' in Ridgefield...
  🔍 Searching 'grocery' in Ridgefield...
  🔍 Searching 'laundromat' in Ridgefield...
  🔍 Searching 'dry cleaner' in Ridgefield...
  🔍 Searching 'auto repair' in Ridgefield...
  🔍 Searching 'food truck' in Ridgefield...

📍 Processing Town: WESTON (Priority Target)
  🔍 Searching 'restaurant' in Weston...
  🔍 Searching 'deli' in Weston...
  🔍 Searching 'bakery' in Weston...
  🔍 Searching 'cafe' in Weston...
  🔍 Searching 'salon' in Weston...
  🔍 Searching 'barbershop' in Weston...
  🔍 Searching 'nail salon' in Weston...
  🔍 Searching 'grocery' in Weston...
  🔍 Searching 'laundromat' in Weston...
  🔍 Searching 'dry cleaner' in Weston...
  🔍 Searching 'auto repair' in Weston...
  🔍 Searching 'food truck' in Weston...

📍 Processing Town: TRUMBULL (Priority Target)
  🔍 Searching 'restaurant' in Trumbull...
  🔍 Searching 'deli' in Trumbull...
  🔍 Searching 'bakery' in Trumbull...
  🔍 Searching 'cafe' in Trumbull...
  🔍 Searching 'salon' in Trumbull...
  🔍 Searching 'barbershop' in Trumbull...
  🔍 Searching 'nail salon' in Trumbull...
  🔍 Searching 'grocery' in Trumbull...
  🔍 Searching 'laundromat' in Trumbull...
  🔍 Searching 'dry cleaner' in Trumbull...
  🔍 Searching 'auto repair' in Trumbull...
  🔍 Searching 'food truck' in Trumbull...

📍 Processing Town: STRATFORD (Priority Target)
  🔍 Searching 'restaurant' in Stratford...
  🔍 Searching 'deli' in Stratford...
  🔍 Searching 'bakery' in Stratford...
  🔍 Searching 'cafe' in Stratford...
  🔍 Searching 'salon' in Stratford...
  🔍 Searching 'barbershop' in Stratford...
  🔍 Searching 'nail salon' in Stratford...
  🔍 Searching 'grocery' in Stratford...
  🔍 Searching 'laundromat' in Stratford...
  🔍 Searching 'dry cleaner' in Stratford...
  🔍 Searching 'auto repair' in Stratford...
  🔍 Searching 'food truck' in Stratford...

📍 Processing Town: BRIDGEPORT (Priority Target)
  🔍 Searching 'restaurant' in Bridgeport...
  🔍 Searching 'deli' in Bridgeport...
  🔍 Searching 'bakery' in Bridgeport...
  🔍 Searching 'cafe' in Bridgeport...
  🔍 Searching 'salon' in Bridgeport...
  🔍 Searching 'barbershop' in Bridgeport...
  🔍 Searching 'nail salon' in Bridgeport...
  🔍 Searching 'grocery' in Bridgeport...
  🔍 Searching 'laundromat' in Bridgeport...
  🔍 Searching 'dry cleaner' in Bridgeport...
  🔍 Searching 'auto repair' in Bridgeport...
  🔍 Searching 'food truck' in Bridgeport...

📍 Processing Town: MILFORD (Priority Target)
  🔍 Searching 'restaurant' in Milford...
  🔍 Searching 'deli' in Milford...
  🔍 Searching 'bakery' in Milford...
  🔍 Searching 'cafe' in Milford...
  🔍 Searching 'salon' in Milford...
  🔍 Searching 'barbershop' in Milford...
  🔍 Searching 'nail salon' in Milford...
  🔍 Searching 'grocery' in Milford...
  🔍 Searching 'laundromat' in Milford...
  🔍 Searching 'dry cleaner' in Milford...
  🔍 Searching 'auto repair' in Milford...
  🔍 Searching 'food truck' in Milford...

📍 Processing Town: ORANGE (Priority Target)
  🔍 Searching 'restaurant' in Orange...
  🔍 Searching 'deli' in Orange...
  🔍 Searching 'bakery' in Orange...
  🔍 Searching 'cafe' in Orange...
  🔍 Searching 'salon' in Orange...
  🔍 Searching 'barbershop' in Orange...
  🔍 Searching 'nail salon' in Orange...
  🔍 Searching 'grocery' in Orange...
  🔍 Searching 'laundromat' in Orange...
  🔍 Searching 'dry cleaner' in Orange...
  🔍 Searching 'auto repair' in Orange...
  🔍 Searching 'food truck' in Orange...

📍 Processing Town: SHELTON (Priority Target)
  🔍 Searching 'restaurant' in Shelton...
  🔍 Searching 'deli' in Shelton...
  🔍 Searching 'bakery' in Shelton...
  🔍 Searching 'cafe' in Shelton...
  🔍 Searching 'salon' in Shelton...
  🔍 Searching 'barbershop' in Shelton...
  🔍 Searching 'nail salon' in Shelton...
  🔍 Searching 'grocery' in Shelton...
  🔍 Searching 'laundromat' in Shelton...
  🔍 Searching 'dry cleaner' in Shelton...
  🔍 Searching 'auto repair' in Shelton...
  🔍 Searching 'food truck' in Shelton...

📍 Processing Town: BETHEL (Priority Target)
  🔍 Searching 'restaurant' in Bethel...
  🔍 Searching 'deli' in Bethel...
  🔍 Searching 'bakery' in Bethel...
  🔍 Searching 'cafe' in Bethel...
  🔍 Searching 'salon' in Bethel...
  🔍 Searching 'barbershop' in Bethel...
  🔍 Searching 'nail salon' in Bethel...
  🔍 Searching 'grocery' in Bethel...
  🔍 Searching 'laundromat' in Bethel...
  🔍 Searching 'dry cleaner' in Bethel...
  🔍 Searching 'auto repair' in Bethel...
  🔍 Searching 'food truck' in Bethel...

📍 Processing Town: DANBURY (Priority Target)
  🔍 Searching 'restaurant' in Danbury...
  🔍 Searching 'deli' in Danbury...
  🔍 Searching 'bakery' in Danbury...
  🔍 Searching 'cafe' in Danbury...
  🔍 Searching 'salon' in Danbury...
  🔍 Searching 'barbershop' in Danbury...
  🔍 Searching 'nail salon' in Danbury...
  🔍 Searching 'grocery' in Danbury...
  🔍 Searching 'laundromat' in Danbury...
  🔍 Searching 'dry cleaner' in Danbury...
  🔍 Searching 'auto repair' in Danbury...
  🔍 Searching 'food truck' in Danbury...

📍 Processing Town: NEWTOWN (Priority Target)
  🔍 Searching 'restaurant' in Newtown...
  🔍 Searching 'deli' in Newtown...
  🔍 Searching 'bakery' in Newtown...
  🔍 Searching 'cafe' in Newtown...
  🔍 Searching 'salon' in Newtown...
  🔍 Searching 'barbershop' in Newtown...
  🔍 Searching 'nail salon' in Newtown...
  🔍 Searching 'grocery' in Newtown...
  🔍 Searching 'laundromat' in Newtown...
  🔍 Searching 'dry cleaner' in Newtown...
  🔍 Searching 'auto repair' in Newtown...
  🔍 Searching 'food truck' in Newtown...

📍 Processing Town: MONROE (Priority Target)
  🔍 Searching 'restaurant' in Monroe...
  🔍 Searching 'deli' in Monroe...
  🔍 Searching 'bakery' in Monroe...
  🔍 Searching 'cafe' in Monroe...
  🔍 Searching 'salon' in Monroe...
  🔍 Searching 'barbershop' in Monroe...
  🔍 Searching 'nail salon' in Monroe...
  🔍 Searching 'grocery' in Monroe...
  🔍 Searching 'laundromat' in Monroe...
  🔍 Searching 'dry cleaner' in Monroe...
  🔍 Searching 'auto repair' in Monroe...
  🔍 Searching 'food truck' in Monroe...
✅ Saved 49 website-verified email lead entries to 'local_business_leads.csv'.
🔑 Authenticating with Google Sheets API...
📤 Uploading 49 verified email leads to Google Sheet (Zero Email-less Rows)...
✅ Successfully updated live Google Sheet with ONLY verified email leads!
🔗 View Sheet: https://docs.google.com/spreadsheets/d/1twWEsJ6jpAUEDd0zpF8lWOgkNoFWPjpRrlZV34gqkn4/edit?gid=0#gid=0
✅ Pass #8 complete! Synced 49 verified email leads live.
💤 Resting 60 seconds before Pass #9...


🚀 --- Starting Overnight Pass #9 ---

📍 Processing Town: NORWALK (Priority Target)
  🔍 Searching 'restaurant' in Norwalk...
  🔍 Searching 'deli' in Norwalk...
  🔍 Searching 'bakery' in Norwalk...
  🔍 Searching 'cafe' in Norwalk...
  🔍 Searching 'salon' in Norwalk...
  🔍 Searching 'barbershop' in Norwalk...
  🔍 Searching 'nail salon' in Norwalk...
  🔍 Searching 'grocery' in Norwalk...
  🔍 Searching 'laundromat' in Norwalk...
  🔍 Searching 'dry cleaner' in Norwalk...
  🔍 Searching 'auto repair' in Norwalk...
  🔍 Searching 'food truck' in Norwalk...

📍 Processing Town: WILTON (Priority Target)
  🔍 Searching 'restaurant' in Wilton...
  🔍 Searching 'deli' in Wilton...
  🔍 Searching 'bakery' in Wilton...
  🔍 Searching 'cafe' in Wilton...
  🔍 Searching 'salon' in Wilton...
  🔍 Searching 'barbershop' in Wilton...
  🔍 Searching 'nail salon' in Wilton...
  🔍 Searching 'grocery' in Wilton...
  🔍 Searching 'laundromat' in Wilton...
  🔍 Searching 'dry cleaner' in Wilton...
  🔍 Searching 'auto repair' in Wilton...
  🔍 Searching 'food truck' in Wilton...

📍 Processing Town: DARIEN (Priority Target)
  🔍 Searching 'restaurant' in Darien...
  🔍 Searching 'deli' in Darien...
  🔍 Searching 'bakery' in Darien...
  🔍 Searching 'cafe' in Darien...
  🔍 Searching 'salon' in Darien...
  🔍 Searching 'barbershop' in Darien...
  🔍 Searching 'nail salon' in Darien...
  🔍 Searching 'grocery' in Darien...
  🔍 Searching 'laundromat' in Darien...
  🔍 Searching 'dry cleaner' in Darien...
  🔍 Searching 'auto repair' in Darien...
  🔍 Searching 'food truck' in Darien...

📍 Processing Town: WESTPORT (Priority Target)
  🔍 Searching 'restaurant' in Westport...
  🔍 Searching 'deli' in Westport...
  🔍 Searching 'bakery' in Westport...
  🔍 Searching 'cafe' in Westport...
  🔍 Searching 'salon' in Westport...
  🔍 Searching 'barbershop' in Westport...
  🔍 Searching 'nail salon' in Westport...
  🔍 Searching 'grocery' in Westport...
  🔍 Searching 'laundromat' in Westport...
  🔍 Searching 'dry cleaner' in Westport...
  🔍 Searching 'auto repair' in Westport...
  🔍 Searching 'food truck' in Westport...

📍 Processing Town: FAIRFIELD (Priority Target)
  🔍 Searching 'restaurant' in Fairfield...
  🔍 Searching 'deli' in Fairfield...
  🔍 Searching 'bakery' in Fairfield...
  🔍 Searching 'cafe' in Fairfield...
  🔍 Searching 'salon' in Fairfield...
  🔍 Searching 'barbershop' in Fairfield...
  🔍 Searching 'nail salon' in Fairfield...
  🔍 Searching 'grocery' in Fairfield...
  🔍 Searching 'laundromat' in Fairfield...
  🔍 Searching 'dry cleaner' in Fairfield...
  🔍 Searching 'auto repair' in Fairfield...
  🔍 Searching 'food truck' in Fairfield...

📍 Processing Town: RIDGEFIELD (Priority Target)
  🔍 Searching 'restaurant' in Ridgefield...
  🔍 Searching 'deli' in Ridgefield...
  🔍 Searching 'bakery' in Ridgefield...
  🔍 Searching 'cafe' in Ridgefield...
  🔍 Searching 'salon' in Ridgefield...
  🔍 Searching 'barbershop' in Ridgefield...
  🔍 Searching 'nail salon' in Ridgefield...
  🔍 Searching 'grocery' in Ridgefield...
  🔍 Searching 'laundromat' in Ridgefield...
  🔍 Searching 'dry cleaner' in Ridgefield...
  🔍 Searching 'auto repair' in Ridgefield...
  🔍 Searching 'food truck' in Ridgefield...

📍 Processing Town: WESTON (Priority Target)
  🔍 Searching 'restaurant' in Weston...
  🔍 Searching 'deli' in Weston...
  🔍 Searching 'bakery' in Weston...
  🔍 Searching 'cafe' in Weston...
  🔍 Searching 'salon' in Weston...
  🔍 Searching 'barbershop' in Weston...
  🔍 Searching 'nail salon' in Weston...
  🔍 Searching 'grocery' in Weston...
  🔍 Searching 'laundromat' in Weston...
  🔍 Searching 'dry cleaner' in Weston...
  🔍 Searching 'auto repair' in Weston...
  🔍 Searching 'food truck' in Weston...

📍 Processing Town: TRUMBULL (Priority Target)
  🔍 Searching 'restaurant' in Trumbull...
  🔍 Searching 'deli' in Trumbull...
  🔍 Searching 'bakery' in Trumbull...
  🔍 Searching 'cafe' in Trumbull...
  🔍 Searching 'salon' in Trumbull...
  🔍 Searching 'barbershop' in Trumbull...
  🔍 Searching 'nail salon' in Trumbull...
  🔍 Searching 'grocery' in Trumbull...
  🔍 Searching 'laundromat' in Trumbull...
  🔍 Searching 'dry cleaner' in Trumbull...
  🔍 Searching 'auto repair' in Trumbull...
  🔍 Searching 'food truck' in Trumbull...

📍 Processing Town: STRATFORD (Priority Target)
  🔍 Searching 'restaurant' in Stratford...
  🔍 Searching 'deli' in Stratford...
  🔍 Searching 'bakery' in Stratford...
  🔍 Searching 'cafe' in Stratford...
  🔍 Searching 'salon' in Stratford...
  🔍 Searching 'barbershop' in Stratford...
  🔍 Searching 'nail salon' in Stratford...
  🔍 Searching 'grocery' in Stratford...
  🔍 Searching 'laundromat' in Stratford...
  🔍 Searching 'dry cleaner' in Stratford...
  🔍 Searching 'auto repair' in Stratford...
  🔍 Searching 'food truck' in Stratford...

📍 Processing Town: BRIDGEPORT (Priority Target)
  🔍 Searching 'restaurant' in Bridgeport...
  🔍 Searching 'deli' in Bridgeport...
  🔍 Searching 'bakery' in Bridgeport...
  🔍 Searching 'cafe' in Bridgeport...
  🔍 Searching 'salon' in Bridgeport...
  🔍 Searching 'barbershop' in Bridgeport...
  🔍 Searching 'nail salon' in Bridgeport...
  🔍 Searching 'grocery' in Bridgeport...
  🔍 Searching 'laundromat' in Bridgeport...
  🔍 Searching 'dry cleaner' in Bridgeport...
  🔍 Searching 'auto repair' in Bridgeport...
  🔍 Searching 'food truck' in Bridgeport...

📍 Processing Town: MILFORD (Priority Target)
  🔍 Searching 'restaurant' in Milford...
  🔍 Searching 'deli' in Milford...
  🔍 Searching 'bakery' in Milford...
  🔍 Searching 'cafe' in Milford...
  🔍 Searching 'salon' in Milford...
  🔍 Searching 'barbershop' in Milford...
  🔍 Searching 'nail salon' in Milford...
  🔍 Searching 'grocery' in Milford...
  🔍 Searching 'laundromat' in Milford...
  🔍 Searching 'dry cleaner' in Milford...
  🔍 Searching 'auto repair' in Milford...
  🔍 Searching 'food truck' in Milford...

📍 Processing Town: ORANGE (Priority Target)
  🔍 Searching 'restaurant' in Orange...
  🔍 Searching 'deli' in Orange...
  🔍 Searching 'bakery' in Orange...
  🔍 Searching 'cafe' in Orange...
  🔍 Searching 'salon' in Orange...
  🔍 Searching 'barbershop' in Orange...
  🔍 Searching 'nail salon' in Orange...
  🔍 Searching 'grocery' in Orange...
  🔍 Searching 'laundromat' in Orange...
  🔍 Searching 'dry cleaner' in Orange...
  🔍 Searching 'auto repair' in Orange...
  🔍 Searching 'food truck' in Orange...

📍 Processing Town: SHELTON (Priority Target)
  🔍 Searching 'restaurant' in Shelton...
  🔍 Searching 'deli' in Shelton...
  🔍 Searching 'bakery' in Shelton...
  🔍 Searching 'cafe' in Shelton...
  🔍 Searching 'salon' in Shelton...
  🔍 Searching 'barbershop' in Shelton...
  🔍 Searching 'nail salon' in Shelton...
  🔍 Searching 'grocery' in Shelton...
  🔍 Searching 'laundromat' in Shelton...
  🔍 Searching 'dry cleaner' in Shelton...
  🔍 Searching 'auto repair' in Shelton...
  🔍 Searching 'food truck' in Shelton...

📍 Processing Town: BETHEL (Priority Target)
  🔍 Searching 'restaurant' in Bethel...
  🔍 Searching 'deli' in Bethel...
  🔍 Searching 'bakery' in Bethel...
  🔍 Searching 'cafe' in Bethel...
  🔍 Searching 'salon' in Bethel...
  🔍 Searching 'barbershop' in Bethel...
  🔍 Searching 'nail salon' in Bethel...
  🔍 Searching 'grocery' in Bethel...
  🔍 Searching 'laundromat' in Bethel...
  🔍 Searching 'dry cleaner' in Bethel...
  🔍 Searching 'auto repair' in Bethel...
  🔍 Searching 'food truck' in Bethel...

📍 Processing Town: DANBURY (Priority Target)
  🔍 Searching 'restaurant' in Danbury...
  🔍 Searching 'deli' in Danbury...
  🔍 Searching 'bakery' in Danbury...
  🔍 Searching 'cafe' in Danbury...
  🔍 Searching 'salon' in Danbury...
  🔍 Searching 'barbershop' in Danbury...
  🔍 Searching 'nail salon' in Danbury...
  🔍 Searching 'grocery' in Danbury...
  🔍 Searching 'laundromat' in Danbury...
  🔍 Searching 'dry cleaner' in Danbury...
  🔍 Searching 'auto repair' in Danbury...
  🔍 Searching 'food truck' in Danbury...

📍 Processing Town: NEWTOWN (Priority Target)
  🔍 Searching 'restaurant' in Newtown...
  🔍 Searching 'deli' in Newtown...
  🔍 Searching 'bakery' in Newtown...
  🔍 Searching 'cafe' in Newtown...
  🔍 Searching 'salon' in Newtown...
  🔍 Searching 'barbershop' in Newtown...
  🔍 Searching 'nail salon' in Newtown...
  🔍 Searching 'grocery' in Newtown...
  🔍 Searching 'laundromat' in Newtown...
  🔍 Searching 'dry cleaner' in Newtown...
  🔍 Searching 'auto repair' in Newtown...
  🔍 Searching 'food truck' in Newtown...

📍 Processing Town: MONROE (Priority Target)
  🔍 Searching 'restaurant' in Monroe...
  🔍 Searching 'deli' in Monroe...
  🔍 Searching 'bakery' in Monroe...
  🔍 Searching 'cafe' in Monroe...
  🔍 Searching 'salon' in Monroe...
  🔍 Searching 'barbershop' in Monroe...
  🔍 Searching 'nail salon' in Monroe...
  🔍 Searching 'grocery' in Monroe...
  🔍 Searching 'laundromat' in Monroe...
  🔍 Searching 'dry cleaner' in Monroe...
  🔍 Searching 'auto repair' in Monroe...
  🔍 Searching 'food truck' in Monroe...
✅ Saved 67 website-verified email lead entries to 'local_business_leads.csv'.
🔑 Authenticating with Google Sheets API...
📤 Uploading 67 verified email leads to Google Sheet (Zero Email-less Rows)...
✅ Successfully updated live Google Sheet with ONLY verified email leads!
🔗 View Sheet: https://docs.google.com/spreadsheets/d/1twWEsJ6jpAUEDd0zpF8lWOgkNoFWPjpRrlZV34gqkn4/edit?gid=0#gid=0
✅ Pass #9 complete! Synced 67 verified email leads live.
💤 Resting 60 seconds before Pass #10...


🚀 --- Starting Overnight Pass #10 ---

📍 Processing Town: NORWALK (Priority Target)
  🔍 Searching 'restaurant' in Norwalk...
  🔍 Searching 'deli' in Norwalk...
  🔍 Searching 'bakery' in Norwalk...
  🔍 Searching 'cafe' in Norwalk...
  🔍 Searching 'salon' in Norwalk...
  🔍 Searching 'barbershop' in Norwalk...
  🔍 Searching 'nail salon' in Norwalk...
  🔍 Searching 'grocery' in Norwalk...
  🔍 Searching 'laundromat' in Norwalk...
  🔍 Searching 'dry cleaner' in Norwalk...
  🔍 Searching 'auto repair' in Norwalk...
  🔍 Searching 'food truck' in Norwalk...

📍 Processing Town: WILTON (Priority Target)
  🔍 Searching 'restaurant' in Wilton...
  🔍 Searching 'deli' in Wilton...
  🔍 Searching 'bakery' in Wilton...
  🔍 Searching 'cafe' in Wilton...
  🔍 Searching 'salon' in Wilton...
  🔍 Searching 'barbershop' in Wilton...
  🔍 Searching 'nail salon' in Wilton...
  🔍 Searching 'grocery' in Wilton...
  🔍 Searching 'laundromat' in Wilton...
  🔍 Searching 'dry cleaner' in Wilton...
  🔍 Searching 'auto repair' in Wilton...
  🔍 Searching 'food truck' in Wilton...

📍 Processing Town: DARIEN (Priority Target)
  🔍 Searching 'restaurant' in Darien...
  🔍 Searching 'deli' in Darien...
  🔍 Searching 'bakery' in Darien...
  🔍 Searching 'cafe' in Darien...
  🔍 Searching 'salon' in Darien...
  🔍 Searching 'barbershop' in Darien...
  🔍 Searching 'nail salon' in Darien...
  🔍 Searching 'grocery' in Darien...
  🔍 Searching 'laundromat' in Darien...
  🔍 Searching 'dry cleaner' in Darien...
  🔍 Searching 'auto repair' in Darien...
  🔍 Searching 'food truck' in Darien...

📍 Processing Town: WESTPORT (Priority Target)
  🔍 Searching 'restaurant' in Westport...
  🔍 Searching 'deli' in Westport...
  🔍 Searching 'bakery' in Westport...
  🔍 Searching 'cafe' in Westport...
  🔍 Searching 'salon' in Westport...
  🔍 Searching 'barbershop' in Westport...
  🔍 Searching 'nail salon' in Westport...
  🔍 Searching 'grocery' in Westport...
  🔍 Searching 'laundromat' in Westport...
  🔍 Searching 'dry cleaner' in Westport...
  🔍 Searching 'auto repair' in Westport...
  🔍 Searching 'food truck' in Westport...

📍 Processing Town: FAIRFIELD (Priority Target)
  🔍 Searching 'restaurant' in Fairfield...
  🔍 Searching 'deli' in Fairfield...
  🔍 Searching 'bakery' in Fairfield...
  🔍 Searching 'cafe' in Fairfield...
  🔍 Searching 'salon' in Fairfield...
  🔍 Searching 'barbershop' in Fairfield...
  🔍 Searching 'nail salon' in Fairfield...
  🔍 Searching 'grocery' in Fairfield...
  🔍 Searching 'laundromat' in Fairfield...
  🔍 Searching 'dry cleaner' in Fairfield...
  🔍 Searching 'auto repair' in Fairfield...
  🔍 Searching 'food truck' in Fairfield...

📍 Processing Town: RIDGEFIELD (Priority Target)
  🔍 Searching 'restaurant' in Ridgefield...
  🔍 Searching 'deli' in Ridgefield...
  🔍 Searching 'bakery' in Ridgefield...
  🔍 Searching 'cafe' in Ridgefield...
  🔍 Searching 'salon' in Ridgefield...
  🔍 Searching 'barbershop' in Ridgefield...
  🔍 Searching 'nail salon' in Ridgefield...
  🔍 Searching 'grocery' in Ridgefield...
  🔍 Searching 'laundromat' in Ridgefield...
  🔍 Searching 'dry cleaner' in Ridgefield...
  🔍 Searching 'auto repair' in Ridgefield...
  🔍 Searching 'food truck' in Ridgefield...

📍 Processing Town: WESTON (Priority Target)
  🔍 Searching 'restaurant' in Weston...
  🔍 Searching 'deli' in Weston...
  🔍 Searching 'bakery' in Weston...
  🔍 Searching 'cafe' in Weston...
  🔍 Searching 'salon' in Weston...
  🔍 Searching 'barbershop' in Weston...
  🔍 Searching 'nail salon' in Weston...
  🔍 Searching 'grocery' in Weston...
  🔍 Searching 'laundromat' in Weston...
  🔍 Searching 'dry cleaner' in Weston...
  🔍 Searching 'auto repair' in Weston...
  🔍 Searching 'food truck' in Weston...

📍 Processing Town: TRUMBULL (Priority Target)
  🔍 Searching 'restaurant' in Trumbull...
  🔍 Searching 'deli' in Trumbull...
  🔍 Searching 'bakery' in Trumbull...
  🔍 Searching 'cafe' in Trumbull...
  🔍 Searching 'salon' in Trumbull...
  🔍 Searching 'barbershop' in Trumbull...
  🔍 Searching 'nail salon' in Trumbull...
  🔍 Searching 'grocery' in Trumbull...
  🔍 Searching 'laundromat' in Trumbull...
  🔍 Searching 'dry cleaner' in Trumbull...
  🔍 Searching 'auto repair' in Trumbull...
  🔍 Searching 'food truck' in Trumbull...

📍 Processing Town: STRATFORD (Priority Target)
  🔍 Searching 'restaurant' in Stratford...
  🔍 Searching 'deli' in Stratford...
  🔍 Searching 'bakery' in Stratford...
  🔍 Searching 'cafe' in Stratford...
  🔍 Searching 'salon' in Stratford...
  🔍 Searching 'barbershop' in Stratford...
  🔍 Searching 'nail salon' in Stratford...
  🔍 Searching 'grocery' in Stratford...
  🔍 Searching 'laundromat' in Stratford...
  🔍 Searching 'dry cleaner' in Stratford...
  🔍 Searching 'auto repair' in Stratford...
  🔍 Searching 'food truck' in Stratford...

📍 Processing Town: BRIDGEPORT (Priority Target)
  🔍 Searching 'restaurant' in Bridgeport...
  🔍 Searching 'deli' in Bridgeport...
  🔍 Searching 'bakery' in Bridgeport...
  🔍 Searching 'cafe' in Bridgeport...
  🔍 Searching 'salon' in Bridgeport...
  🔍 Searching 'barbershop' in Bridgeport...
  🔍 Searching 'nail salon' in Bridgeport...
  🔍 Searching 'grocery' in Bridgeport...
  🔍 Searching 'laundromat' in Bridgeport...
  🔍 Searching 'dry cleaner' in Bridgeport...
  🔍 Searching 'auto repair' in Bridgeport...
  🔍 Searching 'food truck' in Bridgeport...

📍 Processing Town: MILFORD (Priority Target)
  🔍 Searching 'restaurant' in Milford...
  🔍 Searching 'deli' in Milford...
  🔍 Searching 'bakery' in Milford...
  🔍 Searching 'cafe' in Milford...
  🔍 Searching 'salon' in Milford...
  🔍 Searching 'barbershop' in Milford...
  🔍 Searching 'nail salon' in Milford...
  🔍 Searching 'grocery' in Milford...
  🔍 Searching 'laundromat' in Milford...
  🔍 Searching 'dry cleaner' in Milford...
  🔍 Searching 'auto repair' in Milford...
  🔍 Searching 'food truck' in Milford...

📍 Processing Town: ORANGE (Priority Target)
  🔍 Searching 'restaurant' in Orange...
  🔍 Searching 'deli' in Orange...
  🔍 Searching 'bakery' in Orange...
  🔍 Searching 'cafe' in Orange...
  🔍 Searching 'salon' in Orange...
  🔍 Searching 'barbershop' in Orange...
  🔍 Searching 'nail salon' in Orange...
  🔍 Searching 'grocery' in Orange...
  🔍 Searching 'laundromat' in Orange...
  🔍 Searching 'dry cleaner' in Orange...
  🔍 Searching 'auto repair' in Orange...
  🔍 Searching 'food truck' in Orange...

📍 Processing Town: SHELTON (Priority Target)
  🔍 Searching 'restaurant' in Shelton...
  🔍 Searching 'deli' in Shelton...
  🔍 Searching 'bakery' in Shelton...
  🔍 Searching 'cafe' in Shelton...
  🔍 Searching 'salon' in Shelton...
  🔍 Searching 'barbershop' in Shelton...
  🔍 Searching 'nail salon' in Shelton...
  🔍 Searching 'grocery' in Shelton...
  🔍 Searching 'laundromat' in Shelton...
  🔍 Searching 'dry cleaner' in Shelton...
  🔍 Searching 'auto repair' in Shelton...
  🔍 Searching 'food truck' in Shelton...

📍 Processing Town: BETHEL (Priority Target)
  🔍 Searching 'restaurant' in Bethel...
  🔍 Searching 'deli' in Bethel...
  🔍 Searching 'bakery' in Bethel...
  🔍 Searching 'cafe' in Bethel...
  🔍 Searching 'salon' in Bethel...
  🔍 Searching 'barbershop' in Bethel...
  🔍 Searching 'nail salon' in Bethel...
  🔍 Searching 'grocery' in Bethel...
  🔍 Searching 'laundromat' in Bethel...
  🔍 Searching 'dry cleaner' in Bethel...
  🔍 Searching 'auto repair' in Bethel...
  🔍 Searching 'food truck' in Bethel...

📍 Processing Town: DANBURY (Priority Target)
  🔍 Searching 'restaurant' in Danbury...
  🔍 Searching 'deli' in Danbury...
  🔍 Searching 'bakery' in Danbury...
  🔍 Searching 'cafe' in Danbury...
  🔍 Searching 'salon' in Danbury...
  🔍 Searching 'barbershop' in Danbury...
  🔍 Searching 'nail salon' in Danbury...
  🔍 Searching 'grocery' in Danbury...
  🔍 Searching 'laundromat' in Danbury...
  🔍 Searching 'dry cleaner' in Danbury...
  🔍 Searching 'auto repair' in Danbury...
  🔍 Searching 'food truck' in Danbury...

📍 Processing Town: NEWTOWN (Priority Target)
  🔍 Searching 'restaurant' in Newtown...
  🔍 Searching 'deli' in Newtown...
  🔍 Searching 'bakery' in Newtown...
  🔍 Searching 'cafe' in Newtown...
  🔍 Searching 'salon' in Newtown...
  🔍 Searching 'barbershop' in Newtown...
  🔍 Searching 'nail salon' in Newtown...
  🔍 Searching 'grocery' in Newtown...
  🔍 Searching 'laundromat' in Newtown...
  🔍 Searching 'dry cleaner' in Newtown...
  🔍 Searching 'auto repair' in Newtown...
  🔍 Searching 'food truck' in Newtown...

📍 Processing Town: MONROE (Priority Target)
  🔍 Searching 'restaurant' in Monroe...
  🔍 Searching 'deli' in Monroe...
  🔍 Searching 'bakery' in Monroe...
  🔍 Searching 'cafe' in Monroe...
  🔍 Searching 'salon' in Monroe...
  🔍 Searching 'barbershop' in Monroe...
  🔍 Searching 'nail salon' in Monroe...
  🔍 Searching 'grocery' in Monroe...
  🔍 Searching 'laundromat' in Monroe...
  🔍 Searching 'dry cleaner' in Monroe...
  🔍 Searching 'auto repair' in Monroe...
  🔍 Searching 'food truck' in Monroe...
✅ Saved 36 website-verified email lead entries to 'local_business_leads.csv'.
🔑 Authenticating with Google Sheets API...
📤 Uploading 36 verified email leads to Google Sheet (Zero Email-less Rows)...
✅ Successfully updated live Google Sheet with ONLY verified email leads!
🔗 View Sheet: https://docs.google.com/spreadsheets/d/1twWEsJ6jpAUEDd0zpF8lWOgkNoFWPjpRrlZV34gqkn4/edit?gid=0#gid=0
✅ Pass #10 complete! Synced 36 verified email leads live.
💤 Resting 60 seconds before Pass #11...


🚀 --- Starting Overnight Pass #11 ---

📍 Processing Town: NORWALK (Priority Target)
  🔍 Searching 'restaurant' in Norwalk...
  🔍 Searching 'deli' in Norwalk...
  🔍 Searching 'bakery' in Norwalk...
  🔍 Searching 'cafe' in Norwalk...
  🔍 Searching 'salon' in Norwalk...
  🔍 Searching 'barbershop' in Norwalk...
  🔍 Searching 'nail salon' in Norwalk...
  🔍 Searching 'grocery' in Norwalk...
  🔍 Searching 'laundromat' in Norwalk...
  🔍 Searching 'dry cleaner' in Norwalk...
  🔍 Searching 'auto repair' in Norwalk...
  🔍 Searching 'food truck' in Norwalk...

📍 Processing Town: WILTON (Priority Target)
  🔍 Searching 'restaurant' in Wilton...
  🔍 Searching 'deli' in Wilton...
  🔍 Searching 'bakery' in Wilton...
  🔍 Searching 'cafe' in Wilton...
  🔍 Searching 'salon' in Wilton...
  🔍 Searching 'barbershop' in Wilton...
  🔍 Searching 'nail salon' in Wilton...
  🔍 Searching 'grocery' in Wilton...
  🔍 Searching 'laundromat' in Wilton...
  🔍 Searching 'dry cleaner' in Wilton...
  🔍 Searching 'auto repair' in Wilton...
  🔍 Searching 'food truck' in Wilton...

📍 Processing Town: DARIEN (Priority Target)
  🔍 Searching 'restaurant' in Darien...
  🔍 Searching 'deli' in Darien...
  🔍 Searching 'bakery' in Darien...
  🔍 Searching 'cafe' in Darien...
  🔍 Searching 'salon' in Darien...
  🔍 Searching 'barbershop' in Darien...
  🔍 Searching 'nail salon' in Darien...
  🔍 Searching 'grocery' in Darien...
  🔍 Searching 'laundromat' in Darien...
  🔍 Searching 'dry cleaner' in Darien...
  🔍 Searching 'auto repair' in Darien...
  🔍 Searching 'food truck' in Darien...

📍 Processing Town: WESTPORT (Priority Target)
  🔍 Searching 'restaurant' in Westport...
  🔍 Searching 'deli' in Westport...
  🔍 Searching 'bakery' in Westport...
  🔍 Searching 'cafe' in Westport...
  🔍 Searching 'salon' in Westport...
  🔍 Searching 'barbershop' in Westport...
  🔍 Searching 'nail salon' in Westport...
  🔍 Searching 'grocery' in Westport...
  🔍 Searching 'laundromat' in Westport...
  🔍 Searching 'dry cleaner' in Westport...
  🔍 Searching 'auto repair' in Westport...
  🔍 Searching 'food truck' in Westport...

📍 Processing Town: FAIRFIELD (Priority Target)
  🔍 Searching 'restaurant' in Fairfield...
  🔍 Searching 'deli' in Fairfield...
  🔍 Searching 'bakery' in Fairfield...
  🔍 Searching 'cafe' in Fairfield...
  🔍 Searching 'salon' in Fairfield...
  🔍 Searching 'barbershop' in Fairfield...
  🔍 Searching 'nail salon' in Fairfield...
  🔍 Searching 'grocery' in Fairfield...
  🔍 Searching 'laundromat' in Fairfield...
  🔍 Searching 'dry cleaner' in Fairfield...
  🔍 Searching 'auto repair' in Fairfield...
  🔍 Searching 'food truck' in Fairfield...

📍 Processing Town: RIDGEFIELD (Priority Target)
  🔍 Searching 'restaurant' in Ridgefield...
  🔍 Searching 'deli' in Ridgefield...
  🔍 Searching 'bakery' in Ridgefield...
  🔍 Searching 'cafe' in Ridgefield...
  🔍 Searching 'salon' in Ridgefield...
  🔍 Searching 'barbershop' in Ridgefield...
  🔍 Searching 'nail salon' in Ridgefield...
  🔍 Searching 'grocery' in Ridgefield...
  🔍 Searching 'laundromat' in Ridgefield...
  🔍 Searching 'dry cleaner' in Ridgefield...
  🔍 Searching 'auto repair' in Ridgefield...
  🔍 Searching 'food truck' in Ridgefield...

📍 Processing Town: WESTON (Priority Target)
  🔍 Searching 'restaurant' in Weston...
  🔍 Searching 'deli' in Weston...
  🔍 Searching 'bakery' in Weston...
  🔍 Searching 'cafe' in Weston...
  🔍 Searching 'salon' in Weston...
  🔍 Searching 'barbershop' in Weston...
  🔍 Searching 'nail salon' in Weston...
  🔍 Searching 'grocery' in Weston...
  🔍 Searching 'laundromat' in Weston...
  🔍 Searching 'dry cleaner' in Weston...
  🔍 Searching 'auto repair' in Weston...
  🔍 Searching 'food truck' in Weston...

📍 Processing Town: TRUMBULL (Priority Target)
  🔍 Searching 'restaurant' in Trumbull...
  🔍 Searching 'deli' in Trumbull...
  🔍 Searching 'bakery' in Trumbull...
  🔍 Searching 'cafe' in Trumbull...
  🔍 Searching 'salon' in Trumbull...
  🔍 Searching 'barbershop' in Trumbull...
  🔍 Searching 'nail salon' in Trumbull...
  🔍 Searching 'grocery' in Trumbull...
  🔍 Searching 'laundromat' in Trumbull...
  🔍 Searching 'dry cleaner' in Trumbull...
  🔍 Searching 'auto repair' in Trumbull...
  🔍 Searching 'food truck' in Trumbull...

📍 Processing Town: STRATFORD (Priority Target)
  🔍 Searching 'restaurant' in Stratford...
  🔍 Searching 'deli' in Stratford...
  🔍 Searching 'bakery' in Stratford...
  🔍 Searching 'cafe' in Stratford...
  🔍 Searching 'salon' in Stratford...
  🔍 Searching 'barbershop' in Stratford...
  🔍 Searching 'nail salon' in Stratford...
  🔍 Searching 'grocery' in Stratford...
  🔍 Searching 'laundromat' in Stratford...
  🔍 Searching 'dry cleaner' in Stratford...
  🔍 Searching 'auto repair' in Stratford...
  🔍 Searching 'food truck' in Stratford...

📍 Processing Town: BRIDGEPORT (Priority Target)
  🔍 Searching 'restaurant' in Bridgeport...
  🔍 Searching 'deli' in Bridgeport...
  🔍 Searching 'bakery' in Bridgeport...
  🔍 Searching 'cafe' in Bridgeport...
  🔍 Searching 'salon' in Bridgeport...
  🔍 Searching 'barbershop' in Bridgeport...
  🔍 Searching 'nail salon' in Bridgeport...
  🔍 Searching 'grocery' in Bridgeport...
  🔍 Searching 'laundromat' in Bridgeport...
  🔍 Searching 'dry cleaner' in Bridgeport...
  🔍 Searching 'auto repair' in Bridgeport...
  🔍 Searching 'food truck' in Bridgeport...

📍 Processing Town: MILFORD (Priority Target)
  🔍 Searching 'restaurant' in Milford...
  🔍 Searching 'deli' in Milford...
  🔍 Searching 'bakery' in Milford...
  🔍 Searching 'cafe' in Milford...
  🔍 Searching 'salon' in Milford...
  🔍 Searching 'barbershop' in Milford...
  🔍 Searching 'nail salon' in Milford...
  🔍 Searching 'grocery' in Milford...
  🔍 Searching 'laundromat' in Milford...
  🔍 Searching 'dry cleaner' in Milford...
  🔍 Searching 'auto repair' in Milford...
  🔍 Searching 'food truck' in Milford...

📍 Processing Town: ORANGE (Priority Target)
  🔍 Searching 'restaurant' in Orange...
  🔍 Searching 'deli' in Orange...
  🔍 Searching 'bakery' in Orange...
  🔍 Searching 'cafe' in Orange...
  🔍 Searching 'salon' in Orange...
  🔍 Searching 'barbershop' in Orange...
  🔍 Searching 'nail salon' in Orange...
  🔍 Searching 'grocery' in Orange...
  🔍 Searching 'laundromat' in Orange...
  🔍 Searching 'dry cleaner' in Orange...
  🔍 Searching 'auto repair' in Orange...
  🔍 Searching 'food truck' in Orange...

📍 Processing Town: SHELTON (Priority Target)
  🔍 Searching 'restaurant' in Shelton...
  🔍 Searching 'deli' in Shelton...
  🔍 Searching 'bakery' in Shelton...
  🔍 Searching 'cafe' in Shelton...
  🔍 Searching 'salon' in Shelton...
  🔍 Searching 'barbershop' in Shelton...
  🔍 Searching 'nail salon' in Shelton...
  🔍 Searching 'grocery' in Shelton...
  🔍 Searching 'laundromat' in Shelton...
  🔍 Searching 'dry cleaner' in Shelton...
  🔍 Searching 'auto repair' in Shelton...
  🔍 Searching 'food truck' in Shelton...

📍 Processing Town: BETHEL (Priority Target)
  🔍 Searching 'restaurant' in Bethel...
  🔍 Searching 'deli' in Bethel...
  🔍 Searching 'bakery' in Bethel...
  🔍 Searching 'cafe' in Bethel...
  🔍 Searching 'salon' in Bethel...
  🔍 Searching 'barbershop' in Bethel...
  🔍 Searching 'nail salon' in Bethel...
  🔍 Searching 'grocery' in Bethel...
  🔍 Searching 'laundromat' in Bethel...
  🔍 Searching 'dry cleaner' in Bethel...
  🔍 Searching 'auto repair' in Bethel...
  🔍 Searching 'food truck' in Bethel...

📍 Processing Town: DANBURY (Priority Target)
  🔍 Searching 'restaurant' in Danbury...
  🔍 Searching 'deli' in Danbury...
  🔍 Searching 'bakery' in Danbury...
  🔍 Searching 'cafe' in Danbury...
  🔍 Searching 'salon' in Danbury...
  🔍 Searching 'barbershop' in Danbury...
  🔍 Searching 'nail salon' in Danbury...
  🔍 Searching 'grocery' in Danbury...
  🔍 Searching 'laundromat' in Danbury...
  🔍 Searching 'dry cleaner' in Danbury...
  🔍 Searching 'auto repair' in Danbury...
  🔍 Searching 'food truck' in Danbury...

📍 Processing Town: NEWTOWN (Priority Target)
  🔍 Searching 'restaurant' in Newtown...
  🔍 Searching 'deli' in Newtown...
  🔍 Searching 'bakery' in Newtown...
  🔍 Searching 'cafe' in Newtown...
  🔍 Searching 'salon' in Newtown...
  🔍 Searching 'barbershop' in Newtown...
  🔍 Searching 'nail salon' in Newtown...
  🔍 Searching 'grocery' in Newtown...
  🔍 Searching 'laundromat' in Newtown...
  🔍 Searching 'dry cleaner' in Newtown...
  🔍 Searching 'auto repair' in Newtown...
  🔍 Searching 'food truck' in Newtown...

📍 Processing Town: MONROE (Priority Target)
  🔍 Searching 'restaurant' in Monroe...
  🔍 Searching 'deli' in Monroe...
  🔍 Searching 'bakery' in Monroe...
  🔍 Searching 'cafe' in Monroe...
  🔍 Searching 'salon' in Monroe...
  🔍 Searching 'barbershop' in Monroe...
  🔍 Searching 'nail salon' in Monroe...
  🔍 Searching 'grocery' in Monroe...
  🔍 Searching 'laundromat' in Monroe...
  🔍 Searching 'dry cleaner' in Monroe...
  🔍 Searching 'auto repair' in Monroe...
  🔍 Searching 'food truck' in Monroe...
✅ Saved 39 website-verified email lead entries to 'local_business_leads.csv'.
🔑 Authenticating with Google Sheets API...
📤 Uploading 39 verified email leads to Google Sheet (Zero Email-less Rows)...
✅ Successfully updated live Google Sheet with ONLY verified email leads!
🔗 View Sheet: https://docs.google.com/spreadsheets/d/1twWEsJ6jpAUEDd0zpF8lWOgkNoFWPjpRrlZV34gqkn4/edit?gid=0#gid=0
✅ Pass #11 complete! Synced 39 verified email leads live.
💤 Resting 60 seconds before Pass #12...


🚀 --- Starting Overnight Pass #12 ---

📍 Processing Town: NORWALK (Priority Target)
  🔍 Searching 'restaurant' in Norwalk...
  🔍 Searching 'deli' in Norwalk...
  🔍 Searching 'bakery' in Norwalk...
  🔍 Searching 'cafe' in Norwalk...
  🔍 Searching 'salon' in Norwalk...
  🔍 Searching 'barbershop' in Norwalk...
  🔍 Searching 'nail salon' in Norwalk...
  🔍 Searching 'grocery' in Norwalk...
  🔍 Searching 'laundromat' in Norwalk...
  🔍 Searching 'dry cleaner' in Norwalk...
  🔍 Searching 'auto repair' in Norwalk...
  🔍 Searching 'food truck' in Norwalk...

📍 Processing Town: WILTON (Priority Target)
  🔍 Searching 'restaurant' in Wilton...
  🔍 Searching 'deli' in Wilton...
  🔍 Searching 'bakery' in Wilton...
  🔍 Searching 'cafe' in Wilton...
  🔍 Searching 'salon' in Wilton...
  🔍 Searching 'barbershop' in Wilton...
  🔍 Searching 'nail salon' in Wilton...
  🔍 Searching 'grocery' in Wilton...
  🔍 Searching 'laundromat' in Wilton...
  🔍 Searching 'dry cleaner' in Wilton...
  🔍 Searching 'auto repair' in Wilton...
  🔍 Searching 'food truck' in Wilton...

📍 Processing Town: DARIEN (Priority Target)
  🔍 Searching 'restaurant' in Darien...
  🔍 Searching 'deli' in Darien...
  🔍 Searching 'bakery' in Darien...
  🔍 Searching 'cafe' in Darien...
  🔍 Searching 'salon' in Darien...
  🔍 Searching 'barbershop' in Darien...
  🔍 Searching 'nail salon' in Darien...
  🔍 Searching 'grocery' in Darien...
  🔍 Searching 'laundromat' in Darien...
  🔍 Searching 'dry cleaner' in Darien...
  🔍 Searching 'auto repair' in Darien...
  🔍 Searching 'food truck' in Darien...

📍 Processing Town: WESTPORT (Priority Target)
  🔍 Searching 'restaurant' in Westport...
  🔍 Searching 'deli' in Westport...
  🔍 Searching 'bakery' in Westport...
  🔍 Searching 'cafe' in Westport...
  🔍 Searching 'salon' in Westport...
  🔍 Searching 'barbershop' in Westport...
  🔍 Searching 'nail salon' in Westport...
  🔍 Searching 'grocery' in Westport...
  🔍 Searching 'laundromat' in Westport...
  🔍 Searching 'dry cleaner' in Westport...
  🔍 Searching 'auto repair' in Westport...
  🔍 Searching 'food truck' in Westport...

📍 Processing Town: FAIRFIELD (Priority Target)
  🔍 Searching 'restaurant' in Fairfield...
  🔍 Searching 'deli' in Fairfield...
  🔍 Searching 'bakery' in Fairfield...
  🔍 Searching 'cafe' in Fairfield...
  🔍 Searching 'salon' in Fairfield...
  🔍 Searching 'barbershop' in Fairfield...
  🔍 Searching 'nail salon' in Fairfield...
  🔍 Searching 'grocery' in Fairfield...
  🔍 Searching 'laundromat' in Fairfield...
  🔍 Searching 'dry cleaner' in Fairfield...
  🔍 Searching 'auto repair' in Fairfield...
  🔍 Searching 'food truck' in Fairfield...

📍 Processing Town: RIDGEFIELD (Priority Target)
  🔍 Searching 'restaurant' in Ridgefield...
  🔍 Searching 'deli' in Ridgefield...
  🔍 Searching 'bakery' in Ridgefield...
  🔍 Searching 'cafe' in Ridgefield...
  🔍 Searching 'salon' in Ridgefield...
  🔍 Searching 'barbershop' in Ridgefield...
  🔍 Searching 'nail salon' in Ridgefield...
  🔍 Searching 'grocery' in Ridgefield...
  🔍 Searching 'laundromat' in Ridgefield...
  🔍 Searching 'dry cleaner' in Ridgefield...
  🔍 Searching 'auto repair' in Ridgefield...
  🔍 Searching 'food truck' in Ridgefield...

📍 Processing Town: WESTON (Priority Target)
  🔍 Searching 'restaurant' in Weston...
  🔍 Searching 'deli' in Weston...
  🔍 Searching 'bakery' in Weston...
  🔍 Searching 'cafe' in Weston...
  🔍 Searching 'salon' in Weston...
  🔍 Searching 'barbershop' in Weston...
  🔍 Searching 'nail salon' in Weston...
  🔍 Searching 'grocery' in Weston...
  🔍 Searching 'laundromat' in Weston...
  🔍 Searching 'dry cleaner' in Weston...
  🔍 Searching 'auto repair' in Weston...
  🔍 Searching 'food truck' in Weston...

📍 Processing Town: TRUMBULL (Priority Target)
  🔍 Searching 'restaurant' in Trumbull...
  🔍 Searching 'deli' in Trumbull...
  🔍 Searching 'bakery' in Trumbull...
  🔍 Searching 'cafe' in Trumbull...
  🔍 Searching 'salon' in Trumbull...
  🔍 Searching 'barbershop' in Trumbull...
  🔍 Searching 'nail salon' in Trumbull...
  🔍 Searching 'grocery' in Trumbull...
  🔍 Searching 'laundromat' in Trumbull...
  🔍 Searching 'dry cleaner' in Trumbull...
  🔍 Searching 'auto repair' in Trumbull...
  🔍 Searching 'food truck' in Trumbull...

📍 Processing Town: STRATFORD (Priority Target)
  🔍 Searching 'restaurant' in Stratford...
  🔍 Searching 'deli' in Stratford...
  🔍 Searching 'bakery' in Stratford...
  🔍 Searching 'cafe' in Stratford...
  🔍 Searching 'salon' in Stratford...
  🔍 Searching 'barbershop' in Stratford...
  🔍 Searching 'nail salon' in Stratford...
  🔍 Searching 'grocery' in Stratford...
  🔍 Searching 'laundromat' in Stratford...
  🔍 Searching 'dry cleaner' in Stratford...
  🔍 Searching 'auto repair' in Stratford...
  🔍 Searching 'food truck' in Stratford...

📍 Processing Town: BRIDGEPORT (Priority Target)
  🔍 Searching 'restaurant' in Bridgeport...
  🔍 Searching 'deli' in Bridgeport...
  🔍 Searching 'bakery' in Bridgeport...
  🔍 Searching 'cafe' in Bridgeport...
  🔍 Searching 'salon' in Bridgeport...
  🔍 Searching 'barbershop' in Bridgeport...
  🔍 Searching 'nail salon' in Bridgeport...
  🔍 Searching 'grocery' in Bridgeport...
  🔍 Searching 'laundromat' in Bridgeport...
  🔍 Searching 'dry cleaner' in Bridgeport...
  🔍 Searching 'auto repair' in Bridgeport...
  🔍 Searching 'food truck' in Bridgeport...

📍 Processing Town: MILFORD (Priority Target)
  🔍 Searching 'restaurant' in Milford...
  🔍 Searching 'deli' in Milford...
  🔍 Searching 'bakery' in Milford...
  🔍 Searching 'cafe' in Milford...
  🔍 Searching 'salon' in Milford...
  🔍 Searching 'barbershop' in Milford...
  🔍 Searching 'nail salon' in Milford...
  🔍 Searching 'grocery' in Milford...
  🔍 Searching 'laundromat' in Milford...
  🔍 Searching 'dry cleaner' in Milford...
  🔍 Searching 'auto repair' in Milford...
  🔍 Searching 'food truck' in Milford...

📍 Processing Town: ORANGE (Priority Target)
  🔍 Searching 'restaurant' in Orange...
  🔍 Searching 'deli' in Orange...
  🔍 Searching 'bakery' in Orange...
  🔍 Searching 'cafe' in Orange...
  🔍 Searching 'salon' in Orange...
  🔍 Searching 'barbershop' in Orange...
  🔍 Searching 'nail salon' in Orange...
  🔍 Searching 'grocery' in Orange...
  🔍 Searching 'laundromat' in Orange...
  🔍 Searching 'dry cleaner' in Orange...
  🔍 Searching 'auto repair' in Orange...
  🔍 Searching 'food truck' in Orange...

📍 Processing Town: SHELTON (Priority Target)
  🔍 Searching 'restaurant' in Shelton...
  🔍 Searching 'deli' in Shelton...
  🔍 Searching 'bakery' in Shelton...
  🔍 Searching 'cafe' in Shelton...
  🔍 Searching 'salon' in Shelton...
  🔍 Searching 'barbershop' in Shelton...
  🔍 Searching 'nail salon' in Shelton...
  🔍 Searching 'grocery' in Shelton...
  🔍 Searching 'laundromat' in Shelton...
  🔍 Searching 'dry cleaner' in Shelton...
  🔍 Searching 'auto repair' in Shelton...
  🔍 Searching 'food truck' in Shelton...

📍 Processing Town: BETHEL (Priority Target)
  🔍 Searching 'restaurant' in Bethel...
  🔍 Searching 'deli' in Bethel...
  🔍 Searching 'bakery' in Bethel...
  🔍 Searching 'cafe' in Bethel...
  🔍 Searching 'salon' in Bethel...
  🔍 Searching 'barbershop' in Bethel...
  🔍 Searching 'nail salon' in Bethel...
  🔍 Searching 'grocery' in Bethel...
  🔍 Searching 'laundromat' in Bethel...
  🔍 Searching 'dry cleaner' in Bethel...
  🔍 Searching 'auto repair' in Bethel...
  🔍 Searching 'food truck' in Bethel...

📍 Processing Town: DANBURY (Priority Target)
  🔍 Searching 'restaurant' in Danbury...
  🔍 Searching 'deli' in Danbury...
  🔍 Searching 'bakery' in Danbury...
  🔍 Searching 'cafe' in Danbury...
  🔍 Searching 'salon' in Danbury...
  🔍 Searching 'barbershop' in Danbury...
  🔍 Searching 'nail salon' in Danbury...
  🔍 Searching 'grocery' in Danbury...
  🔍 Searching 'laundromat' in Danbury...
  🔍 Searching 'dry cleaner' in Danbury...
  🔍 Searching 'auto repair' in Danbury...
  🔍 Searching 'food truck' in Danbury...

📍 Processing Town: NEWTOWN (Priority Target)
  🔍 Searching 'restaurant' in Newtown...
  🔍 Searching 'deli' in Newtown...
  🔍 Searching 'bakery' in Newtown...
  🔍 Searching 'cafe' in Newtown...
  🔍 Searching 'salon' in Newtown...
  🔍 Searching 'barbershop' in Newtown...
  🔍 Searching 'nail salon' in Newtown...
  🔍 Searching 'grocery' in Newtown...
  🔍 Searching 'laundromat' in Newtown...
  🔍 Searching 'dry cleaner' in Newtown...
  🔍 Searching 'auto repair' in Newtown...
  🔍 Searching 'food truck' in Newtown...

📍 Processing Town: MONROE (Priority Target)
  🔍 Searching 'restaurant' in Monroe...
  🔍 Searching 'deli' in Monroe...
  🔍 Searching 'bakery' in Monroe...
  🔍 Searching 'cafe' in Monroe...
  🔍 Searching 'salon' in Monroe...
  🔍 Searching 'barbershop' in Monroe...
  🔍 Searching 'nail salon' in Monroe...
  🔍 Searching 'grocery' in Monroe...
  🔍 Searching 'laundromat' in Monroe...
  🔍 Searching 'dry cleaner' in Monroe...
  🔍 Searching 'auto repair' in Monroe...
  🔍 Searching 'food truck' in Monroe...
✅ Saved 71 website-verified email lead entries to 'local_business_leads.csv'.
🔑 Authenticating with Google Sheets API...
📤 Uploading 71 verified email leads to Google Sheet (Zero Email-less Rows)...
✅ Successfully updated live Google Sheet with ONLY verified email leads!
🔗 View Sheet: https://docs.google.com/spreadsheets/d/1twWEsJ6jpAUEDd0zpF8lWOgkNoFWPjpRrlZV34gqkn4/edit?gid=0#gid=0
✅ Pass #12 complete! Synced 71 verified email leads live.
💤 Resting 60 seconds before Pass #13...


🚀 --- Starting Overnight Pass #13 ---

📍 Processing Town: NORWALK (Priority Target)
  🔍 Searching 'restaurant' in Norwalk...
  🔍 Searching 'deli' in Norwalk...
  🔍 Searching 'bakery' in Norwalk...
  🔍 Searching 'cafe' in Norwalk...
  🔍 Searching 'salon' in Norwalk...
  🔍 Searching 'barbershop' in Norwalk...
  🔍 Searching 'nail salon' in Norwalk...
  🔍 Searching 'grocery' in Norwalk...
  🔍 Searching 'laundromat' in Norwalk...
  🔍 Searching 'dry cleaner' in Norwalk...
  🔍 Searching 'auto repair' in Norwalk...
  🔍 Searching 'food truck' in Norwalk...

📍 Processing Town: WILTON (Priority Target)
  🔍 Searching 'restaurant' in Wilton...
  🔍 Searching 'deli' in Wilton...
  🔍 Searching 'bakery' in Wilton...
  🔍 Searching 'cafe' in Wilton...
  🔍 Searching 'salon' in Wilton...
  🔍 Searching 'barbershop' in Wilton...
  🔍 Searching 'nail salon' in Wilton...
  🔍 Searching 'grocery' in Wilton...
  🔍 Searching 'laundromat' in Wilton...
  🔍 Searching 'dry cleaner' in Wilton...
  🔍 Searching 'auto repair' in Wilton...
  🔍 Searching 'food truck' in Wilton...

📍 Processing Town: DARIEN (Priority Target)
  🔍 Searching 'restaurant' in Darien...
  🔍 Searching 'deli' in Darien...
  🔍 Searching 'bakery' in Darien...
  🔍 Searching 'cafe' in Darien...
  🔍 Searching 'salon' in Darien...
  🔍 Searching 'barbershop' in Darien...
  🔍 Searching 'nail salon' in Darien...
  🔍 Searching 'grocery' in Darien...
  🔍 Searching 'laundromat' in Darien...
  🔍 Searching 'dry cleaner' in Darien...
  🔍 Searching 'auto repair' in Darien...
  🔍 Searching 'food truck' in Darien...

📍 Processing Town: WESTPORT (Priority Target)
  🔍 Searching 'restaurant' in Westport...
  🔍 Searching 'deli' in Westport...
  🔍 Searching 'bakery' in Westport...
  🔍 Searching 'cafe' in Westport...
  🔍 Searching 'salon' in Westport...
  🔍 Searching 'barbershop' in Westport...
  🔍 Searching 'nail salon' in Westport...
  🔍 Searching 'grocery' in Westport...
  🔍 Searching 'laundromat' in Westport...
  🔍 Searching 'dry cleaner' in Westport...
  🔍 Searching 'auto repair' in Westport...
  🔍 Searching 'food truck' in Westport...

📍 Processing Town: FAIRFIELD (Priority Target)
  🔍 Searching 'restaurant' in Fairfield...
  🔍 Searching 'deli' in Fairfield...
  🔍 Searching 'bakery' in Fairfield...
  🔍 Searching 'cafe' in Fairfield...
  🔍 Searching 'salon' in Fairfield...
  🔍 Searching 'barbershop' in Fairfield...
  🔍 Searching 'nail salon' in Fairfield...
  🔍 Searching 'grocery' in Fairfield...
  🔍 Searching 'laundromat' in Fairfield...
  🔍 Searching 'dry cleaner' in Fairfield...
  🔍 Searching 'auto repair' in Fairfield...
  🔍 Searching 'food truck' in Fairfield...

📍 Processing Town: RIDGEFIELD (Priority Target)
  🔍 Searching 'restaurant' in Ridgefield...
  🔍 Searching 'deli' in Ridgefield...
  🔍 Searching 'bakery' in Ridgefield...
  🔍 Searching 'cafe' in Ridgefield...
  🔍 Searching 'salon' in Ridgefield...
  🔍 Searching 'barbershop' in Ridgefield...
  🔍 Searching 'nail salon' in Ridgefield...
  🔍 Searching 'grocery' in Ridgefield...
  🔍 Searching 'laundromat' in Ridgefield...
  🔍 Searching 'dry cleaner' in Ridgefield...
  🔍 Searching 'auto repair' in Ridgefield...
  🔍 Searching 'food truck' in Ridgefield...

📍 Processing Town: WESTON (Priority Target)
  🔍 Searching 'restaurant' in Weston...
  🔍 Searching 'deli' in Weston...
  🔍 Searching 'bakery' in Weston...
  🔍 Searching 'cafe' in Weston...
  🔍 Searching 'salon' in Weston...
  🔍 Searching 'barbershop' in Weston...
  🔍 Searching 'nail salon' in Weston...
  🔍 Searching 'grocery' in Weston...
  🔍 Searching 'laundromat' in Weston...
  🔍 Searching 'dry cleaner' in Weston...
  🔍 Searching 'auto repair' in Weston...
  🔍 Searching 'food truck' in Weston...

📍 Processing Town: TRUMBULL (Priority Target)
  🔍 Searching 'restaurant' in Trumbull...
  🔍 Searching 'deli' in Trumbull...
  🔍 Searching 'bakery' in Trumbull...
  🔍 Searching 'cafe' in Trumbull...
  🔍 Searching 'salon' in Trumbull...
  🔍 Searching 'barbershop' in Trumbull...
  🔍 Searching 'nail salon' in Trumbull...
  🔍 Searching 'grocery' in Trumbull...
  🔍 Searching 'laundromat' in Trumbull...
  🔍 Searching 'dry cleaner' in Trumbull...
  🔍 Searching 'auto repair' in Trumbull...
  🔍 Searching 'food truck' in Trumbull...

📍 Processing Town: STRATFORD (Priority Target)
  🔍 Searching 'restaurant' in Stratford...
  🔍 Searching 'deli' in Stratford...
  🔍 Searching 'bakery' in Stratford...
  🔍 Searching 'cafe' in Stratford...
  🔍 Searching 'salon' in Stratford...
  🔍 Searching 'barbershop' in Stratford...
  🔍 Searching 'nail salon' in Stratford...
  🔍 Searching 'grocery' in Stratford...
  🔍 Searching 'laundromat' in Stratford...
  🔍 Searching 'dry cleaner' in Stratford...
  🔍 Searching 'auto repair' in Stratford...
  🔍 Searching 'food truck' in Stratford...

📍 Processing Town: BRIDGEPORT (Priority Target)
  🔍 Searching 'restaurant' in Bridgeport...
  🔍 Searching 'deli' in Bridgeport...
  🔍 Searching 'bakery' in Bridgeport...
  🔍 Searching 'cafe' in Bridgeport...
  🔍 Searching 'salon' in Bridgeport...
  🔍 Searching 'barbershop' in Bridgeport...
  🔍 Searching 'nail salon' in Bridgeport...
  🔍 Searching 'grocery' in Bridgeport...
  🔍 Searching 'laundromat' in Bridgeport...
  🔍 Searching 'dry cleaner' in Bridgeport...
  🔍 Searching 'auto repair' in Bridgeport...
  🔍 Searching 'food truck' in Bridgeport...

📍 Processing Town: MILFORD (Priority Target)
  🔍 Searching 'restaurant' in Milford...
  🔍 Searching 'deli' in Milford...
  🔍 Searching 'bakery' in Milford...
  🔍 Searching 'cafe' in Milford...
  🔍 Searching 'salon' in Milford...
  🔍 Searching 'barbershop' in Milford...
  🔍 Searching 'nail salon' in Milford...
  🔍 Searching 'grocery' in Milford...
  🔍 Searching 'laundromat' in Milford...
  🔍 Searching 'dry cleaner' in Milford...
  🔍 Searching 'auto repair' in Milford...
  🔍 Searching 'food truck' in Milford...

📍 Processing Town: ORANGE (Priority Target)
  🔍 Searching 'restaurant' in Orange...
  🔍 Searching 'deli' in Orange...
  🔍 Searching 'bakery' in Orange...
  🔍 Searching 'cafe' in Orange...
  🔍 Searching 'salon' in Orange...
  🔍 Searching 'barbershop' in Orange...
  🔍 Searching 'nail salon' in Orange...
  🔍 Searching 'grocery' in Orange...
  🔍 Searching 'laundromat' in Orange...
  🔍 Searching 'dry cleaner' in Orange...
  🔍 Searching 'auto repair' in Orange...
  🔍 Searching 'food truck' in Orange...

📍 Processing Town: SHELTON (Priority Target)
  🔍 Searching 'restaurant' in Shelton...
  🔍 Searching 'deli' in Shelton...
  🔍 Searching 'bakery' in Shelton...
  🔍 Searching 'cafe' in Shelton...
  🔍 Searching 'salon' in Shelton...
  🔍 Searching 'barbershop' in Shelton...
  🔍 Searching 'nail salon' in Shelton...
  🔍 Searching 'grocery' in Shelton...
  🔍 Searching 'laundromat' in Shelton...
  🔍 Searching 'dry cleaner' in Shelton...
  🔍 Searching 'auto repair' in Shelton...
  🔍 Searching 'food truck' in Shelton...

📍 Processing Town: BETHEL (Priority Target)
  🔍 Searching 'restaurant' in Bethel...
  🔍 Searching 'deli' in Bethel...
  🔍 Searching 'bakery' in Bethel...
  🔍 Searching 'cafe' in Bethel...
  🔍 Searching 'salon' in Bethel...
  🔍 Searching 'barbershop' in Bethel...
  🔍 Searching 'nail salon' in Bethel...
  🔍 Searching 'grocery' in Bethel...
  🔍 Searching 'laundromat' in Bethel...
  🔍 Searching 'dry cleaner' in Bethel...
  🔍 Searching 'auto repair' in Bethel...
  🔍 Searching 'food truck' in Bethel...

📍 Processing Town: DANBURY (Priority Target)
  🔍 Searching 'restaurant' in Danbury...
  🔍 Searching 'deli' in Danbury...
  🔍 Searching 'bakery' in Danbury...
  🔍 Searching 'cafe' in Danbury...
  🔍 Searching 'salon' in Danbury...
  🔍 Searching 'barbershop' in Danbury...
  🔍 Searching 'nail salon' in Danbury...
  🔍 Searching 'grocery' in Danbury...
  🔍 Searching 'laundromat' in Danbury...
  🔍 Searching 'dry cleaner' in Danbury...
  🔍 Searching 'auto repair' in Danbury...
  🔍 Searching 'food truck' in Danbury...

📍 Processing Town: NEWTOWN (Priority Target)
  🔍 Searching 'restaurant' in Newtown...
  🔍 Searching 'deli' in Newtown...
  🔍 Searching 'bakery' in Newtown...
  🔍 Searching 'cafe' in Newtown...
  🔍 Searching 'salon' in Newtown...
  🔍 Searching 'barbershop' in Newtown...
  🔍 Searching 'nail salon' in Newtown...
  🔍 Searching 'grocery' in Newtown...
  🔍 Searching 'laundromat' in Newtown...
  🔍 Searching 'dry cleaner' in Newtown...
  🔍 Searching 'auto repair' in Newtown...
  🔍 Searching 'food truck' in Newtown...

📍 Processing Town: MONROE (Priority Target)
  🔍 Searching 'restaurant' in Monroe...
  🔍 Searching 'deli' in Monroe...
  🔍 Searching 'bakery' in Monroe...
  🔍 Searching 'cafe' in Monroe...
  🔍 Searching 'salon' in Monroe...
  🔍 Searching 'barbershop' in Monroe...
  🔍 Searching 'nail salon' in Monroe...
  🔍 Searching 'grocery' in Monroe...
  🔍 Searching 'laundromat' in Monroe...
  🔍 Searching 'dry cleaner' in Monroe...
  🔍 Searching 'auto repair' in Monroe...
  🔍 Searching 'food truck' in Monroe...
✅ Saved 70 website-verified email lead entries to 'local_business_leads.csv'.
🔑 Authenticating with Google Sheets API...
📤 Uploading 70 verified email leads to Google Sheet (Zero Email-less Rows)...
✅ Successfully updated live Google Sheet with ONLY verified email leads!
🔗 View Sheet: https://docs.google.com/spreadsheets/d/1twWEsJ6jpAUEDd0zpF8lWOgkNoFWPjpRrlZV34gqkn4/edit?gid=0#gid=0
✅ Pass #13 complete! Synced 70 verified email leads live.
💤 Resting 60 seconds before Pass #14...


🚀 --- Starting Overnight Pass #14 ---

📍 Processing Town: NORWALK (Priority Target)
  🔍 Searching 'restaurant' in Norwalk...
  🔍 Searching 'deli' in Norwalk...
  🔍 Searching 'bakery' in Norwalk...
  🔍 Searching 'cafe' in Norwalk...
  🔍 Searching 'salon' in Norwalk...
  🔍 Searching 'barbershop' in Norwalk...
  🔍 Searching 'nail salon' in Norwalk...
  🔍 Searching 'grocery' in Norwalk...
  🔍 Searching 'laundromat' in Norwalk...
  🔍 Searching 'dry cleaner' in Norwalk...
  🔍 Searching 'auto repair' in Norwalk...
  🔍 Searching 'food truck' in Norwalk...

📍 Processing Town: WILTON (Priority Target)
  🔍 Searching 'restaurant' in Wilton...
  🔍 Searching 'deli' in Wilton...
  🔍 Searching 'bakery' in Wilton...
  🔍 Searching 'cafe' in Wilton...
  🔍 Searching 'salon' in Wilton...
  🔍 Searching 'barbershop' in Wilton...
  🔍 Searching 'nail salon' in Wilton...
  🔍 Searching 'grocery' in Wilton...
  🔍 Searching 'laundromat' in Wilton...
  🔍 Searching 'dry cleaner' in Wilton...
  🔍 Searching 'auto repair' in Wilton...
  🔍 Searching 'food truck' in Wilton...

📍 Processing Town: DARIEN (Priority Target)
  🔍 Searching 'restaurant' in Darien...
  🔍 Searching 'deli' in Darien...
  🔍 Searching 'bakery' in Darien...
  🔍 Searching 'cafe' in Darien...
  🔍 Searching 'salon' in Darien...
  🔍 Searching 'barbershop' in Darien...
  🔍 Searching 'nail salon' in Darien...
  🔍 Searching 'grocery' in Darien...
  🔍 Searching 'laundromat' in Darien...
  🔍 Searching 'dry cleaner' in Darien...
  🔍 Searching 'auto repair' in Darien...
  🔍 Searching 'food truck' in Darien...

📍 Processing Town: WESTPORT (Priority Target)
  🔍 Searching 'restaurant' in Westport...
  🔍 Searching 'deli' in Westport...
  🔍 Searching 'bakery' in Westport...
  🔍 Searching 'cafe' in Westport...
  🔍 Searching 'salon' in Westport...
  🔍 Searching 'barbershop' in Westport...
  🔍 Searching 'nail salon' in Westport...
  🔍 Searching 'grocery' in Westport...
  🔍 Searching 'laundromat' in Westport...
  🔍 Searching 'dry cleaner' in Westport...
  🔍 Searching 'auto repair' in Westport...
  🔍 Searching 'food truck' in Westport...

📍 Processing Town: FAIRFIELD (Priority Target)
  🔍 Searching 'restaurant' in Fairfield...
  🔍 Searching 'deli' in Fairfield...
  🔍 Searching 'bakery' in Fairfield...
  🔍 Searching 'cafe' in Fairfield...
  🔍 Searching 'salon' in Fairfield...
  🔍 Searching 'barbershop' in Fairfield...
  🔍 Searching 'nail salon' in Fairfield...
  🔍 Searching 'grocery' in Fairfield...
  🔍 Searching 'laundromat' in Fairfield...
  🔍 Searching 'dry cleaner' in Fairfield...
  🔍 Searching 'auto repair' in Fairfield...
  🔍 Searching 'food truck' in Fairfield...

📍 Processing Town: RIDGEFIELD (Priority Target)
  🔍 Searching 'restaurant' in Ridgefield...
  🔍 Searching 'deli' in Ridgefield...
  🔍 Searching 'bakery' in Ridgefield...
  🔍 Searching 'cafe' in Ridgefield...
  🔍 Searching 'salon' in Ridgefield...
  🔍 Searching 'barbershop' in Ridgefield...
  🔍 Searching 'nail salon' in Ridgefield...
  🔍 Searching 'grocery' in Ridgefield...
  🔍 Searching 'laundromat' in Ridgefield...
  🔍 Searching 'dry cleaner' in Ridgefield...
  🔍 Searching 'auto repair' in Ridgefield...
  🔍 Searching 'food truck' in Ridgefield...

📍 Processing Town: WESTON (Priority Target)
  🔍 Searching 'restaurant' in Weston...
  🔍 Searching 'deli' in Weston...
  🔍 Searching 'bakery' in Weston...
  🔍 Searching 'cafe' in Weston...
  🔍 Searching 'salon' in Weston...
  🔍 Searching 'barbershop' in Weston...
  🔍 Searching 'nail salon' in Weston...
  🔍 Searching 'grocery' in Weston...
  🔍 Searching 'laundromat' in Weston...
  🔍 Searching 'dry cleaner' in Weston...
  🔍 Searching 'auto repair' in Weston...
  🔍 Searching 'food truck' in Weston...

📍 Processing Town: TRUMBULL (Priority Target)
  🔍 Searching 'restaurant' in Trumbull...
  🔍 Searching 'deli' in Trumbull...
  🔍 Searching 'bakery' in Trumbull...
  🔍 Searching 'cafe' in Trumbull...
  🔍 Searching 'salon' in Trumbull...
  🔍 Searching 'barbershop' in Trumbull...
  🔍 Searching 'nail salon' in Trumbull...
  🔍 Searching 'grocery' in Trumbull...
  🔍 Searching 'laundromat' in Trumbull...
  🔍 Searching 'dry cleaner' in Trumbull...
  🔍 Searching 'auto repair' in Trumbull...
  🔍 Searching 'food truck' in Trumbull...

📍 Processing Town: STRATFORD (Priority Target)
  🔍 Searching 'restaurant' in Stratford...
  🔍 Searching 'deli' in Stratford...
  🔍 Searching 'bakery' in Stratford...
  🔍 Searching 'cafe' in Stratford...
  🔍 Searching 'salon' in Stratford...
  🔍 Searching 'barbershop' in Stratford...
  🔍 Searching 'nail salon' in Stratford...
  🔍 Searching 'grocery' in Stratford...
  🔍 Searching 'laundromat' in Stratford...
  🔍 Searching 'dry cleaner' in Stratford...
  🔍 Searching 'auto repair' in Stratford...
  🔍 Searching 'food truck' in Stratford...

📍 Processing Town: BRIDGEPORT (Priority Target)
  🔍 Searching 'restaurant' in Bridgeport...
  🔍 Searching 'deli' in Bridgeport...
  🔍 Searching 'bakery' in Bridgeport...
  🔍 Searching 'cafe' in Bridgeport...
  🔍 Searching 'salon' in Bridgeport...
  🔍 Searching 'barbershop' in Bridgeport...
  🔍 Searching 'nail salon' in Bridgeport...
  🔍 Searching 'grocery' in Bridgeport...
  🔍 Searching 'laundromat' in Bridgeport...
  🔍 Searching 'dry cleaner' in Bridgeport...
  🔍 Searching 'auto repair' in Bridgeport...
  🔍 Searching 'food truck' in Bridgeport...

📍 Processing Town: MILFORD (Priority Target)
  🔍 Searching 'restaurant' in Milford...
  🔍 Searching 'deli' in Milford...
  🔍 Searching 'bakery' in Milford...
  🔍 Searching 'cafe' in Milford...
  🔍 Searching 'salon' in Milford...
  🔍 Searching 'barbershop' in Milford...
  🔍 Searching 'nail salon' in Milford...
  🔍 Searching 'grocery' in Milford...
  🔍 Searching 'laundromat' in Milford...
  🔍 Searching 'dry cleaner' in Milford...
  🔍 Searching 'auto repair' in Milford...
  🔍 Searching 'food truck' in Milford...

📍 Processing Town: ORANGE (Priority Target)
  🔍 Searching 'restaurant' in Orange...
  🔍 Searching 'deli' in Orange...
  🔍 Searching 'bakery' in Orange...
  🔍 Searching 'cafe' in Orange...
  🔍 Searching 'salon' in Orange...
  🔍 Searching 'barbershop' in Orange...
  🔍 Searching 'nail salon' in Orange...
  🔍 Searching 'grocery' in Orange...
  🔍 Searching 'laundromat' in Orange...
  🔍 Searching 'dry cleaner' in Orange...
  🔍 Searching 'auto repair' in Orange...
  🔍 Searching 'food truck' in Orange...

📍 Processing Town: SHELTON (Priority Target)
  🔍 Searching 'restaurant' in Shelton...
  🔍 Searching 'deli' in Shelton...
  🔍 Searching 'bakery' in Shelton...
  🔍 Searching 'cafe' in Shelton...
  🔍 Searching 'salon' in Shelton...
  🔍 Searching 'barbershop' in Shelton...
  🔍 Searching 'nail salon' in Shelton...
  🔍 Searching 'grocery' in Shelton...
  🔍 Searching 'laundromat' in Shelton...
  🔍 Searching 'dry cleaner' in Shelton...
  🔍 Searching 'auto repair' in Shelton...
  🔍 Searching 'food truck' in Shelton...

📍 Processing Town: BETHEL (Priority Target)
  🔍 Searching 'restaurant' in Bethel...
  🔍 Searching 'deli' in Bethel...
  🔍 Searching 'bakery' in Bethel...
  🔍 Searching 'cafe' in Bethel...
  🔍 Searching 'salon' in Bethel...
  🔍 Searching 'barbershop' in Bethel...
  🔍 Searching 'nail salon' in Bethel...
  🔍 Searching 'grocery' in Bethel...
  🔍 Searching 'laundromat' in Bethel...
  🔍 Searching 'dry cleaner' in Bethel...
  🔍 Searching 'auto repair' in Bethel...
  🔍 Searching 'food truck' in Bethel...

📍 Processing Town: DANBURY (Priority Target)
  🔍 Searching 'restaurant' in Danbury...
  🔍 Searching 'deli' in Danbury...
  🔍 Searching 'bakery' in Danbury...
  🔍 Searching 'cafe' in Danbury...
  🔍 Searching 'salon' in Danbury...
  🔍 Searching 'barbershop' in Danbury...
  🔍 Searching 'nail salon' in Danbury...
  🔍 Searching 'grocery' in Danbury...
  🔍 Searching 'laundromat' in Danbury...
  🔍 Searching 'dry cleaner' in Danbury...
  🔍 Searching 'auto repair' in Danbury...
  🔍 Searching 'food truck' in Danbury...

📍 Processing Town: NEWTOWN (Priority Target)
  🔍 Searching 'restaurant' in Newtown...
  🔍 Searching 'deli' in Newtown...
  🔍 Searching 'bakery' in Newtown...
  🔍 Searching 'cafe' in Newtown...
  🔍 Searching 'salon' in Newtown...
  🔍 Searching 'barbershop' in Newtown...
  🔍 Searching 'nail salon' in Newtown...
  🔍 Searching 'grocery' in Newtown...
  🔍 Searching 'laundromat' in Newtown...
  🔍 Searching 'dry cleaner' in Newtown...
  🔍 Searching 'auto repair' in Newtown...
  🔍 Searching 'food truck' in Newtown...

📍 Processing Town: MONROE (Priority Target)
  🔍 Searching 'restaurant' in Monroe...
  🔍 Searching 'deli' in Monroe...
  🔍 Searching 'bakery' in Monroe...
  🔍 Searching 'cafe' in Monroe...
  🔍 Searching 'salon' in Monroe...
  🔍 Searching 'barbershop' in Monroe...
  🔍 Searching 'nail salon' in Monroe...
  🔍 Searching 'grocery' in Monroe...
  🔍 Searching 'laundromat' in Monroe...
  🔍 Searching 'dry cleaner' in Monroe...
  🔍 Searching 'auto repair' in Monroe...
  🔍 Searching 'food truck' in Monroe...
✅ Saved 60 website-verified email lead entries to 'local_business_leads.csv'.
🔑 Authenticating with Google Sheets API...
📤 Uploading 60 verified email leads to Google Sheet (Zero Email-less Rows)...
✅ Successfully updated live Google Sheet with ONLY verified email leads!
🔗 View Sheet: https://docs.google.com/spreadsheets/d/1twWEsJ6jpAUEDd0zpF8lWOgkNoFWPjpRrlZV34gqkn4/edit?gid=0#gid=0
✅ Pass #14 complete! Synced 60 verified email leads live.
💤 Resting 60 seconds before Pass #15...


🚀 --- Starting Overnight Pass #15 ---

📍 Processing Town: NORWALK (Priority Target)
  🔍 Searching 'restaurant' in Norwalk...
  🔍 Searching 'deli' in Norwalk...
  🔍 Searching 'bakery' in Norwalk...
  🔍 Searching 'cafe' in Norwalk...
  🔍 Searching 'salon' in Norwalk...
  🔍 Searching 'barbershop' in Norwalk...
  🔍 Searching 'nail salon' in Norwalk...
  🔍 Searching 'grocery' in Norwalk...
  🔍 Searching 'laundromat' in Norwalk...
  🔍 Searching 'dry cleaner' in Norwalk...
  🔍 Searching 'auto repair' in Norwalk...
  🔍 Searching 'food truck' in Norwalk...

📍 Processing Town: WILTON (Priority Target)
  🔍 Searching 'restaurant' in Wilton...
  🔍 Searching 'deli' in Wilton...
  🔍 Searching 'bakery' in Wilton...
  🔍 Searching 'cafe' in Wilton...
  🔍 Searching 'salon' in Wilton...
  🔍 Searching 'barbershop' in Wilton...
  🔍 Searching 'nail salon' in Wilton...
  🔍 Searching 'grocery' in Wilton...
  🔍 Searching 'laundromat' in Wilton...
  🔍 Searching 'dry cleaner' in Wilton...
  🔍 Searching 'auto repair' in Wilton...
  🔍 Searching 'food truck' in Wilton...

📍 Processing Town: DARIEN (Priority Target)
  🔍 Searching 'restaurant' in Darien...
  🔍 Searching 'deli' in Darien...
  🔍 Searching 'bakery' in Darien...
  🔍 Searching 'cafe' in Darien...
  🔍 Searching 'salon' in Darien...
  🔍 Searching 'barbershop' in Darien...
  🔍 Searching 'nail salon' in Darien...
  🔍 Searching 'grocery' in Darien...
  🔍 Searching 'laundromat' in Darien...
  🔍 Searching 'dry cleaner' in Darien...
  🔍 Searching 'auto repair' in Darien...
  🔍 Searching 'food truck' in Darien...

📍 Processing Town: WESTPORT (Priority Target)
  🔍 Searching 'restaurant' in Westport...
  🔍 Searching 'deli' in Westport...
  🔍 Searching 'bakery' in Westport...
  🔍 Searching 'cafe' in Westport...
  🔍 Searching 'salon' in Westport...
  🔍 Searching 'barbershop' in Westport...
  🔍 Searching 'nail salon' in Westport...
  🔍 Searching 'grocery' in Westport...
  🔍 Searching 'laundromat' in Westport...
  🔍 Searching 'dry cleaner' in Westport...
  🔍 Searching 'auto repair' in Westport...
  🔍 Searching 'food truck' in Westport...

📍 Processing Town: FAIRFIELD (Priority Target)
  🔍 Searching 'restaurant' in Fairfield...
  🔍 Searching 'deli' in Fairfield...
  🔍 Searching 'bakery' in Fairfield...
  🔍 Searching 'cafe' in Fairfield...
  🔍 Searching 'salon' in Fairfield...
  🔍 Searching 'barbershop' in Fairfield...
  🔍 Searching 'nail salon' in Fairfield...
  🔍 Searching 'grocery' in Fairfield...
  🔍 Searching 'laundromat' in Fairfield...
  🔍 Searching 'dry cleaner' in Fairfield...
  🔍 Searching 'auto repair' in Fairfield...
  🔍 Searching 'food truck' in Fairfield...

📍 Processing Town: RIDGEFIELD (Priority Target)
  🔍 Searching 'restaurant' in Ridgefield...
  🔍 Searching 'deli' in Ridgefield...
  🔍 Searching 'bakery' in Ridgefield...
  🔍 Searching 'cafe' in Ridgefield...
  🔍 Searching 'salon' in Ridgefield...
  🔍 Searching 'barbershop' in Ridgefield...
  🔍 Searching 'nail salon' in Ridgefield...
  🔍 Searching 'grocery' in Ridgefield...
  🔍 Searching 'laundromat' in Ridgefield...
  🔍 Searching 'dry cleaner' in Ridgefield...
  🔍 Searching 'auto repair' in Ridgefield...
  🔍 Searching 'food truck' in Ridgefield...

📍 Processing Town: WESTON (Priority Target)
  🔍 Searching 'restaurant' in Weston...
  🔍 Searching 'deli' in Weston...
  🔍 Searching 'bakery' in Weston...
  🔍 Searching 'cafe' in Weston...
  🔍 Searching 'salon' in Weston...
  🔍 Searching 'barbershop' in Weston...
  🔍 Searching 'nail salon' in Weston...
  🔍 Searching 'grocery' in Weston...
  🔍 Searching 'laundromat' in Weston...
  🔍 Searching 'dry cleaner' in Weston...
  🔍 Searching 'auto repair' in Weston...
  🔍 Searching 'food truck' in Weston...

📍 Processing Town: TRUMBULL (Priority Target)
  🔍 Searching 'restaurant' in Trumbull...
  🔍 Searching 'deli' in Trumbull...
  🔍 Searching 'bakery' in Trumbull...
  🔍 Searching 'cafe' in Trumbull...
  🔍 Searching 'salon' in Trumbull...
  🔍 Searching 'barbershop' in Trumbull...
  🔍 Searching 'nail salon' in Trumbull...
  🔍 Searching 'grocery' in Trumbull...
  🔍 Searching 'laundromat' in Trumbull...
  🔍 Searching 'dry cleaner' in Trumbull...
  🔍 Searching 'auto repair' in Trumbull...
  🔍 Searching 'food truck' in Trumbull...

📍 Processing Town: STRATFORD (Priority Target)
  🔍 Searching 'restaurant' in Stratford...
  🔍 Searching 'deli' in Stratford...
  🔍 Searching 'bakery' in Stratford...
  🔍 Searching 'cafe' in Stratford...
  🔍 Searching 'salon' in Stratford...
  🔍 Searching 'barbershop' in Stratford...
  🔍 Searching 'nail salon' in Stratford...
  🔍 Searching 'grocery' in Stratford...
  🔍 Searching 'laundromat' in Stratford...
  🔍 Searching 'dry cleaner' in Stratford...
  🔍 Searching 'auto repair' in Stratford...
  🔍 Searching 'food truck' in Stratford...

📍 Processing Town: BRIDGEPORT (Priority Target)
  🔍 Searching 'restaurant' in Bridgeport...
  🔍 Searching 'deli' in Bridgeport...
  🔍 Searching 'bakery' in Bridgeport...
  🔍 Searching 'cafe' in Bridgeport...
  🔍 Searching 'salon' in Bridgeport...
  🔍 Searching 'barbershop' in Bridgeport...
  🔍 Searching 'nail salon' in Bridgeport...
  🔍 Searching 'grocery' in Bridgeport...
  🔍 Searching 'laundromat' in Bridgeport...
  🔍 Searching 'dry cleaner' in Bridgeport...
  🔍 Searching 'auto repair' in Bridgeport...
  🔍 Searching 'food truck' in Bridgeport...

📍 Processing Town: MILFORD (Priority Target)
  🔍 Searching 'restaurant' in Milford...
  🔍 Searching 'deli' in Milford...
  🔍 Searching 'bakery' in Milford...
  🔍 Searching 'cafe' in Milford...
  🔍 Searching 'salon' in Milford...
  🔍 Searching 'barbershop' in Milford...
  🔍 Searching 'nail salon' in Milford...
  🔍 Searching 'grocery' in Milford...
  🔍 Searching 'laundromat' in Milford...
  🔍 Searching 'dry cleaner' in Milford...
  🔍 Searching 'auto repair' in Milford...
  🔍 Searching 'food truck' in Milford...

📍 Processing Town: ORANGE (Priority Target)
  🔍 Searching 'restaurant' in Orange...
  🔍 Searching 'deli' in Orange...
  🔍 Searching 'bakery' in Orange...
  🔍 Searching 'cafe' in Orange...
  🔍 Searching 'salon' in Orange...
  🔍 Searching 'barbershop' in Orange...
  🔍 Searching 'nail salon' in Orange...
  🔍 Searching 'grocery' in Orange...
  🔍 Searching 'laundromat' in Orange...
  🔍 Searching 'dry cleaner' in Orange...
  🔍 Searching 'auto repair' in Orange...
  🔍 Searching 'food truck' in Orange...

📍 Processing Town: SHELTON (Priority Target)
  🔍 Searching 'restaurant' in Shelton...
  🔍 Searching 'deli' in Shelton...
  🔍 Searching 'bakery' in Shelton...
  🔍 Searching 'cafe' in Shelton...
  🔍 Searching 'salon' in Shelton...
  🔍 Searching 'barbershop' in Shelton...
  🔍 Searching 'nail salon' in Shelton...
  🔍 Searching 'grocery' in Shelton...
  🔍 Searching 'laundromat' in Shelton...
  🔍 Searching 'dry cleaner' in Shelton...
  🔍 Searching 'auto repair' in Shelton...
  🔍 Searching 'food truck' in Shelton...

📍 Processing Town: BETHEL (Priority Target)
  🔍 Searching 'restaurant' in Bethel...
  🔍 Searching 'deli' in Bethel...
  🔍 Searching 'bakery' in Bethel...
  🔍 Searching 'cafe' in Bethel...
  🔍 Searching 'salon' in Bethel...
  🔍 Searching 'barbershop' in Bethel...
  🔍 Searching 'nail salon' in Bethel...
  🔍 Searching 'grocery' in Bethel...
  🔍 Searching 'laundromat' in Bethel...
  🔍 Searching 'dry cleaner' in Bethel...
  🔍 Searching 'auto repair' in Bethel...
  🔍 Searching 'food truck' in Bethel...

📍 Processing Town: DANBURY (Priority Target)
  🔍 Searching 'restaurant' in Danbury...
  🔍 Searching 'deli' in Danbury...
  🔍 Searching 'bakery' in Danbury...
  🔍 Searching 'cafe' in Danbury...
  🔍 Searching 'salon' in Danbury...
  🔍 Searching 'barbershop' in Danbury...
  🔍 Searching 'nail salon' in Danbury...
  🔍 Searching 'grocery' in Danbury...
  🔍 Searching 'laundromat' in Danbury...
  🔍 Searching 'dry cleaner' in Danbury...
  🔍 Searching 'auto repair' in Danbury...
  🔍 Searching 'food truck' in Danbury...

📍 Processing Town: NEWTOWN (Priority Target)
  🔍 Searching 'restaurant' in Newtown...
  🔍 Searching 'deli' in Newtown...
  🔍 Searching 'bakery' in Newtown...
  🔍 Searching 'cafe' in Newtown...
  🔍 Searching 'salon' in Newtown...
  🔍 Searching 'barbershop' in Newtown...
  🔍 Searching 'nail salon' in Newtown...
  🔍 Searching 'grocery' in Newtown...
  🔍 Searching 'laundromat' in Newtown...
  🔍 Searching 'dry cleaner' in Newtown...
  🔍 Searching 'auto repair' in Newtown...
  🔍 Searching 'food truck' in Newtown...

📍 Processing Town: MONROE (Priority Target)
  🔍 Searching 'restaurant' in Monroe...
  🔍 Searching 'deli' in Monroe...
  🔍 Searching 'bakery' in Monroe...
  🔍 Searching 'cafe' in Monroe...
  🔍 Searching 'salon' in Monroe...
  🔍 Searching 'barbershop' in Monroe...
  🔍 Searching 'nail salon' in Monroe...
  🔍 Searching 'grocery' in Monroe...
  🔍 Searching 'laundromat' in Monroe...
  🔍 Searching 'dry cleaner' in Monroe...
  🔍 Searching 'auto repair' in Monroe...
  🔍 Searching 'food truck' in Monroe...
✅ Saved 38 website-verified email lead entries to 'local_business_leads.csv'.
🔑 Authenticating with Google Sheets API...
📤 Uploading 38 verified email leads to Google Sheet (Zero Email-less Rows)...
✅ Successfully updated live Google Sheet with ONLY verified email leads!
🔗 View Sheet: https://docs.google.com/spreadsheets/d/1twWEsJ6jpAUEDd0zpF8lWOgkNoFWPjpRrlZV34gqkn4/edit?gid=0#gid=0
✅ Pass #15 complete! Synced 38 verified email leads live.
💤 Resting 60 seconds before Pass #16...


🚀 --- Starting Overnight Pass #16 ---

📍 Processing Town: NORWALK (Priority Target)
  🔍 Searching 'restaurant' in Norwalk...
  🔍 Searching 'deli' in Norwalk...
  🔍 Searching 'bakery' in Norwalk...
  🔍 Searching 'cafe' in Norwalk...
  🔍 Searching 'salon' in Norwalk...
  🔍 Searching 'barbershop' in Norwalk...
  🔍 Searching 'nail salon' in Norwalk...
  🔍 Searching 'grocery' in Norwalk...
  🔍 Searching 'laundromat' in Norwalk...
  🔍 Searching 'dry cleaner' in Norwalk...
  🔍 Searching 'auto repair' in Norwalk...
  🔍 Searching 'food truck' in Norwalk...

📍 Processing Town: WILTON (Priority Target)
  🔍 Searching 'restaurant' in Wilton...
  🔍 Searching 'deli' in Wilton...
  🔍 Searching 'bakery' in Wilton...
  🔍 Searching 'cafe' in Wilton...
  🔍 Searching 'salon' in Wilton...
  🔍 Searching 'barbershop' in Wilton...
  🔍 Searching 'nail salon' in Wilton...
  🔍 Searching 'grocery' in Wilton...
  🔍 Searching 'laundromat' in Wilton...
  🔍 Searching 'dry cleaner' in Wilton...
  🔍 Searching 'auto repair' in Wilton...
  🔍 Searching 'food truck' in Wilton...

📍 Processing Town: DARIEN (Priority Target)
  🔍 Searching 'restaurant' in Darien...
  🔍 Searching 'deli' in Darien...
  🔍 Searching 'bakery' in Darien...
  🔍 Searching 'cafe' in Darien...
  🔍 Searching 'salon' in Darien...
  🔍 Searching 'barbershop' in Darien...
  🔍 Searching 'nail salon' in Darien...
  🔍 Searching 'grocery' in Darien...
  🔍 Searching 'laundromat' in Darien...
  🔍 Searching 'dry cleaner' in Darien...
  🔍 Searching 'auto repair' in Darien...
  🔍 Searching 'food truck' in Darien...

📍 Processing Town: WESTPORT (Priority Target)
  🔍 Searching 'restaurant' in Westport...
  🔍 Searching 'deli' in Westport...
  🔍 Searching 'bakery' in Westport...
  🔍 Searching 'cafe' in Westport...
  🔍 Searching 'salon' in Westport...
  🔍 Searching 'barbershop' in Westport...
  🔍 Searching 'nail salon' in Westport...
  🔍 Searching 'grocery' in Westport...
  🔍 Searching 'laundromat' in Westport...
  🔍 Searching 'dry cleaner' in Westport...
  🔍 Searching 'auto repair' in Westport...
  🔍 Searching 'food truck' in Westport...

📍 Processing Town: FAIRFIELD (Priority Target)
  🔍 Searching 'restaurant' in Fairfield...
  🔍 Searching 'deli' in Fairfield...
  🔍 Searching 'bakery' in Fairfield...
  🔍 Searching 'cafe' in Fairfield...
  🔍 Searching 'salon' in Fairfield...
  🔍 Searching 'barbershop' in Fairfield...
  🔍 Searching 'nail salon' in Fairfield...
  🔍 Searching 'grocery' in Fairfield...
  🔍 Searching 'laundromat' in Fairfield...
  🔍 Searching 'dry cleaner' in Fairfield...
  🔍 Searching 'auto repair' in Fairfield...
  🔍 Searching 'food truck' in Fairfield...

📍 Processing Town: RIDGEFIELD (Priority Target)
  🔍 Searching 'restaurant' in Ridgefield...
  🔍 Searching 'deli' in Ridgefield...
  🔍 Searching 'bakery' in Ridgefield...
  🔍 Searching 'cafe' in Ridgefield...
  🔍 Searching 'salon' in Ridgefield...
  🔍 Searching 'barbershop' in Ridgefield...
  🔍 Searching 'nail salon' in Ridgefield...
  🔍 Searching 'grocery' in Ridgefield...
  🔍 Searching 'laundromat' in Ridgefield...
  🔍 Searching 'dry cleaner' in Ridgefield...
  🔍 Searching 'auto repair' in Ridgefield...
  🔍 Searching 'food truck' in Ridgefield...

📍 Processing Town: WESTON (Priority Target)
  🔍 Searching 'restaurant' in Weston...
  🔍 Searching 'deli' in Weston...
  🔍 Searching 'bakery' in Weston...
  🔍 Searching 'cafe' in Weston...
  🔍 Searching 'salon' in Weston...
  🔍 Searching 'barbershop' in Weston...
  🔍 Searching 'nail salon' in Weston...
  🔍 Searching 'grocery' in Weston...
  🔍 Searching 'laundromat' in Weston...
  🔍 Searching 'dry cleaner' in Weston...
  🔍 Searching 'auto repair' in Weston...
  🔍 Searching 'food truck' in Weston...

📍 Processing Town: TRUMBULL (Priority Target)
  🔍 Searching 'restaurant' in Trumbull...
  🔍 Searching 'deli' in Trumbull...
  🔍 Searching 'bakery' in Trumbull...
  🔍 Searching 'cafe' in Trumbull...
  🔍 Searching 'salon' in Trumbull...
  🔍 Searching 'barbershop' in Trumbull...
  🔍 Searching 'nail salon' in Trumbull...
  🔍 Searching 'grocery' in Trumbull...
  🔍 Searching 'laundromat' in Trumbull...
  🔍 Searching 'dry cleaner' in Trumbull...
  🔍 Searching 'auto repair' in Trumbull...
  🔍 Searching 'food truck' in Trumbull...

📍 Processing Town: STRATFORD (Priority Target)
  🔍 Searching 'restaurant' in Stratford...
  🔍 Searching 'deli' in Stratford...
  🔍 Searching 'bakery' in Stratford...
  🔍 Searching 'cafe' in Stratford...
  🔍 Searching 'salon' in Stratford...
  🔍 Searching 'barbershop' in Stratford...
  🔍 Searching 'nail salon' in Stratford...
  🔍 Searching 'grocery' in Stratford...
  🔍 Searching 'laundromat' in Stratford...
  🔍 Searching 'dry cleaner' in Stratford...
  🔍 Searching 'auto repair' in Stratford...
  🔍 Searching 'food truck' in Stratford...

📍 Processing Town: BRIDGEPORT (Priority Target)
  🔍 Searching 'restaurant' in Bridgeport...
  🔍 Searching 'deli' in Bridgeport...
  🔍 Searching 'bakery' in Bridgeport...
  🔍 Searching 'cafe' in Bridgeport...
  🔍 Searching 'salon' in Bridgeport...
  🔍 Searching 'barbershop' in Bridgeport...
  🔍 Searching 'nail salon' in Bridgeport...
  🔍 Searching 'grocery' in Bridgeport...
  🔍 Searching 'laundromat' in Bridgeport...
  🔍 Searching 'dry cleaner' in Bridgeport...
  🔍 Searching 'auto repair' in Bridgeport...
  🔍 Searching 'food truck' in Bridgeport...

📍 Processing Town: MILFORD (Priority Target)
  🔍 Searching 'restaurant' in Milford...
  🔍 Searching 'deli' in Milford...
  🔍 Searching 'bakery' in Milford...
  🔍 Searching 'cafe' in Milford...
  🔍 Searching 'salon' in Milford...
  🔍 Searching 'barbershop' in Milford...
  🔍 Searching 'nail salon' in Milford...
  🔍 Searching 'grocery' in Milford...
  🔍 Searching 'laundromat' in Milford...
  🔍 Searching 'dry cleaner' in Milford...
  🔍 Searching 'auto repair' in Milford...
  🔍 Searching 'food truck' in Milford...

📍 Processing Town: ORANGE (Priority Target)
  🔍 Searching 'restaurant' in Orange...
  🔍 Searching 'deli' in Orange...
  🔍 Searching 'bakery' in Orange...
  🔍 Searching 'cafe' in Orange...
  🔍 Searching 'salon' in Orange...
  🔍 Searching 'barbershop' in Orange...
  🔍 Searching 'nail salon' in Orange...
  🔍 Searching 'grocery' in Orange...
  🔍 Searching 'laundromat' in Orange...
  🔍 Searching 'dry cleaner' in Orange...
  🔍 Searching 'auto repair' in Orange...
  🔍 Searching 'food truck' in Orange...

📍 Processing Town: SHELTON (Priority Target)
  🔍 Searching 'restaurant' in Shelton...
  🔍 Searching 'deli' in Shelton...
  🔍 Searching 'bakery' in Shelton...
  🔍 Searching 'cafe' in Shelton...
  🔍 Searching 'salon' in Shelton...
  🔍 Searching 'barbershop' in Shelton...
  🔍 Searching 'nail salon' in Shelton...
  🔍 Searching 'grocery' in Shelton...
  🔍 Searching 'laundromat' in Shelton...
  🔍 Searching 'dry cleaner' in Shelton...
  🔍 Searching 'auto repair' in Shelton...
  🔍 Searching 'food truck' in Shelton...

📍 Processing Town: BETHEL (Priority Target)
  🔍 Searching 'restaurant' in Bethel...
  🔍 Searching 'deli' in Bethel...
  🔍 Searching 'bakery' in Bethel...
  🔍 Searching 'cafe' in Bethel...
  🔍 Searching 'salon' in Bethel...
  🔍 Searching 'barbershop' in Bethel...
  🔍 Searching 'nail salon' in Bethel...
  🔍 Searching 'grocery' in Bethel...
  🔍 Searching 'laundromat' in Bethel...
  🔍 Searching 'dry cleaner' in Bethel...
  🔍 Searching 'auto repair' in Bethel...
  🔍 Searching 'food truck' in Bethel...

📍 Processing Town: DANBURY (Priority Target)
  🔍 Searching 'restaurant' in Danbury...
  🔍 Searching 'deli' in Danbury...
  🔍 Searching 'bakery' in Danbury...
  🔍 Searching 'cafe' in Danbury...
  🔍 Searching 'salon' in Danbury...
  🔍 Searching 'barbershop' in Danbury...
  🔍 Searching 'nail salon' in Danbury...
  🔍 Searching 'grocery' in Danbury...
  🔍 Searching 'laundromat' in Danbury...
  🔍 Searching 'dry cleaner' in Danbury...
  🔍 Searching 'auto repair' in Danbury...
  🔍 Searching 'food truck' in Danbury...

📍 Processing Town: NEWTOWN (Priority Target)
  🔍 Searching 'restaurant' in Newtown...
  🔍 Searching 'deli' in Newtown...
  🔍 Searching 'bakery' in Newtown...
  🔍 Searching 'cafe' in Newtown...
  🔍 Searching 'salon' in Newtown...
  🔍 Searching 'barbershop' in Newtown...
  🔍 Searching 'nail salon' in Newtown...
  🔍 Searching 'grocery' in Newtown...
  🔍 Searching 'laundromat' in Newtown...
  🔍 Searching 'dry cleaner' in Newtown...
  🔍 Searching 'auto repair' in Newtown...
  🔍 Searching 'food truck' in Newtown...

📍 Processing Town: MONROE (Priority Target)
  🔍 Searching 'restaurant' in Monroe...
  🔍 Searching 'deli' in Monroe...
  🔍 Searching 'bakery' in Monroe...
  🔍 Searching 'cafe' in Monroe...
  🔍 Searching 'salon' in Monroe...
  🔍 Searching 'barbershop' in Monroe...
  🔍 Searching 'nail salon' in Monroe...
  🔍 Searching 'grocery' in Monroe...
  🔍 Searching 'laundromat' in Monroe...
  🔍 Searching 'dry cleaner' in Monroe...
  🔍 Searching 'auto repair' in Monroe...
  🔍 Searching 'food truck' in Monroe...
✅ Saved 68 website-verified email lead entries to 'local_business_leads.csv'.
🔑 Authenticating with Google Sheets API...
📤 Uploading 68 verified email leads to Google Sheet (Zero Email-less Rows)...
✅ Successfully updated live Google Sheet with ONLY verified email leads!
🔗 View Sheet: https://docs.google.com/spreadsheets/d/1twWEsJ6jpAUEDd0zpF8lWOgkNoFWPjpRrlZV34gqkn4/edit?gid=0#gid=0
✅ Pass #16 complete! Synced 68 verified email leads live.
💤 Resting 60 seconds before Pass #17...


🚀 --- Starting Overnight Pass #17 ---

📍 Processing Town: NORWALK (Priority Target)
  🔍 Searching 'restaurant' in Norwalk...
  🔍 Searching 'deli' in Norwalk...
  🔍 Searching 'bakery' in Norwalk...
  🔍 Searching 'cafe' in Norwalk...
  🔍 Searching 'salon' in Norwalk...
  🔍 Searching 'barbershop' in Norwalk...
  🔍 Searching 'nail salon' in Norwalk...
  🔍 Searching 'grocery' in Norwalk...
  🔍 Searching 'laundromat' in Norwalk...
  🔍 Searching 'dry cleaner' in Norwalk...
  🔍 Searching 'auto repair' in Norwalk...
  🔍 Searching 'food truck' in Norwalk...

📍 Processing Town: WILTON (Priority Target)
  🔍 Searching 'restaurant' in Wilton...
  🔍 Searching 'deli' in Wilton...
  🔍 Searching 'bakery' in Wilton...
  🔍 Searching 'cafe' in Wilton...
  🔍 Searching 'salon' in Wilton...
  🔍 Searching 'barbershop' in Wilton...
  🔍 Searching 'nail salon' in Wilton...
  🔍 Searching 'grocery' in Wilton...
  🔍 Searching 'laundromat' in Wilton...
  🔍 Searching 'dry cleaner' in Wilton...
  🔍 Searching 'auto repair' in Wilton...
  🔍 Searching 'food truck' in Wilton...

📍 Processing Town: DARIEN (Priority Target)
  🔍 Searching 'restaurant' in Darien...
  🔍 Searching 'deli' in Darien...
  🔍 Searching 'bakery' in Darien...
  🔍 Searching 'cafe' in Darien...
  🔍 Searching 'salon' in Darien...
  🔍 Searching 'barbershop' in Darien...
  🔍 Searching 'nail salon' in Darien...
  🔍 Searching 'grocery' in Darien...
  🔍 Searching 'laundromat' in Darien...
  🔍 Searching 'dry cleaner' in Darien...
  🔍 Searching 'auto repair' in Darien...
  🔍 Searching 'food truck' in Darien...

📍 Processing Town: WESTPORT (Priority Target)
  🔍 Searching 'restaurant' in Westport...
  🔍 Searching 'deli' in Westport...
  🔍 Searching 'bakery' in Westport...
  🔍 Searching 'cafe' in Westport...
  🔍 Searching 'salon' in Westport...
  🔍 Searching 'barbershop' in Westport...
  🔍 Searching 'nail salon' in Westport...
  🔍 Searching 'grocery' in Westport...
  🔍 Searching 'laundromat' in Westport...
  🔍 Searching 'dry cleaner' in Westport...
  🔍 Searching 'auto repair' in Westport...
  🔍 Searching 'food truck' in Westport...

📍 Processing Town: FAIRFIELD (Priority Target)
  🔍 Searching 'restaurant' in Fairfield...
  🔍 Searching 'deli' in Fairfield...
  🔍 Searching 'bakery' in Fairfield...
  🔍 Searching 'cafe' in Fairfield...
  🔍 Searching 'salon' in Fairfield...
  🔍 Searching 'barbershop' in Fairfield...
  🔍 Searching 'nail salon' in Fairfield...
  🔍 Searching 'grocery' in Fairfield...
  🔍 Searching 'laundromat' in Fairfield...
  🔍 Searching 'dry cleaner' in Fairfield...
  🔍 Searching 'auto repair' in Fairfield...
  🔍 Searching 'food truck' in Fairfield...

📍 Processing Town: RIDGEFIELD (Priority Target)
  🔍 Searching 'restaurant' in Ridgefield...
  🔍 Searching 'deli' in Ridgefield...
  🔍 Searching 'bakery' in Ridgefield...
  🔍 Searching 'cafe' in Ridgefield...
  🔍 Searching 'salon' in Ridgefield...
  🔍 Searching 'barbershop' in Ridgefield...
  🔍 Searching 'nail salon' in Ridgefield...
  🔍 Searching 'grocery' in Ridgefield...
  🔍 Searching 'laundromat' in Ridgefield...
  🔍 Searching 'dry cleaner' in Ridgefield...
  🔍 Searching 'auto repair' in Ridgefield...
  🔍 Searching 'food truck' in Ridgefield...

📍 Processing Town: WESTON (Priority Target)
  🔍 Searching 'restaurant' in Weston...
  🔍 Searching 'deli' in Weston...
  🔍 Searching 'bakery' in Weston...
  🔍 Searching 'cafe' in Weston...
  🔍 Searching 'salon' in Weston...
  🔍 Searching 'barbershop' in Weston...
  🔍 Searching 'nail salon' in Weston...
  🔍 Searching 'grocery' in Weston...
  🔍 Searching 'laundromat' in Weston...
  🔍 Searching 'dry cleaner' in Weston...
  🔍 Searching 'auto repair' in Weston...
  🔍 Searching 'food truck' in Weston...

📍 Processing Town: TRUMBULL (Priority Target)
  🔍 Searching 'restaurant' in Trumbull...
  🔍 Searching 'deli' in Trumbull...
  🔍 Searching 'bakery' in Trumbull...
  🔍 Searching 'cafe' in Trumbull...
  🔍 Searching 'salon' in Trumbull...
  🔍 Searching 'barbershop' in Trumbull...
/Users/andresmcmahon/Documents/LANGUAGE TOOL/.venv/lib/python3.9/site-packages/urllib3/__init__.py:35: NotOpenSSLWarning: urllib3 v2 only supports OpenSSL 1.1.1+, currently the 'ssl' module is compiled with 'LibreSSL 2.8.3'. See: https://github.com/urllib3/urllib3/issues/3020
  warnings.warn(
/Users/andresmcmahon/Documents/LANGUAGE TOOL/.venv/lib/python3.9/site-packages/google/auth/__init__.py:54: FutureWarning: You are using a Python version 3.9 past its end of life. Google will update google-auth with critical bug fixes on a best-effort basis, but not with any other fixes or features. Please upgrade your Python version, and then update google-auth.
  warnings.warn(eol_message.format("3.9"), FutureWarning)
/Users/andresmcmahon/Documents/LANGUAGE TOOL/.venv/lib/python3.9/site-packages/google/oauth2/__init__.py:40: FutureWarning: You are using a Python version 3.9 past its end of life. Google will update google-auth with critical bug fixes on a best-effort basis, but not with any other fixes or features. Please upgrade your Python version, and then update google-auth.
  warnings.warn(eol_message.format("3.9"), FutureWarning)
==================================================
 🌙 OVERNIGHT CONTINUOUS CT LOCAL LEAD SCRAPER
==================================================
Target Towns: Norwalk, Wilton, Darien, Westport, Fairfield, Ridgefield, Weston, Trumbull, Stratford, Bridgeport, Milford, Orange, Shelton, Bethel, Danbury, Newtown, Monroe
Strict Policy: NO Stamford, NO New Canaan, NO Greenwich.
Filter: VERIFIED REAL EMAILS ONLY + STRICT DEDUPLICATION.
==================================================


🚀 --- Starting Overnight Pass #1 ---

📍 Processing Town: NORWALK (Priority Target)
  🔍 Searching 'restaurant' in Norwalk...
  🔍 Searching 'deli' in Norwalk...
  🔍 Searching 'bakery' in Norwalk...
  🔍 Searching 'cafe' in Norwalk...
  🔍 Searching 'salon' in Norwalk...
  🔍 Searching 'barbershop' in Norwalk...
  🔍 Searching 'nail salon' in Norwalk...
  🔍 Searching 'grocery' in Norwalk...
  🔍 Searching 'laundromat' in Norwalk...
  🔍 Searching 'dry cleaner' in Norwalk...
  🔍 Searching 'auto repair' in Norwalk...
  🔍 Searching 'food truck' in Norwalk...

📍 Processing Town: WILTON (Priority Target)
  🔍 Searching 'restaurant' in Wilton...
  🔍 Searching 'deli' in Wilton...
  🔍 Searching 'bakery' in Wilton...
  🔍 Searching 'cafe' in Wilton...
  🔍 Searching 'salon' in Wilton...
  🔍 Searching 'barbershop' in Wilton...
  🔍 Searching 'nail salon' in Wilton...
  🔍 Searching 'grocery' in Wilton...
  🔍 Searching 'laundromat' in Wilton...
  🔍 Searching 'dry cleaner' in Wilton...
  🔍 Searching 'auto repair' in Wilton...
  🔍 Searching 'food truck' in Wilton...

📍 Processing Town: DARIEN (Priority Target)
  🔍 Searching 'restaurant' in Darien...
  🔍 Searching 'deli' in Darien...
  🔍 Searching 'bakery' in Darien...
  🔍 Searching 'cafe' in Darien...
  🔍 Searching 'salon' in Darien...
  🔍 Searching 'barbershop' in Darien...
  🔍 Searching 'nail salon' in Darien...
  🔍 Searching 'grocery' in Darien...
  🔍 Searching 'laundromat' in Darien...
  🔍 Searching 'dry cleaner' in Darien...
  🔍 Searching 'auto repair' in Darien...
  🔍 Searching 'food truck' in Darien...

📍 Processing Town: WESTPORT (Priority Target)
  🔍 Searching 'restaurant' in Westport...
  🔍 Searching 'deli' in Westport...
  🔍 Searching 'bakery' in Westport...
  🔍 Searching 'cafe' in Westport...
  🔍 Searching 'salon' in Westport...
  🔍 Searching 'barbershop' in Westport...
  🔍 Searching 'nail salon' in Westport...
  🔍 Searching 'grocery' in Westport...
  🔍 Searching 'laundromat' in Westport...
  🔍 Searching 'dry cleaner' in Westport...
  🔍 Searching 'auto repair' in Westport...
  🔍 Searching 'food truck' in Westport...

📍 Processing Town: FAIRFIELD (Priority Target)
  🔍 Searching 'restaurant' in Fairfield...
  🔍 Searching 'deli' in Fairfield...
  🔍 Searching 'bakery' in Fairfield...
  🔍 Searching 'cafe' in Fairfield...
  🔍 Searching 'salon' in Fairfield...
  🔍 Searching 'barbershop' in Fairfield...
  🔍 Searching 'nail salon' in Fairfield...
  🔍 Searching 'grocery' in Fairfield...
  🔍 Searching 'laundromat' in Fairfield...
  🔍 Searching 'dry cleaner' in Fairfield...
  🔍 Searching 'auto repair' in Fairfield...
  🔍 Searching 'food truck' in Fairfield...

📍 Processing Town: RIDGEFIELD (Priority Target)
  🔍 Searching 'restaurant' in Ridgefield...
  🔍 Searching 'deli' in Ridgefield...
  🔍 Searching 'bakery' in Ridgefield...
  🔍 Searching 'cafe' in Ridgefield...
  🔍 Searching 'salon' in Ridgefield...
  🔍 Searching 'barbershop' in Ridgefield...
  🔍 Searching 'nail salon' in Ridgefield...
  🔍 Searching 'grocery' in Ridgefield...
  🔍 Searching 'laundromat' in Ridgefield...
  🔍 Searching 'dry cleaner' in Ridgefield...
  🔍 Searching 'auto repair' in Ridgefield...
  🔍 Searching 'food truck' in Ridgefield...

📍 Processing Town: WESTON (Priority Target)
  🔍 Searching 'restaurant' in Weston...
  🔍 Searching 'deli' in Weston...
  🔍 Searching 'bakery' in Weston...
  🔍 Searching 'cafe' in Weston...
  🔍 Searching 'salon' in Weston...
  🔍 Searching 'barbershop' in Weston...
  🔍 Searching 'nail salon' in Weston...
  🔍 Searching 'grocery' in Weston...
  🔍 Searching 'laundromat' in Weston...
  🔍 Searching 'dry cleaner' in Weston...
  🔍 Searching 'auto repair' in Weston...
  🔍 Searching 'food truck' in Weston...

📍 Processing Town: TRUMBULL (Priority Target)
  🔍 Searching 'restaurant' in Trumbull...
  🔍 Searching 'deli' in Trumbull...
  🔍 Searching 'bakery' in Trumbull...
  🔍 Searching 'cafe' in Trumbull...
  🔍 Searching 'salon' in Trumbull...
  🔍 Searching 'barbershop' in Trumbull...
  🔍 Searching 'nail salon' in Trumbull...
  🔍 Searching 'grocery' in Trumbull...
  🔍 Searching 'laundromat' in Trumbull...
  🔍 Searching 'dry cleaner' in Trumbull...
  🔍 Searching 'auto repair' in Trumbull...
  🔍 Searching 'food truck' in Trumbull...

📍 Processing Town: STRATFORD (Priority Target)
  🔍 Searching 'restaurant' in Stratford...
  🔍 Searching 'deli' in Stratford...
  🔍 Searching 'bakery' in Stratford...
  🔍 Searching 'cafe' in Stratford...
  🔍 Searching 'salon' in Stratford...
  🔍 Searching 'barbershop' in Stratford...
  🔍 Searching 'nail salon' in Stratford...
  🔍 Searching 'grocery' in Stratford...
  🔍 Searching 'laundromat' in Stratford...
  🔍 Searching 'dry cleaner' in Stratford...
  🔍 Searching 'auto repair' in Stratford...
  🔍 Searching 'food truck' in Stratford...

📍 Processing Town: BRIDGEPORT (Priority Target)
  🔍 Searching 'restaurant' in Bridgeport...
  🔍 Searching 'deli' in Bridgeport...
  🔍 Searching 'bakery' in Bridgeport...
  🔍 Searching 'cafe' in Bridgeport...
  🔍 Searching 'salon' in Bridgeport...
  🔍 Searching 'barbershop' in Bridgeport...
  🔍 Searching 'nail salon' in Bridgeport...
  🔍 Searching 'grocery' in Bridgeport...
  🔍 Searching 'laundromat' in Bridgeport...
  🔍 Searching 'dry cleaner' in Bridgeport...
  🔍 Searching 'auto repair' in Bridgeport...
  🔍 Searching 'food truck' in Bridgeport...

📍 Processing Town: MILFORD (Priority Target)
  🔍 Searching 'restaurant' in Milford...
  🔍 Searching 'deli' in Milford...
  🔍 Searching 'bakery' in Milford...
  🔍 Searching 'cafe' in Milford...
  🔍 Searching 'salon' in Milford...
  🔍 Searching 'barbershop' in Milford...
  🔍 Searching 'nail salon' in Milford...
  🔍 Searching 'grocery' in Milford...
  🔍 Searching 'laundromat' in Milford...
  🔍 Searching 'dry cleaner' in Milford...
  🔍 Searching 'auto repair' in Milford...
  🔍 Searching 'food truck' in Milford...

📍 Processing Town: ORANGE (Priority Target)
  🔍 Searching 'restaurant' in Orange...
  🔍 Searching 'deli' in Orange...
  🔍 Searching 'bakery' in Orange...
  🔍 Searching 'cafe' in Orange...
  🔍 Searching 'salon' in Orange...
  🔍 Searching 'barbershop' in Orange...
  🔍 Searching 'nail salon' in Orange...
  🔍 Searching 'grocery' in Orange...
  🔍 Searching 'laundromat' in Orange...
  🔍 Searching 'dry cleaner' in Orange...
  🔍 Searching 'auto repair' in Orange...
  🔍 Searching 'food truck' in Orange...

📍 Processing Town: SHELTON (Priority Target)
  🔍 Searching 'restaurant' in Shelton...
  🔍 Searching 'deli' in Shelton...
  🔍 Searching 'bakery' in Shelton...
  🔍 Searching 'cafe' in Shelton...
  🔍 Searching 'salon' in Shelton...
  🔍 Searching 'barbershop' in Shelton...
  🔍 Searching 'nail salon' in Shelton...
  🔍 Searching 'grocery' in Shelton...
  🔍 Searching 'laundromat' in Shelton...
  🔍 Searching 'dry cleaner' in Shelton...
  🔍 Searching 'auto repair' in Shelton...
  🔍 Searching 'food truck' in Shelton...

📍 Processing Town: BETHEL (Priority Target)
  🔍 Searching 'restaurant' in Bethel...
  🔍 Searching 'deli' in Bethel...
  🔍 Searching 'bakery' in Bethel...
  🔍 Searching 'cafe' in Bethel...
  🔍 Searching 'salon' in Bethel...
  🔍 Searching 'barbershop' in Bethel...
  🔍 Searching 'nail salon' in Bethel...
  🔍 Searching 'grocery' in Bethel...
  🔍 Searching 'laundromat' in Bethel...
  🔍 Searching 'dry cleaner' in Bethel...
  🔍 Searching 'auto repair' in Bethel...
  🔍 Searching 'food truck' in Bethel...

📍 Processing Town: DANBURY (Priority Target)
  🔍 Searching 'restaurant' in Danbury...
  🔍 Searching 'deli' in Danbury...
  🔍 Searching 'bakery' in Danbury...
  🔍 Searching 'cafe' in Danbury...
  🔍 Searching 'salon' in Danbury...
  🔍 Searching 'barbershop' in Danbury...
  🔍 Searching 'nail salon' in Danbury...
  🔍 Searching 'grocery' in Danbury...
  🔍 Searching 'laundromat' in Danbury...
  🔍 Searching 'dry cleaner' in Danbury...
  🔍 Searching 'auto repair' in Danbury...
  🔍 Searching 'food truck' in Danbury...

📍 Processing Town: NEWTOWN (Priority Target)
  🔍 Searching 'restaurant' in Newtown...
  🔍 Searching 'deli' in Newtown...
  🔍 Searching 'bakery' in Newtown...
  🔍 Searching 'cafe' in Newtown...
  🔍 Searching 'salon' in Newtown...
  🔍 Searching 'barbershop' in Newtown...
  🔍 Searching 'nail salon' in Newtown...
  🔍 Searching 'grocery' in Newtown...
  🔍 Searching 'laundromat' in Newtown...
  🔍 Searching 'dry cleaner' in Newtown...
  🔍 Searching 'auto repair' in Newtown...
  🔍 Searching 'food truck' in Newtown...

📍 Processing Town: MONROE (Priority Target)
  🔍 Searching 'restaurant' in Monroe...
  🔍 Searching 'deli' in Monroe...
  🔍 Searching 'bakery' in Monroe...
  🔍 Searching 'cafe' in Monroe...
  🔍 Searching 'salon' in Monroe...
  🔍 Searching 'barbershop' in Monroe...
  🔍 Searching 'nail salon' in Monroe...
  🔍 Searching 'grocery' in Monroe...
  🔍 Searching 'laundromat' in Monroe...
  🔍 Searching 'dry cleaner' in Monroe...
  🔍 Searching 'auto repair' in Monroe...
  🔍 Searching 'food truck' in Monroe...
✅ Saved 84 website-verified email lead entries to 'local_business_leads.csv'.
🔑 Authenticating with Google Sheets API...
📤 Uploading 84 verified email leads to Google Sheet (Zero Email-less Rows)...
✅ Successfully updated live Google Sheet with ONLY verified email leads!
🔗 View Sheet: https://docs.google.com/spreadsheets/d/1twWEsJ6jpAUEDd0zpF8lWOgkNoFWPjpRrlZV34gqkn4/edit?gid=0#gid=0
✅ Pass #1 complete! Synced 84 verified email leads live.
💤 Resting 60 seconds before Pass #2...


🚀 --- Starting Overnight Pass #2 ---

📍 Processing Town: NORWALK (Priority Target)
  🔍 Searching 'restaurant' in Norwalk...
  🔍 Searching 'deli' in Norwalk...
  🔍 Searching 'bakery' in Norwalk...
  🔍 Searching 'cafe' in Norwalk...
  🔍 Searching 'salon' in Norwalk...
  🔍 Searching 'barbershop' in Norwalk...
  🔍 Searching 'nail salon' in Norwalk...
  🔍 Searching 'grocery' in Norwalk...
  🔍 Searching 'laundromat' in Norwalk...
  🔍 Searching 'dry cleaner' in Norwalk...
  🔍 Searching 'auto repair' in Norwalk...
  🔍 Searching 'food truck' in Norwalk...

📍 Processing Town: WILTON (Priority Target)
  🔍 Searching 'restaurant' in Wilton...
  🔍 Searching 'deli' in Wilton...
  🔍 Searching 'bakery' in Wilton...
  🔍 Searching 'cafe' in Wilton...
  🔍 Searching 'salon' in Wilton...
  🔍 Searching 'barbershop' in Wilton...
  🔍 Searching 'nail salon' in Wilton...
  🔍 Searching 'grocery' in Wilton...
  🔍 Searching 'laundromat' in Wilton...
  🔍 Searching 'dry cleaner' in Wilton...
  🔍 Searching 'auto repair' in Wilton...
  🔍 Searching 'food truck' in Wilton...

📍 Processing Town: DARIEN (Priority Target)
  🔍 Searching 'restaurant' in Darien...
  🔍 Searching 'deli' in Darien...
  🔍 Searching 'bakery' in Darien...
  🔍 Searching 'cafe' in Darien...
  🔍 Searching 'salon' in Darien...
  🔍 Searching 'barbershop' in Darien...
  🔍 Searching 'nail salon' in Darien...
  🔍 Searching 'grocery' in Darien...
  🔍 Searching 'laundromat' in Darien...
  🔍 Searching 'dry cleaner' in Darien...
  🔍 Searching 'auto repair' in Darien...
  🔍 Searching 'food truck' in Darien...

📍 Processing Town: WESTPORT (Priority Target)
  🔍 Searching 'restaurant' in Westport...
  🔍 Searching 'deli' in Westport...
  🔍 Searching 'bakery' in Westport...
  🔍 Searching 'cafe' in Westport...
  🔍 Searching 'salon' in Westport...
  🔍 Searching 'barbershop' in Westport...
  🔍 Searching 'nail salon' in Westport...
  🔍 Searching 'grocery' in Westport...
  🔍 Searching 'laundromat' in Westport...
  🔍 Searching 'dry cleaner' in Westport...
  🔍 Searching 'auto repair' in Westport...
  🔍 Searching 'food truck' in Westport...

📍 Processing Town: FAIRFIELD (Priority Target)
  🔍 Searching 'restaurant' in Fairfield...
  🔍 Searching 'deli' in Fairfield...
  🔍 Searching 'bakery' in Fairfield...
  🔍 Searching 'cafe' in Fairfield...
  🔍 Searching 'salon' in Fairfield...
  🔍 Searching 'barbershop' in Fairfield...
  🔍 Searching 'nail salon' in Fairfield...
  🔍 Searching 'grocery' in Fairfield...
  🔍 Searching 'laundromat' in Fairfield...
  🔍 Searching 'dry cleaner' in Fairfield...
  🔍 Searching 'auto repair' in Fairfield...
  🔍 Searching 'food truck' in Fairfield...

📍 Processing Town: RIDGEFIELD (Priority Target)
  🔍 Searching 'restaurant' in Ridgefield...
  🔍 Searching 'deli' in Ridgefield...
  🔍 Searching 'bakery' in Ridgefield...
  🔍 Searching 'cafe' in Ridgefield...
  🔍 Searching 'salon' in Ridgefield...
  🔍 Searching 'barbershop' in Ridgefield...
  🔍 Searching 'nail salon' in Ridgefield...
  🔍 Searching 'grocery' in Ridgefield...
  🔍 Searching 'laundromat' in Ridgefield...
  🔍 Searching 'dry cleaner' in Ridgefield...
  🔍 Searching 'auto repair' in Ridgefield...
  🔍 Searching 'food truck' in Ridgefield...

📍 Processing Town: WESTON (Priority Target)
  🔍 Searching 'restaurant' in Weston...
  🔍 Searching 'deli' in Weston...
  🔍 Searching 'bakery' in Weston...
  🔍 Searching 'cafe' in Weston...
  🔍 Searching 'salon' in Weston...
  🔍 Searching 'barbershop' in Weston...
  🔍 Searching 'nail salon' in Weston...
  🔍 Searching 'grocery' in Weston...
  🔍 Searching 'laundromat' in Weston...
  🔍 Searching 'dry cleaner' in Weston...
  🔍 Searching 'auto repair' in Weston...
  🔍 Searching 'food truck' in Weston...

📍 Processing Town: TRUMBULL (Priority Target)
  🔍 Searching 'restaurant' in Trumbull...
  🔍 Searching 'deli' in Trumbull...
  🔍 Searching 'bakery' in Trumbull...
  🔍 Searching 'cafe' in Trumbull...
  🔍 Searching 'salon' in Trumbull...
  🔍 Searching 'barbershop' in Trumbull...
  🔍 Searching 'nail salon' in Trumbull...
  🔍 Searching 'grocery' in Trumbull...
  🔍 Searching 'laundromat' in Trumbull...
  🔍 Searching 'dry cleaner' in Trumbull...
  🔍 Searching 'auto repair' in Trumbull...
  🔍 Searching 'food truck' in Trumbull...

📍 Processing Town: STRATFORD (Priority Target)
  🔍 Searching 'restaurant' in Stratford...
  🔍 Searching 'deli' in Stratford...
  🔍 Searching 'bakery' in Stratford...
  🔍 Searching 'cafe' in Stratford...
  🔍 Searching 'salon' in Stratford...
  🔍 Searching 'barbershop' in Stratford...
  🔍 Searching 'nail salon' in Stratford...
  🔍 Searching 'grocery' in Stratford...
  🔍 Searching 'laundromat' in Stratford...
  🔍 Searching 'dry cleaner' in Stratford...
  🔍 Searching 'auto repair' in Stratford...
  🔍 Searching 'food truck' in Stratford...

📍 Processing Town: BRIDGEPORT (Priority Target)
  🔍 Searching 'restaurant' in Bridgeport...
  🔍 Searching 'deli' in Bridgeport...
  🔍 Searching 'bakery' in Bridgeport...
  🔍 Searching 'cafe' in Bridgeport...
  🔍 Searching 'salon' in Bridgeport...
  🔍 Searching 'barbershop' in Bridgeport...
  🔍 Searching 'nail salon' in Bridgeport...
  🔍 Searching 'grocery' in Bridgeport...
  🔍 Searching 'laundromat' in Bridgeport...
  🔍 Searching 'dry cleaner' in Bridgeport...
  🔍 Searching 'auto repair' in Bridgeport...
  🔍 Searching 'food truck' in Bridgeport...

📍 Processing Town: MILFORD (Priority Target)
  🔍 Searching 'restaurant' in Milford...
  🔍 Searching 'deli' in Milford...
  🔍 Searching 'bakery' in Milford...
  🔍 Searching 'cafe' in Milford...
  🔍 Searching 'salon' in Milford...
  🔍 Searching 'barbershop' in Milford...
  🔍 Searching 'nail salon' in Milford...
  🔍 Searching 'grocery' in Milford...
  🔍 Searching 'laundromat' in Milford...
  🔍 Searching 'dry cleaner' in Milford...
  🔍 Searching 'auto repair' in Milford...
  🔍 Searching 'food truck' in Milford...

📍 Processing Town: ORANGE (Priority Target)
  🔍 Searching 'restaurant' in Orange...
  🔍 Searching 'deli' in Orange...
  🔍 Searching 'bakery' in Orange...
  🔍 Searching 'cafe' in Orange...
  🔍 Searching 'salon' in Orange...
  🔍 Searching 'barbershop' in Orange...
  🔍 Searching 'nail salon' in Orange...
  🔍 Searching 'grocery' in Orange...
  🔍 Searching 'laundromat' in Orange...
  🔍 Searching 'dry cleaner' in Orange...
  🔍 Searching 'auto repair' in Orange...
  🔍 Searching 'food truck' in Orange...

📍 Processing Town: SHELTON (Priority Target)
  🔍 Searching 'restaurant' in Shelton...
  🔍 Searching 'deli' in Shelton...
  🔍 Searching 'bakery' in Shelton...
  🔍 Searching 'cafe' in Shelton...
  🔍 Searching 'salon' in Shelton...
  🔍 Searching 'barbershop' in Shelton...
  🔍 Searching 'nail salon' in Shelton...
  🔍 Searching 'grocery' in Shelton...
  🔍 Searching 'laundromat' in Shelton...
  🔍 Searching 'dry cleaner' in Shelton...
  🔍 Searching 'auto repair' in Shelton...
  🔍 Searching 'food truck' in Shelton...

📍 Processing Town: BETHEL (Priority Target)
  🔍 Searching 'restaurant' in Bethel...
  🔍 Searching 'deli' in Bethel...
  🔍 Searching 'bakery' in Bethel...
  🔍 Searching 'cafe' in Bethel...
  🔍 Searching 'salon' in Bethel...
  🔍 Searching 'barbershop' in Bethel...
  🔍 Searching 'nail salon' in Bethel...
  🔍 Searching 'grocery' in Bethel...
  🔍 Searching 'laundromat' in Bethel...
  🔍 Searching 'dry cleaner' in Bethel...
  🔍 Searching 'auto repair' in Bethel...
  🔍 Searching 'food truck' in Bethel...

📍 Processing Town: DANBURY (Priority Target)
  🔍 Searching 'restaurant' in Danbury...
  🔍 Searching 'deli' in Danbury...
  🔍 Searching 'bakery' in Danbury...
  🔍 Searching 'cafe' in Danbury...
  🔍 Searching 'salon' in Danbury...
  🔍 Searching 'barbershop' in Danbury...
  🔍 Searching 'nail salon' in Danbury...
  🔍 Searching 'grocery' in Danbury...
  🔍 Searching 'laundromat' in Danbury...
  🔍 Searching 'dry cleaner' in Danbury...
  🔍 Searching 'auto repair' in Danbury...
  🔍 Searching 'food truck' in Danbury...

📍 Processing Town: NEWTOWN (Priority Target)
  🔍 Searching 'restaurant' in Newtown...
  🔍 Searching 'deli' in Newtown...
  🔍 Searching 'bakery' in Newtown...
  🔍 Searching 'cafe' in Newtown...
  🔍 Searching 'salon' in Newtown...
  🔍 Searching 'barbershop' in Newtown...
  🔍 Searching 'nail salon' in Newtown...
  🔍 Searching 'grocery' in Newtown...
  🔍 Searching 'laundromat' in Newtown...
  🔍 Searching 'dry cleaner' in Newtown...
  🔍 Searching 'auto repair' in Newtown...
  🔍 Searching 'food truck' in Newtown...

📍 Processing Town: MONROE (Priority Target)
  🔍 Searching 'restaurant' in Monroe...
  🔍 Searching 'deli' in Monroe...
  🔍 Searching 'bakery' in Monroe...
  🔍 Searching 'cafe' in Monroe...
  🔍 Searching 'salon' in Monroe...
  🔍 Searching 'barbershop' in Monroe...
  🔍 Searching 'nail salon' in Monroe...
  🔍 Searching 'grocery' in Monroe...
  🔍 Searching 'laundromat' in Monroe...
  🔍 Searching 'dry cleaner' in Monroe...
  🔍 Searching 'auto repair' in Monroe...
  🔍 Searching 'food truck' in Monroe...
✅ Saved 82 website-verified email lead entries to 'local_business_leads.csv'.
🔑 Authenticating with Google Sheets API...
📤 Uploading 82 verified email leads to Google Sheet (Zero Email-less Rows)...
✅ Successfully updated live Google Sheet with ONLY verified email leads!
🔗 View Sheet: https://docs.google.com/spreadsheets/d/1twWEsJ6jpAUEDd0zpF8lWOgkNoFWPjpRrlZV34gqkn4/edit?gid=0#gid=0
✅ Pass #2 complete! Synced 82 verified email leads live.
💤 Resting 60 seconds before Pass #3...


🚀 --- Starting Overnight Pass #3 ---

📍 Processing Town: NORWALK (Priority Target)
  🔍 Searching 'restaurant' in Norwalk...
  🔍 Searching 'deli' in Norwalk...
  🔍 Searching 'bakery' in Norwalk...
  🔍 Searching 'cafe' in Norwalk...
  🔍 Searching 'salon' in Norwalk...
  🔍 Searching 'barbershop' in Norwalk...
  🔍 Searching 'nail salon' in Norwalk...
  🔍 Searching 'grocery' in Norwalk...
  🔍 Searching 'laundromat' in Norwalk...
  🔍 Searching 'dry cleaner' in Norwalk...
  🔍 Searching 'auto repair' in Norwalk...
  🔍 Searching 'food truck' in Norwalk...

📍 Processing Town: WILTON (Priority Target)
  🔍 Searching 'restaurant' in Wilton...
  🔍 Searching 'deli' in Wilton...
  🔍 Searching 'bakery' in Wilton...
  🔍 Searching 'cafe' in Wilton...
  🔍 Searching 'salon' in Wilton...
  🔍 Searching 'barbershop' in Wilton...
  🔍 Searching 'nail salon' in Wilton...
  🔍 Searching 'grocery' in Wilton...
  🔍 Searching 'laundromat' in Wilton...
  🔍 Searching 'dry cleaner' in Wilton...
  🔍 Searching 'auto repair' in Wilton...
  🔍 Searching 'food truck' in Wilton...

📍 Processing Town: DARIEN (Priority Target)
  🔍 Searching 'restaurant' in Darien...
  🔍 Searching 'deli' in Darien...
  🔍 Searching 'bakery' in Darien...
  🔍 Searching 'cafe' in Darien...
  🔍 Searching 'salon' in Darien...
  🔍 Searching 'barbershop' in Darien...
  🔍 Searching 'nail salon' in Darien...
  🔍 Searching 'grocery' in Darien...
  🔍 Searching 'laundromat' in Darien...
  🔍 Searching 'dry cleaner' in Darien...
  🔍 Searching 'auto repair' in Darien...
  🔍 Searching 'food truck' in Darien...

📍 Processing Town: WESTPORT (Priority Target)
  🔍 Searching 'restaurant' in Westport...
  🔍 Searching 'deli' in Westport...
  🔍 Searching 'bakery' in Westport...
  🔍 Searching 'cafe' in Westport...
  🔍 Searching 'salon' in Westport...
  🔍 Searching 'barbershop' in Westport...
  🔍 Searching 'nail salon' in Westport...
  🔍 Searching 'grocery' in Westport...
  🔍 Searching 'laundromat' in Westport...
  🔍 Searching 'dry cleaner' in Westport...
  🔍 Searching 'auto repair' in Westport...
  🔍 Searching 'food truck' in Westport...

📍 Processing Town: FAIRFIELD (Priority Target)
  🔍 Searching 'restaurant' in Fairfield...
  🔍 Searching 'deli' in Fairfield...
  🔍 Searching 'bakery' in Fairfield...
  🔍 Searching 'cafe' in Fairfield...
  🔍 Searching 'salon' in Fairfield...
  🔍 Searching 'barbershop' in Fairfield...
  🔍 Searching 'nail salon' in Fairfield...
  🔍 Searching 'grocery' in Fairfield...
  🔍 Searching 'laundromat' in Fairfield...
  🔍 Searching 'dry cleaner' in Fairfield...
  🔍 Searching 'auto repair' in Fairfield...
  🔍 Searching 'food truck' in Fairfield...

📍 Processing Town: RIDGEFIELD (Priority Target)
  🔍 Searching 'restaurant' in Ridgefield...
  🔍 Searching 'deli' in Ridgefield...
  🔍 Searching 'bakery' in Ridgefield...
  🔍 Searching 'cafe' in Ridgefield...
  🔍 Searching 'salon' in Ridgefield...
  🔍 Searching 'barbershop' in Ridgefield...
  🔍 Searching 'nail salon' in Ridgefield...
  🔍 Searching 'grocery' in Ridgefield...
  🔍 Searching 'laundromat' in Ridgefield...
  🔍 Searching 'dry cleaner' in Ridgefield...
  🔍 Searching 'auto repair' in Ridgefield...
  🔍 Searching 'food truck' in Ridgefield...

📍 Processing Town: WESTON (Priority Target)
  🔍 Searching 'restaurant' in Weston...
  🔍 Searching 'deli' in Weston...
  🔍 Searching 'bakery' in Weston...
  🔍 Searching 'cafe' in Weston...
  🔍 Searching 'salon' in Weston...
  🔍 Searching 'barbershop' in Weston...
  🔍 Searching 'nail salon' in Weston...
  🔍 Searching 'grocery' in Weston...
  🔍 Searching 'laundromat' in Weston...
  🔍 Searching 'dry cleaner' in Weston...
  🔍 Searching 'auto repair' in Weston...
  🔍 Searching 'food truck' in Weston...

📍 Processing Town: TRUMBULL (Priority Target)
  🔍 Searching 'restaurant' in Trumbull...
  🔍 Searching 'deli' in Trumbull...
  🔍 Searching 'bakery' in Trumbull...
  🔍 Searching 'cafe' in Trumbull...
  🔍 Searching 'salon' in Trumbull...
  🔍 Searching 'barbershop' in Trumbull...
  🔍 Searching 'nail salon' in Trumbull...
  🔍 Searching 'grocery' in Trumbull...
  🔍 Searching 'laundromat' in Trumbull...
  🔍 Searching 'dry cleaner' in Trumbull...
  🔍 Searching 'auto repair' in Trumbull...
  🔍 Searching 'food truck' in Trumbull...

📍 Processing Town: STRATFORD (Priority Target)
  🔍 Searching 'restaurant' in Stratford...
  🔍 Searching 'deli' in Stratford...
  🔍 Searching 'bakery' in Stratford...
  🔍 Searching 'cafe' in Stratford...
  🔍 Searching 'salon' in Stratford...
  🔍 Searching 'barbershop' in Stratford...
  🔍 Searching 'nail salon' in Stratford...
  🔍 Searching 'grocery' in Stratford...
  🔍 Searching 'laundromat' in Stratford...
  🔍 Searching 'dry cleaner' in Stratford...
  🔍 Searching 'auto repair' in Stratford...
  🔍 Searching 'food truck' in Stratford...

📍 Processing Town: BRIDGEPORT (Priority Target)
  🔍 Searching 'restaurant' in Bridgeport...
  🔍 Searching 'deli' in Bridgeport...
  🔍 Searching 'bakery' in Bridgeport...
  🔍 Searching 'cafe' in Bridgeport...
  🔍 Searching 'salon' in Bridgeport...
  🔍 Searching 'barbershop' in Bridgeport...
  🔍 Searching 'nail salon' in Bridgeport...
  🔍 Searching 'grocery' in Bridgeport...
  🔍 Searching 'laundromat' in Bridgeport...
  🔍 Searching 'dry cleaner' in Bridgeport...
  🔍 Searching 'auto repair' in Bridgeport...
  🔍 Searching 'food truck' in Bridgeport...

📍 Processing Town: MILFORD (Priority Target)
  🔍 Searching 'restaurant' in Milford...
  🔍 Searching 'deli' in Milford...
  🔍 Searching 'bakery' in Milford...
  🔍 Searching 'cafe' in Milford...
  🔍 Searching 'salon' in Milford...
  🔍 Searching 'barbershop' in Milford...
  🔍 Searching 'nail salon' in Milford...
  🔍 Searching 'grocery' in Milford...
  🔍 Searching 'laundromat' in Milford...
  🔍 Searching 'dry cleaner' in Milford...
  🔍 Searching 'auto repair' in Milford...
  🔍 Searching 'food truck' in Milford...

📍 Processing Town: ORANGE (Priority Target)
  🔍 Searching 'restaurant' in Orange...
  🔍 Searching 'deli' in Orange...
  🔍 Searching 'bakery' in Orange...
  🔍 Searching 'cafe' in Orange...
  🔍 Searching 'salon' in Orange...
  🔍 Searching 'barbershop' in Orange...
  🔍 Searching 'nail salon' in Orange...
  🔍 Searching 'grocery' in Orange...
  🔍 Searching 'laundromat' in Orange...
  🔍 Searching 'dry cleaner' in Orange...
  🔍 Searching 'auto repair' in Orange...
  🔍 Searching 'food truck' in Orange...

📍 Processing Town: SHELTON (Priority Target)
  🔍 Searching 'restaurant' in Shelton...
  🔍 Searching 'deli' in Shelton...
  🔍 Searching 'bakery' in Shelton...
  🔍 Searching 'cafe' in Shelton...
  🔍 Searching 'salon' in Shelton...
  🔍 Searching 'barbershop' in Shelton...
  🔍 Searching 'nail salon' in Shelton...
  🔍 Searching 'grocery' in Shelton...
  🔍 Searching 'laundromat' in Shelton...
  🔍 Searching 'dry cleaner' in Shelton...
  🔍 Searching 'auto repair' in Shelton...
  🔍 Searching 'food truck' in Shelton...

📍 Processing Town: BETHEL (Priority Target)
  🔍 Searching 'restaurant' in Bethel...
  🔍 Searching 'deli' in Bethel...
  🔍 Searching 'bakery' in Bethel...
  🔍 Searching 'cafe' in Bethel...
  🔍 Searching 'salon' in Bethel...
  🔍 Searching 'barbershop' in Bethel...
  🔍 Searching 'nail salon' in Bethel...
  🔍 Searching 'grocery' in Bethel...
  🔍 Searching 'laundromat' in Bethel...
  🔍 Searching 'dry cleaner' in Bethel...
  🔍 Searching 'auto repair' in Bethel...
  🔍 Searching 'food truck' in Bethel...

📍 Processing Town: DANBURY (Priority Target)
  🔍 Searching 'restaurant' in Danbury...
  🔍 Searching 'deli' in Danbury...
  🔍 Searching 'bakery' in Danbury...
  🔍 Searching 'cafe' in Danbury...
  🔍 Searching 'salon' in Danbury...
  🔍 Searching 'barbershop' in Danbury...
  🔍 Searching 'nail salon' in Danbury...
  🔍 Searching 'grocery' in Danbury...
  🔍 Searching 'laundromat' in Danbury...
  🔍 Searching 'dry cleaner' in Danbury...
  🔍 Searching 'auto repair' in Danbury...
  🔍 Searching 'food truck' in Danbury...

📍 Processing Town: NEWTOWN (Priority Target)
  🔍 Searching 'restaurant' in Newtown...
  🔍 Searching 'deli' in Newtown...
  🔍 Searching 'bakery' in Newtown...
  🔍 Searching 'cafe' in Newtown...
  🔍 Searching 'salon' in Newtown...
  🔍 Searching 'barbershop' in Newtown...
  🔍 Searching 'nail salon' in Newtown...
  🔍 Searching 'grocery' in Newtown...
  🔍 Searching 'laundromat' in Newtown...
  🔍 Searching 'dry cleaner' in Newtown...
  🔍 Searching 'auto repair' in Newtown...
  🔍 Searching 'food truck' in Newtown...

📍 Processing Town: MONROE (Priority Target)
  🔍 Searching 'restaurant' in Monroe...
  🔍 Searching 'deli' in Monroe...
  🔍 Searching 'bakery' in Monroe...
  🔍 Searching 'cafe' in Monroe...
  🔍 Searching 'salon' in Monroe...
  🔍 Searching 'barbershop' in Monroe...
  🔍 Searching 'nail salon' in Monroe...
  🔍 Searching 'grocery' in Monroe...
  🔍 Searching 'laundromat' in Monroe...
  🔍 Searching 'dry cleaner' in Monroe...
  🔍 Searching 'auto repair' in Monroe...
  🔍 Searching 'food truck' in Monroe...
✅ Saved 81 website-verified email lead entries to 'local_business_leads.csv'.
🔑 Authenticating with Google Sheets API...
📤 Uploading 81 verified email leads to Google Sheet (Zero Email-less Rows)...
✅ Successfully updated live Google Sheet with ONLY verified email leads!
🔗 View Sheet: https://docs.google.com/spreadsheets/d/1twWEsJ6jpAUEDd0zpF8lWOgkNoFWPjpRrlZV34gqkn4/edit?gid=0#gid=0
✅ Pass #3 complete! Synced 81 verified email leads live.
💤 Resting 60 seconds before Pass #4...


🚀 --- Starting Overnight Pass #4 ---

📍 Processing Town: NORWALK (Priority Target)
  🔍 Searching 'restaurant' in Norwalk...
  🔍 Searching 'deli' in Norwalk...
  🔍 Searching 'bakery' in Norwalk...
  🔍 Searching 'cafe' in Norwalk...
  🔍 Searching 'salon' in Norwalk...
  🔍 Searching 'barbershop' in Norwalk...
  🔍 Searching 'nail salon' in Norwalk...
  🔍 Searching 'grocery' in Norwalk...
  🔍 Searching 'laundromat' in Norwalk...
  🔍 Searching 'dry cleaner' in Norwalk...
  🔍 Searching 'auto repair' in Norwalk...
  🔍 Searching 'food truck' in Norwalk...

📍 Processing Town: WILTON (Priority Target)
  🔍 Searching 'restaurant' in Wilton...
  🔍 Searching 'deli' in Wilton...
  🔍 Searching 'bakery' in Wilton...
  🔍 Searching 'cafe' in Wilton...
  🔍 Searching 'salon' in Wilton...
  🔍 Searching 'barbershop' in Wilton...
  🔍 Searching 'nail salon' in Wilton...
  🔍 Searching 'grocery' in Wilton...
  🔍 Searching 'laundromat' in Wilton...
  🔍 Searching 'dry cleaner' in Wilton...
  🔍 Searching 'auto repair' in Wilton...
  🔍 Searching 'food truck' in Wilton...

📍 Processing Town: DARIEN (Priority Target)
  🔍 Searching 'restaurant' in Darien...
  🔍 Searching 'deli' in Darien...
  🔍 Searching 'bakery' in Darien...
  🔍 Searching 'cafe' in Darien...
  🔍 Searching 'salon' in Darien...
  🔍 Searching 'barbershop' in Darien...
  🔍 Searching 'nail salon' in Darien...
  🔍 Searching 'grocery' in Darien...
  🔍 Searching 'laundromat' in Darien...
  🔍 Searching 'dry cleaner' in Darien...
  🔍 Searching 'auto repair' in Darien...
  🔍 Searching 'food truck' in Darien...

📍 Processing Town: WESTPORT (Priority Target)
  🔍 Searching 'restaurant' in Westport...
  🔍 Searching 'deli' in Westport...
  🔍 Searching 'bakery' in Westport...
  🔍 Searching 'cafe' in Westport...
  🔍 Searching 'salon' in Westport...
  🔍 Searching 'barbershop' in Westport...
  🔍 Searching 'nail salon' in Westport...
  🔍 Searching 'grocery' in Westport...
  🔍 Searching 'laundromat' in Westport...
  🔍 Searching 'dry cleaner' in Westport...
  🔍 Searching 'auto repair' in Westport...
  🔍 Searching 'food truck' in Westport...

📍 Processing Town: FAIRFIELD (Priority Target)
  🔍 Searching 'restaurant' in Fairfield...
  🔍 Searching 'deli' in Fairfield...
  🔍 Searching 'bakery' in Fairfield...
  🔍 Searching 'cafe' in Fairfield...
  🔍 Searching 'salon' in Fairfield...
  🔍 Searching 'barbershop' in Fairfield...
  🔍 Searching 'nail salon' in Fairfield...
  🔍 Searching 'grocery' in Fairfield...
  🔍 Searching 'laundromat' in Fairfield...
  🔍 Searching 'dry cleaner' in Fairfield...
  🔍 Searching 'auto repair' in Fairfield...
  🔍 Searching 'food truck' in Fairfield...

📍 Processing Town: RIDGEFIELD (Priority Target)
  🔍 Searching 'restaurant' in Ridgefield...
  🔍 Searching 'deli' in Ridgefield...
  🔍 Searching 'bakery' in Ridgefield...
  🔍 Searching 'cafe' in Ridgefield...
  🔍 Searching 'salon' in Ridgefield...
  🔍 Searching 'barbershop' in Ridgefield...
  🔍 Searching 'nail salon' in Ridgefield...
  🔍 Searching 'grocery' in Ridgefield...
  🔍 Searching 'laundromat' in Ridgefield...
  🔍 Searching 'dry cleaner' in Ridgefield...
  🔍 Searching 'auto repair' in Ridgefield...
  🔍 Searching 'food truck' in Ridgefield...

📍 Processing Town: WESTON (Priority Target)
  🔍 Searching 'restaurant' in Weston...
  🔍 Searching 'deli' in Weston...
  🔍 Searching 'bakery' in Weston...
  🔍 Searching 'cafe' in Weston...
  🔍 Searching 'salon' in Weston...
  🔍 Searching 'barbershop' in Weston...
  🔍 Searching 'nail salon' in Weston...
  🔍 Searching 'grocery' in Weston...
  🔍 Searching 'laundromat' in Weston...
  🔍 Searching 'dry cleaner' in Weston...
  🔍 Searching 'auto repair' in Weston...
  🔍 Searching 'food truck' in Weston...

📍 Processing Town: TRUMBULL (Priority Target)
  🔍 Searching 'restaurant' in Trumbull...
  🔍 Searching 'deli' in Trumbull...
  🔍 Searching 'bakery' in Trumbull...
  🔍 Searching 'cafe' in Trumbull...
  🔍 Searching 'salon' in Trumbull...
  🔍 Searching 'barbershop' in Trumbull...
  🔍 Searching 'nail salon' in Trumbull...
  🔍 Searching 'grocery' in Trumbull...
  🔍 Searching 'laundromat' in Trumbull...
  🔍 Searching 'dry cleaner' in Trumbull...
  🔍 Searching 'auto repair' in Trumbull...
  🔍 Searching 'food truck' in Trumbull...

📍 Processing Town: STRATFORD (Priority Target)
  🔍 Searching 'restaurant' in Stratford...
  🔍 Searching 'deli' in Stratford...
  🔍 Searching 'bakery' in Stratford...
  🔍 Searching 'cafe' in Stratford...
  🔍 Searching 'salon' in Stratford...
  🔍 Searching 'barbershop' in Stratford...
  🔍 Searching 'nail salon' in Stratford...
  🔍 Searching 'grocery' in Stratford...
  🔍 Searching 'laundromat' in Stratford...
  🔍 Searching 'dry cleaner' in Stratford...
  🔍 Searching 'auto repair' in Stratford...
  🔍 Searching 'food truck' in Stratford...

📍 Processing Town: BRIDGEPORT (Priority Target)
  🔍 Searching 'restaurant' in Bridgeport...
  🔍 Searching 'deli' in Bridgeport...
  🔍 Searching 'bakery' in Bridgeport...
  🔍 Searching 'cafe' in Bridgeport...
  🔍 Searching 'salon' in Bridgeport...
  🔍 Searching 'barbershop' in Bridgeport...
  🔍 Searching 'nail salon' in Bridgeport...
  🔍 Searching 'grocery' in Bridgeport...
  🔍 Searching 'laundromat' in Bridgeport...
  🔍 Searching 'dry cleaner' in Bridgeport...
  🔍 Searching 'auto repair' in Bridgeport...
  🔍 Searching 'food truck' in Bridgeport...

📍 Processing Town: MILFORD (Priority Target)
  🔍 Searching 'restaurant' in Milford...
  🔍 Searching 'deli' in Milford...
  🔍 Searching 'bakery' in Milford...
  🔍 Searching 'cafe' in Milford...
  🔍 Searching 'salon' in Milford...
  🔍 Searching 'barbershop' in Milford...
  🔍 Searching 'nail salon' in Milford...
  🔍 Searching 'grocery' in Milford...
  🔍 Searching 'laundromat' in Milford...
  🔍 Searching 'dry cleaner' in Milford...
  🔍 Searching 'auto repair' in Milford...
  🔍 Searching 'food truck' in Milford...

📍 Processing Town: ORANGE (Priority Target)
  🔍 Searching 'restaurant' in Orange...
  🔍 Searching 'deli' in Orange...
  🔍 Searching 'bakery' in Orange...
  🔍 Searching 'cafe' in Orange...
  🔍 Searching 'salon' in Orange...
  🔍 Searching 'barbershop' in Orange...
  🔍 Searching 'nail salon' in Orange...
  🔍 Searching 'grocery' in Orange...
  🔍 Searching 'laundromat' in Orange...
  🔍 Searching 'dry cleaner' in Orange...
  🔍 Searching 'auto repair' in Orange...
  🔍 Searching 'food truck' in Orange...

📍 Processing Town: SHELTON (Priority Target)
  🔍 Searching 'restaurant' in Shelton...
  🔍 Searching 'deli' in Shelton...
  🔍 Searching 'bakery' in Shelton...
  🔍 Searching 'cafe' in Shelton...
  🔍 Searching 'salon' in Shelton...
  🔍 Searching 'barbershop' in Shelton...
  🔍 Searching 'nail salon' in Shelton...
  🔍 Searching 'grocery' in Shelton...
  🔍 Searching 'laundromat' in Shelton...
  🔍 Searching 'dry cleaner' in Shelton...
  🔍 Searching 'auto repair' in Shelton...
  🔍 Searching 'food truck' in Shelton...

📍 Processing Town: BETHEL (Priority Target)
  🔍 Searching 'restaurant' in Bethel...
  🔍 Searching 'deli' in Bethel...
  🔍 Searching 'bakery' in Bethel...
  🔍 Searching 'cafe' in Bethel...
  🔍 Searching 'salon' in Bethel...
  🔍 Searching 'barbershop' in Bethel...
  🔍 Searching 'nail salon' in Bethel...
  🔍 Searching 'grocery' in Bethel...
  🔍 Searching 'laundromat' in Bethel...
  🔍 Searching 'dry cleaner' in Bethel...
  🔍 Searching 'auto repair' in Bethel...
  🔍 Searching 'food truck' in Bethel...

📍 Processing Town: DANBURY (Priority Target)
  🔍 Searching 'restaurant' in Danbury...
  🔍 Searching 'deli' in Danbury...
  🔍 Searching 'bakery' in Danbury...
  🔍 Searching 'cafe' in Danbury...
  🔍 Searching 'salon' in Danbury...
  🔍 Searching 'barbershop' in Danbury...
  🔍 Searching 'nail salon' in Danbury...
  🔍 Searching 'grocery' in Danbury...
  🔍 Searching 'laundromat' in Danbury...
  🔍 Searching 'dry cleaner' in Danbury...
  🔍 Searching 'auto repair' in Danbury...
  🔍 Searching 'food truck' in Danbury...

📍 Processing Town: NEWTOWN (Priority Target)
  🔍 Searching 'restaurant' in Newtown...
  🔍 Searching 'deli' in Newtown...
  🔍 Searching 'bakery' in Newtown...
  🔍 Searching 'cafe' in Newtown...
  🔍 Searching 'salon' in Newtown...
  🔍 Searching 'barbershop' in Newtown...
  🔍 Searching 'nail salon' in Newtown...
  🔍 Searching 'grocery' in Newtown...
  🔍 Searching 'laundromat' in Newtown...
  🔍 Searching 'dry cleaner' in Newtown...
  🔍 Searching 'auto repair' in Newtown...
  🔍 Searching 'food truck' in Newtown...

📍 Processing Town: MONROE (Priority Target)
  🔍 Searching 'restaurant' in Monroe...
  🔍 Searching 'deli' in Monroe...
  🔍 Searching 'bakery' in Monroe...
  🔍 Searching 'cafe' in Monroe...
  🔍 Searching 'salon' in Monroe...
  🔍 Searching 'barbershop' in Monroe...
  🔍 Searching 'nail salon' in Monroe...
  🔍 Searching 'grocery' in Monroe...
  🔍 Searching 'laundromat' in Monroe...
  🔍 Searching 'dry cleaner' in Monroe...
  🔍 Searching 'auto repair' in Monroe...
  🔍 Searching 'food truck' in Monroe...
✅ Saved 78 website-verified email lead entries to 'local_business_leads.csv'.
🔑 Authenticating with Google Sheets API...
📤 Uploading 78 verified email leads to Google Sheet (Zero Email-less Rows)...
✅ Successfully updated live Google Sheet with ONLY verified email leads!
🔗 View Sheet: https://docs.google.com/spreadsheets/d/1twWEsJ6jpAUEDd0zpF8lWOgkNoFWPjpRrlZV34gqkn4/edit?gid=0#gid=0
✅ Pass #4 complete! Synced 78 verified email leads live.
💤 Resting 60 seconds before Pass #5...


🚀 --- Starting Overnight Pass #5 ---

📍 Processing Town: NORWALK (Priority Target)
  🔍 Searching 'restaurant' in Norwalk...
  🔍 Searching 'deli' in Norwalk...
  🔍 Searching 'bakery' in Norwalk...
  🔍 Searching 'cafe' in Norwalk...
  🔍 Searching 'salon' in Norwalk...
  🔍 Searching 'barbershop' in Norwalk...
  🔍 Searching 'nail salon' in Norwalk...
  🔍 Searching 'grocery' in Norwalk...
  🔍 Searching 'laundromat' in Norwalk...
  🔍 Searching 'dry cleaner' in Norwalk...
  🔍 Searching 'auto repair' in Norwalk...
  🔍 Searching 'food truck' in Norwalk...

📍 Processing Town: WILTON (Priority Target)
  🔍 Searching 'restaurant' in Wilton...
  🔍 Searching 'deli' in Wilton...
  🔍 Searching 'bakery' in Wilton...
  🔍 Searching 'cafe' in Wilton...
  🔍 Searching 'salon' in Wilton...
  🔍 Searching 'barbershop' in Wilton...
  🔍 Searching 'nail salon' in Wilton...
  🔍 Searching 'grocery' in Wilton...
  🔍 Searching 'laundromat' in Wilton...
  🔍 Searching 'dry cleaner' in Wilton...
  🔍 Searching 'auto repair' in Wilton...
  🔍 Searching 'food truck' in Wilton...

📍 Processing Town: DARIEN (Priority Target)
  🔍 Searching 'restaurant' in Darien...
  🔍 Searching 'deli' in Darien...
  🔍 Searching 'bakery' in Darien...
  🔍 Searching 'cafe' in Darien...
  🔍 Searching 'salon' in Darien...
  🔍 Searching 'barbershop' in Darien...
  🔍 Searching 'nail salon' in Darien...
  🔍 Searching 'grocery' in Darien...
  🔍 Searching 'laundromat' in Darien...
  🔍 Searching 'dry cleaner' in Darien...
  🔍 Searching 'auto repair' in Darien...
  🔍 Searching 'food truck' in Darien...

📍 Processing Town: WESTPORT (Priority Target)
  🔍 Searching 'restaurant' in Westport...
  🔍 Searching 'deli' in Westport...
  🔍 Searching 'bakery' in Westport...
  🔍 Searching 'cafe' in Westport...
  🔍 Searching 'salon' in Westport...
  🔍 Searching 'barbershop' in Westport...
  🔍 Searching 'nail salon' in Westport...
  🔍 Searching 'grocery' in Westport...
  🔍 Searching 'laundromat' in Westport...
  🔍 Searching 'dry cleaner' in Westport...
  🔍 Searching 'auto repair' in Westport...
  🔍 Searching 'food truck' in Westport...

📍 Processing Town: FAIRFIELD (Priority Target)
  🔍 Searching 'restaurant' in Fairfield...
  🔍 Searching 'deli' in Fairfield...
  🔍 Searching 'bakery' in Fairfield...
  🔍 Searching 'cafe' in Fairfield...
  🔍 Searching 'salon' in Fairfield...
  🔍 Searching 'barbershop' in Fairfield...
  🔍 Searching 'nail salon' in Fairfield...
  🔍 Searching 'grocery' in Fairfield...
  🔍 Searching 'laundromat' in Fairfield...
  🔍 Searching 'dry cleaner' in Fairfield...
  🔍 Searching 'auto repair' in Fairfield...
  🔍 Searching 'food truck' in Fairfield...

📍 Processing Town: RIDGEFIELD (Priority Target)
  🔍 Searching 'restaurant' in Ridgefield...
  🔍 Searching 'deli' in Ridgefield...
  🔍 Searching 'bakery' in Ridgefield...
  🔍 Searching 'cafe' in Ridgefield...
  🔍 Searching 'salon' in Ridgefield...
  🔍 Searching 'barbershop' in Ridgefield...
  🔍 Searching 'nail salon' in Ridgefield...
  🔍 Searching 'grocery' in Ridgefield...
  🔍 Searching 'laundromat' in Ridgefield...
  🔍 Searching 'dry cleaner' in Ridgefield...
  🔍 Searching 'auto repair' in Ridgefield...
  🔍 Searching 'food truck' in Ridgefield...

📍 Processing Town: WESTON (Priority Target)
  🔍 Searching 'restaurant' in Weston...
  🔍 Searching 'deli' in Weston...
  🔍 Searching 'bakery' in Weston...
  🔍 Searching 'cafe' in Weston...
  🔍 Searching 'salon' in Weston...
  🔍 Searching 'barbershop' in Weston...
  🔍 Searching 'nail salon' in Weston...
  🔍 Searching 'grocery' in Weston...
  🔍 Searching 'laundromat' in Weston...
  🔍 Searching 'dry cleaner' in Weston...
  🔍 Searching 'auto repair' in Weston...
  🔍 Searching 'food truck' in Weston...

📍 Processing Town: TRUMBULL (Priority Target)
  🔍 Searching 'restaurant' in Trumbull...
  🔍 Searching 'deli' in Trumbull...
  🔍 Searching 'bakery' in Trumbull...
  🔍 Searching 'cafe' in Trumbull...
  🔍 Searching 'salon' in Trumbull...
  🔍 Searching 'barbershop' in Trumbull...
  🔍 Searching 'nail salon' in Trumbull...
  🔍 Searching 'grocery' in Trumbull...
  🔍 Searching 'laundromat' in Trumbull...
  🔍 Searching 'dry cleaner' in Trumbull...
  🔍 Searching 'auto repair' in Trumbull...
  🔍 Searching 'food truck' in Trumbull...

📍 Processing Town: STRATFORD (Priority Target)
  🔍 Searching 'restaurant' in Stratford...
  🔍 Searching 'deli' in Stratford...
  🔍 Searching 'bakery' in Stratford...
  🔍 Searching 'cafe' in Stratford...
  🔍 Searching 'salon' in Stratford...
  🔍 Searching 'barbershop' in Stratford...
  🔍 Searching 'nail salon' in Stratford...
  🔍 Searching 'grocery' in Stratford...
  🔍 Searching 'laundromat' in Stratford...
  🔍 Searching 'dry cleaner' in Stratford...
  🔍 Searching 'auto repair' in Stratford...
  🔍 Searching 'food truck' in Stratford...

📍 Processing Town: BRIDGEPORT (Priority Target)
  🔍 Searching 'restaurant' in Bridgeport...
  🔍 Searching 'deli' in Bridgeport...
  🔍 Searching 'bakery' in Bridgeport...
  🔍 Searching 'cafe' in Bridgeport...
  🔍 Searching 'salon' in Bridgeport...
  🔍 Searching 'barbershop' in Bridgeport...
  🔍 Searching 'nail salon' in Bridgeport...
  🔍 Searching 'grocery' in Bridgeport...
  🔍 Searching 'laundromat' in Bridgeport...
  🔍 Searching 'dry cleaner' in Bridgeport...
  🔍 Searching 'auto repair' in Bridgeport...
  🔍 Searching 'food truck' in Bridgeport...

📍 Processing Town: MILFORD (Priority Target)
  🔍 Searching 'restaurant' in Milford...
  🔍 Searching 'deli' in Milford...
  🔍 Searching 'bakery' in Milford...
  🔍 Searching 'cafe' in Milford...
  🔍 Searching 'salon' in Milford...
  🔍 Searching 'barbershop' in Milford...
  🔍 Searching 'nail salon' in Milford...
  🔍 Searching 'grocery' in Milford...
  🔍 Searching 'laundromat' in Milford...
  🔍 Searching 'dry cleaner' in Milford...
  🔍 Searching 'auto repair' in Milford...
  🔍 Searching 'food truck' in Milford...

📍 Processing Town: ORANGE (Priority Target)
  🔍 Searching 'restaurant' in Orange...
  🔍 Searching 'deli' in Orange...
  🔍 Searching 'bakery' in Orange...
  🔍 Searching 'cafe' in Orange...
  🔍 Searching 'salon' in Orange...
  🔍 Searching 'barbershop' in Orange...
  🔍 Searching 'nail salon' in Orange...
  🔍 Searching 'grocery' in Orange...
  🔍 Searching 'laundromat' in Orange...
  🔍 Searching 'dry cleaner' in Orange...
  🔍 Searching 'auto repair' in Orange...
  🔍 Searching 'food truck' in Orange...

📍 Processing Town: SHELTON (Priority Target)
  🔍 Searching 'restaurant' in Shelton...
  🔍 Searching 'deli' in Shelton...
  🔍 Searching 'bakery' in Shelton...
  🔍 Searching 'cafe' in Shelton...
  🔍 Searching 'salon' in Shelton...
  🔍 Searching 'barbershop' in Shelton...
  🔍 Searching 'nail salon' in Shelton...
  🔍 Searching 'grocery' in Shelton...
  🔍 Searching 'laundromat' in Shelton...
  🔍 Searching 'dry cleaner' in Shelton...
  🔍 Searching 'auto repair' in Shelton...
  🔍 Searching 'food truck' in Shelton...

📍 Processing Town: BETHEL (Priority Target)
  🔍 Searching 'restaurant' in Bethel...
  🔍 Searching 'deli' in Bethel...
  🔍 Searching 'bakery' in Bethel...
  🔍 Searching 'cafe' in Bethel...
  🔍 Searching 'salon' in Bethel...
  🔍 Searching 'barbershop' in Bethel...
  🔍 Searching 'nail salon' in Bethel...
  🔍 Searching 'grocery' in Bethel...
  🔍 Searching 'laundromat' in Bethel...
  🔍 Searching 'dry cleaner' in Bethel...
  🔍 Searching 'auto repair' in Bethel...
  🔍 Searching 'food truck' in Bethel...

📍 Processing Town: DANBURY (Priority Target)
  🔍 Searching 'restaurant' in Danbury...
  🔍 Searching 'deli' in Danbury...
  🔍 Searching 'bakery' in Danbury...
  🔍 Searching 'cafe' in Danbury...
  🔍 Searching 'salon' in Danbury...
  🔍 Searching 'barbershop' in Danbury...
  🔍 Searching 'nail salon' in Danbury...
  🔍 Searching 'grocery' in Danbury...
  🔍 Searching 'laundromat' in Danbury...
  🔍 Searching 'dry cleaner' in Danbury...
  🔍 Searching 'auto repair' in Danbury...
  🔍 Searching 'food truck' in Danbury...

📍 Processing Town: NEWTOWN (Priority Target)
  🔍 Searching 'restaurant' in Newtown...
  🔍 Searching 'deli' in Newtown...
  🔍 Searching 'bakery' in Newtown...
  🔍 Searching 'cafe' in Newtown...
  🔍 Searching 'salon' in Newtown...
  🔍 Searching 'barbershop' in Newtown...
  🔍 Searching 'nail salon' in Newtown...
  🔍 Searching 'grocery' in Newtown...
  🔍 Searching 'laundromat' in Newtown...
  🔍 Searching 'dry cleaner' in Newtown...
  🔍 Searching 'auto repair' in Newtown...
  🔍 Searching 'food truck' in Newtown...

📍 Processing Town: MONROE (Priority Target)
  🔍 Searching 'restaurant' in Monroe...
  🔍 Searching 'deli' in Monroe...
  🔍 Searching 'bakery' in Monroe...
  🔍 Searching 'cafe' in Monroe...
  🔍 Searching 'salon' in Monroe...
  🔍 Searching 'barbershop' in Monroe...
  🔍 Searching 'nail salon' in Monroe...
  🔍 Searching 'grocery' in Monroe...
  🔍 Searching 'laundromat' in Monroe...
  🔍 Searching 'dry cleaner' in Monroe...
  🔍 Searching 'auto repair' in Monroe...
  🔍 Searching 'food truck' in Monroe...
✅ Saved 81 website-verified email lead entries to 'local_business_leads.csv'.
🔑 Authenticating with Google Sheets API...
📤 Uploading 81 verified email leads to Google Sheet (Zero Email-less Rows)...
✅ Successfully updated live Google Sheet with ONLY verified email leads!
🔗 View Sheet: https://docs.google.com/spreadsheets/d/1twWEsJ6jpAUEDd0zpF8lWOgkNoFWPjpRrlZV34gqkn4/edit?gid=0#gid=0
✅ Pass #5 complete! Synced 81 verified email leads live.
💤 Resting 60 seconds before Pass #6...


🚀 --- Starting Overnight Pass #6 ---

📍 Processing Town: NORWALK (Priority Target)
  🔍 Searching 'restaurant' in Norwalk...
  🔍 Searching 'deli' in Norwalk...
  🔍 Searching 'bakery' in Norwalk...
  🔍 Searching 'cafe' in Norwalk...
  🔍 Searching 'salon' in Norwalk...
  🔍 Searching 'barbershop' in Norwalk...
  🔍 Searching 'nail salon' in Norwalk...
  🔍 Searching 'grocery' in Norwalk...
  🔍 Searching 'laundromat' in Norwalk...
  🔍 Searching 'dry cleaner' in Norwalk...
  🔍 Searching 'auto repair' in Norwalk...
  🔍 Searching 'food truck' in Norwalk...

📍 Processing Town: WILTON (Priority Target)
  🔍 Searching 'restaurant' in Wilton...
  🔍 Searching 'deli' in Wilton...
  🔍 Searching 'bakery' in Wilton...
  🔍 Searching 'cafe' in Wilton...
  🔍 Searching 'salon' in Wilton...
  🔍 Searching 'barbershop' in Wilton...
  🔍 Searching 'nail salon' in Wilton...
  🔍 Searching 'grocery' in Wilton...
  🔍 Searching 'laundromat' in Wilton...
  🔍 Searching 'dry cleaner' in Wilton...
  🔍 Searching 'auto repair' in Wilton...
  🔍 Searching 'food truck' in Wilton...

📍 Processing Town: DARIEN (Priority Target)
  🔍 Searching 'restaurant' in Darien...
  🔍 Searching 'deli' in Darien...
  🔍 Searching 'bakery' in Darien...
  🔍 Searching 'cafe' in Darien...
  🔍 Searching 'salon' in Darien...
  🔍 Searching 'barbershop' in Darien...
  🔍 Searching 'nail salon' in Darien...
  🔍 Searching 'grocery' in Darien...
  🔍 Searching 'laundromat' in Darien...
  🔍 Searching 'dry cleaner' in Darien...
  🔍 Searching 'auto repair' in Darien...
  🔍 Searching 'food truck' in Darien...

📍 Processing Town: WESTPORT (Priority Target)
  🔍 Searching 'restaurant' in Westport...
  🔍 Searching 'deli' in Westport...
  🔍 Searching 'bakery' in Westport...
  🔍 Searching 'cafe' in Westport...
  🔍 Searching 'salon' in Westport...
  🔍 Searching 'barbershop' in Westport...
  🔍 Searching 'nail salon' in Westport...
  🔍 Searching 'grocery' in Westport...
  🔍 Searching 'laundromat' in Westport...
  🔍 Searching 'dry cleaner' in Westport...
  🔍 Searching 'auto repair' in Westport...
  🔍 Searching 'food truck' in Westport...

📍 Processing Town: FAIRFIELD (Priority Target)
  🔍 Searching 'restaurant' in Fairfield...
  🔍 Searching 'deli' in Fairfield...
  🔍 Searching 'bakery' in Fairfield...
  🔍 Searching 'cafe' in Fairfield...
  🔍 Searching 'salon' in Fairfield...
  🔍 Searching 'barbershop' in Fairfield...
  🔍 Searching 'nail salon' in Fairfield...
  🔍 Searching 'grocery' in Fairfield...
  🔍 Searching 'laundromat' in Fairfield...
  🔍 Searching 'dry cleaner' in Fairfield...
  🔍 Searching 'auto repair' in Fairfield...
  🔍 Searching 'food truck' in Fairfield...

📍 Processing Town: RIDGEFIELD (Priority Target)
  🔍 Searching 'restaurant' in Ridgefield...
  🔍 Searching 'deli' in Ridgefield...
  🔍 Searching 'bakery' in Ridgefield...
  🔍 Searching 'cafe' in Ridgefield...
  🔍 Searching 'salon' in Ridgefield...
  🔍 Searching 'barbershop' in Ridgefield...
  🔍 Searching 'nail salon' in Ridgefield...
  🔍 Searching 'grocery' in Ridgefield...
  🔍 Searching 'laundromat' in Ridgefield...
  🔍 Searching 'dry cleaner' in Ridgefield...
  🔍 Searching 'auto repair' in Ridgefield...
  🔍 Searching 'food truck' in Ridgefield...

📍 Processing Town: WESTON (Priority Target)
  🔍 Searching 'restaurant' in Weston...
  🔍 Searching 'deli' in Weston...
  🔍 Searching 'bakery' in Weston...
  🔍 Searching 'cafe' in Weston...
  🔍 Searching 'salon' in Weston...
  🔍 Searching 'barbershop' in Weston...
  🔍 Searching 'nail salon' in Weston...
  🔍 Searching 'grocery' in Weston...
  🔍 Searching 'laundromat' in Weston...
  🔍 Searching 'dry cleaner' in Weston...
  🔍 Searching 'auto repair' in Weston...
  🔍 Searching 'food truck' in Weston...

📍 Processing Town: TRUMBULL (Priority Target)
  🔍 Searching 'restaurant' in Trumbull...
  🔍 Searching 'deli' in Trumbull...
  🔍 Searching 'bakery' in Trumbull...
  🔍 Searching 'cafe' in Trumbull...
  🔍 Searching 'salon' in Trumbull...
  🔍 Searching 'barbershop' in Trumbull...
  🔍 Searching 'nail salon' in Trumbull...
  🔍 Searching 'grocery' in Trumbull...
  🔍 Searching 'laundromat' in Trumbull...
  🔍 Searching 'dry cleaner' in Trumbull...
  🔍 Searching 'auto repair' in Trumbull...
  🔍 Searching 'food truck' in Trumbull...

📍 Processing Town: STRATFORD (Priority Target)
  🔍 Searching 'restaurant' in Stratford...
  🔍 Searching 'deli' in Stratford...
  🔍 Searching 'bakery' in Stratford...
  🔍 Searching 'cafe' in Stratford...
  🔍 Searching 'salon' in Stratford...
  🔍 Searching 'barbershop' in Stratford...
  🔍 Searching 'nail salon' in Stratford...
  🔍 Searching 'grocery' in Stratford...
  🔍 Searching 'laundromat' in Stratford...
  🔍 Searching 'dry cleaner' in Stratford...
  🔍 Searching 'auto repair' in Stratford...
  🔍 Searching 'food truck' in Stratford...

📍 Processing Town: BRIDGEPORT (Priority Target)
  🔍 Searching 'restaurant' in Bridgeport...
  🔍 Searching 'deli' in Bridgeport...
  🔍 Searching 'bakery' in Bridgeport...
  🔍 Searching 'cafe' in Bridgeport...
  🔍 Searching 'salon' in Bridgeport...
  🔍 Searching 'barbershop' in Bridgeport...
  🔍 Searching 'nail salon' in Bridgeport...
  🔍 Searching 'grocery' in Bridgeport...
  🔍 Searching 'laundromat' in Bridgeport...
  🔍 Searching 'dry cleaner' in Bridgeport...
  🔍 Searching 'auto repair' in Bridgeport...
  🔍 Searching 'food truck' in Bridgeport...

📍 Processing Town: MILFORD (Priority Target)
  🔍 Searching 'restaurant' in Milford...
  🔍 Searching 'deli' in Milford...
  🔍 Searching 'bakery' in Milford...
  🔍 Searching 'cafe' in Milford...
  🔍 Searching 'salon' in Milford...
  🔍 Searching 'barbershop' in Milford...
  🔍 Searching 'nail salon' in Milford...
  🔍 Searching 'grocery' in Milford...
  🔍 Searching 'laundromat' in Milford...
  🔍 Searching 'dry cleaner' in Milford...
  🔍 Searching 'auto repair' in Milford...
  🔍 Searching 'food truck' in Milford...

📍 Processing Town: ORANGE (Priority Target)
  🔍 Searching 'restaurant' in Orange...
  🔍 Searching 'deli' in Orange...
  🔍 Searching 'bakery' in Orange...
  🔍 Searching 'cafe' in Orange...
  🔍 Searching 'salon' in Orange...
  🔍 Searching 'barbershop' in Orange...
  🔍 Searching 'nail salon' in Orange...
  🔍 Searching 'grocery' in Orange...
  🔍 Searching 'laundromat' in Orange...
  🔍 Searching 'dry cleaner' in Orange...
  🔍 Searching 'auto repair' in Orange...
  🔍 Searching 'food truck' in Orange...

📍 Processing Town: SHELTON (Priority Target)
  🔍 Searching 'restaurant' in Shelton...
  🔍 Searching 'deli' in Shelton...
  🔍 Searching 'bakery' in Shelton...
  🔍 Searching 'cafe' in Shelton...
  🔍 Searching 'salon' in Shelton...
  🔍 Searching 'barbershop' in Shelton...
  🔍 Searching 'nail salon' in Shelton...
  🔍 Searching 'grocery' in Shelton...
  🔍 Searching 'laundromat' in Shelton...
  🔍 Searching 'dry cleaner' in Shelton...
  🔍 Searching 'auto repair' in Shelton...
  🔍 Searching 'food truck' in Shelton...

📍 Processing Town: BETHEL (Priority Target)
  🔍 Searching 'restaurant' in Bethel...
  🔍 Searching 'deli' in Bethel...
  🔍 Searching 'bakery' in Bethel...
  🔍 Searching 'cafe' in Bethel...
  🔍 Searching 'salon' in Bethel...
  🔍 Searching 'barbershop' in Bethel...
  🔍 Searching 'nail salon' in Bethel...
  🔍 Searching 'grocery' in Bethel...
  🔍 Searching 'laundromat' in Bethel...
  🔍 Searching 'dry cleaner' in Bethel...
  🔍 Searching 'auto repair' in Bethel...
  🔍 Searching 'food truck' in Bethel...

📍 Processing Town: DANBURY (Priority Target)
  🔍 Searching 'restaurant' in Danbury...
  🔍 Searching 'deli' in Danbury...
  🔍 Searching 'bakery' in Danbury...
  🔍 Searching 'cafe' in Danbury...
  🔍 Searching 'salon' in Danbury...
  🔍 Searching 'barbershop' in Danbury...
  🔍 Searching 'nail salon' in Danbury...
  🔍 Searching 'grocery' in Danbury...
  🔍 Searching 'laundromat' in Danbury...
  🔍 Searching 'dry cleaner' in Danbury...
  🔍 Searching 'auto repair' in Danbury...
  🔍 Searching 'food truck' in Danbury...

📍 Processing Town: NEWTOWN (Priority Target)
  🔍 Searching 'restaurant' in Newtown...
  🔍 Searching 'deli' in Newtown...
  🔍 Searching 'bakery' in Newtown...
  🔍 Searching 'cafe' in Newtown...
  🔍 Searching 'salon' in Newtown...
  🔍 Searching 'barbershop' in Newtown...
  🔍 Searching 'nail salon' in Newtown...
  🔍 Searching 'grocery' in Newtown...
  🔍 Searching 'laundromat' in Newtown...
  🔍 Searching 'dry cleaner' in Newtown...
  🔍 Searching 'auto repair' in Newtown...
  🔍 Searching 'food truck' in Newtown...

📍 Processing Town: MONROE (Priority Target)
  🔍 Searching 'restaurant' in Monroe...
