[2026-09-16 01:49:28] ====================================================================
[2026-09-16 01:49:28]  🌙 DuoTaps Overnight 1,000 Lead Scraper & Custom Page Generator
[2026-09-16 01:49:28]  Target to confirm & build: 1000 places
[2026-09-16 01:49:28]  Excluded: new canaan
[2026-09-16 01:49:28] ====================================================================
[2026-09-16 01:49:30] 📊 Google Sheet currently has 294 rows.
[2026-09-16 01:49:30]    Current Balance: 197 Instagram / 97 Facebook
[2026-09-16 01:49:30] 
📍 Scanning Town: East Hartford, CT (Progress: 0/1000)
[2026-09-16 01:49:53]    Found 10 new candidates in East Hartford.
[2026-09-16 01:50:13] ✨ [CONFIRMED #1/1000] Rebel Dog Coffee Company (East Hartford, CT)
[2026-09-16 01:50:13]    Platform: Facebook (rebeldogcoffeeco) | Site: https://www.rebeldogcoffeeco.com/east-hartford
[2026-09-16 01:50:29] 
📍 Scanning Town: Bristol, CT (Progress: 1/1000)
[2026-09-16 01:50:54]    Found 4 new candidates in Bristol.
[2026-09-16 01:51:08] 
📍 Scanning Town: New Fairfield, CT (Progress: 1/1000)
[2026-09-16 01:51:34]    Found 1 new candidates in New Fairfield.
[2026-09-16 01:51:34] 
📍 Scanning Town: Fairfield, CT (Progress: 1/1000)
[2026-09-16 01:51:58]    Found 13 new candidates in Fairfield.
[2026-09-16 01:52:28] 
📍 Scanning Town: Darien, CT (Progress: 1/1000)
[2026-09-16 01:52:52]    Found 1 new candidates in Darien.
[2026-09-16 01:52:54] 
📍 Scanning Town: Simsbury, CT (Progress: 1/1000)
[2026-09-16 01:53:15]    Found 2 new candidates in Simsbury.
[2026-09-16 01:53:17] 
📍 Scanning Town: Prospect, CT (Progress: 1/1000)
[2026-09-16 01:53:44]    Found 1 new candidates in Prospect.
[2026-09-16 01:53:46] 
📍 Scanning Town: Waterford, CT (Progress: 1/1000)
[2026-09-16 01:54:10]    Found 4 new candidates in Waterford.
[2026-09-16 01:54:13] ✨ [CONFIRMED #2/1000] The Shack (Waterford, CT)
[2026-09-16 01:54:13]    Platform: Facebook (Family-Style-Restaurant) | Site: https://www.shackrestaurants.com/location/the-shack-waterford/
[2026-09-16 01:54:34] ✨ [CONFIRMED #3/1000] When Pigs Fly (Waterford, CT)
[2026-09-16 01:54:34]    Platform: Facebook (WhenPigsFlyCafe) | Site: https://whenpigsflycafe.com/index.php
[2026-09-16 01:55:01] 
📍 Scanning Town: Bridgeport, CT (Progress: 3/1000)
[2026-09-16 01:55:24]    Found 21 new candidates in Bridgeport.
[2026-09-16 01:55:52] ✨ [CONFIRMED #4/1000] 7 Brew (Bridgeport, CT)
[2026-09-16 01:55:52]    Platform: Facebook (7brewcoffee) | Site: https://locations.7brew.com/ct/bridgeport/4707-main-street
[2026-09-16 01:56:17] ✨ [CONFIRMED #5/1000] Filbert's Old Time Root Beer (Bridgeport, CT)
[2026-09-16 01:56:17]    Platform: Facebook (filbertsrootbeer) | Site: https://www.filbertsoldtimerootbeer.com/
[2026-09-16 01:56:40] 
📍 Scanning Town: Mansfield, CT (Progress: 5/1000)
[2026-09-16 01:57:04]    Found 10 new candidates in Mansfield.
[2026-09-16 01:57:07] ✨ [CONFIRMED #6/1000] Spice Venue (Mansfield, CT)
[2026-09-16 01:57:07]    Platform: Facebook (thespicevenue) | Site: https://www.spicevenuehartford.com/
[2026-09-16 01:57:27] ✨ [CONFIRMED #7/1000] Little Aladdin Mediterranean Grill (Mansfield, CT)
[2026-09-16 01:57:27]    Platform: Facebook (LittleAladdinMediterraneanGrill) | Site: https://www.littlealaddin.com/
[2026-09-16 01:58:02] ✨ [CONFIRMED #8/1000] Dog Lane Café (Mansfield, CT)
[2026-09-16 01:58:02]    Platform: Facebook (177071739047399) | Site: https://doglanecafe.com/home-2/
[2026-09-16 01:58:19] 
📍 Scanning Town: Stamford, CT (Progress: 8/1000)
[2026-09-16 01:58:40]    Found 7 new candidates in Stamford.
[2026-09-16 01:58:53] 
📍 Scanning Town: Woodbury, CT (Progress: 8/1000)
[2026-09-16 01:59:15]    Found 2 new candidates in Woodbury.
[2026-09-16 01:59:21] 
📍 Scanning Town: Naugatuck, CT (Progress: 8/1000)
[2026-09-16 01:59:43]    Found 3 new candidates in Naugatuck.
[2026-09-16 01:59:47] 
📍 Scanning Town: Newtown, CT (Progress: 8/1000)
[2026-09-16 02:00:11]    Found 8 new candidates in Newtown.
[2026-09-16 02:00:36] 
📍 Scanning Town: Southbury, CT (Progress: 8/1000)
[2026-09-16 02:01:00]    Found 15 new candidates in Southbury.
[2026-09-16 02:01:46] 
📍 Scanning Town: Monroe, CT (Progress: 8/1000)
[2026-09-16 02:02:14]    Found 7 new candidates in Monroe.
[2026-09-16 02:02:30] 
📍 Scanning Town: Berlin, CT (Progress: 8/1000)
[2026-09-16 02:02:56]    Found 2 new candidates in Berlin.
[2026-09-16 02:03:01] ✨ [CONFIRMED #9/1000] Josie's Corner (Berlin, CT)
[2026-09-16 02:03:01]    Platform: Facebook (120119291338666) | Site: https://josies-corner.com/
[2026-09-16 02:03:20] 
📍 Scanning Town: Hartford, CT (Progress: 9/1000)
[2026-09-16 02:03:44]    Found 9 new candidates in Hartford.
[2026-09-16 02:03:49] ✨ [CONFIRMED #10/1000] Broasterant (Hartford, CT)
[2026-09-16 02:03:49]    Platform: Facebook (Broasterant-104942562918035) | Site: https://broasterant.placejoys.com/
[2026-09-16 02:05:05]    📊 Flushed 10 leads to Google Sheet.
[2026-09-16 02:05:13] ✨ [CONFIRMED #11/1000] Black-Eyed Sally's (Hartford, CT)
[2026-09-16 02:05:13]    Platform: Facebook (blackeyedsallys) | Site: https://www.blackeyedsallys.com/
[2026-09-16 02:05:34] 
📍 Scanning Town: Rocky Hill, CT (Progress: 11/1000)
[2026-09-16 02:06:00]    Found 8 new candidates in Rocky Hill.
[2026-09-16 02:06:13] ✨ [CONFIRMED #12/1000] Tavern on 3 (Rocky Hill, CT)
[2026-09-16 02:06:13]    Platform: Facebook (tavernon3bargrill) | Site: https://www.tavernon3.com/
[2026-09-16 02:06:43] 
📍 Scanning Town: Groton, CT (Progress: 12/1000)
[2026-09-16 02:07:06]    Found 9 new candidates in Groton.
[2026-09-16 02:07:20] 
📍 Scanning Town: Seymour, CT (Progress: 12/1000)
[2026-09-16 02:07:43]    Found 7 new candidates in Seymour.
[2026-09-16 02:07:54] 
📍 Scanning Town: Middletown, CT (Progress: 12/1000)
[2026-09-16 02:08:16]    Found 4 new candidates in Middletown.
[2026-09-16 02:08:25] 
📍 Scanning Town: Bloomfield, CT (Progress: 12/1000)
[2026-09-16 02:08:49]    Found 4 new candidates in Bloomfield.
[2026-09-16 02:09:00] 
📍 Scanning Town: Brookfield, CT (Progress: 12/1000)
[2026-09-16 02:09:24]    Found 5 new candidates in Brookfield.
[2026-09-16 02:09:44] 
📍 Scanning Town: Milford, CT (Progress: 12/1000)
[2026-09-16 02:10:07]    Found 8 new candidates in Milford.
[2026-09-16 02:10:21] 
📍 Scanning Town: West Haven, CT (Progress: 12/1000)
[2026-09-16 02:10:44]    Found 0 new candidates in West Haven.
[2026-09-16 02:10:44] 
📍 Scanning Town: Branford, CT (Progress: 12/1000)
[2026-09-16 02:11:05]    Found 10 new candidates in Branford.
[2026-09-16 02:11:26] 
📍 Scanning Town: Derby, CT (Progress: 12/1000)
[2026-09-16 02:11:50]    Found 3 new candidates in Derby.
[2026-09-16 02:11:59] 
📍 Scanning Town: Guilford, CT (Progress: 12/1000)
[2026-09-16 02:12:20]    Found 2 new candidates in Guilford.
[2026-09-16 02:12:27] 
📍 Scanning Town: Avon, CT (Progress: 12/1000)
[2026-09-16 02:12:51]    Found 4 new candidates in Avon.
[2026-09-16 02:13:02] 
📍 Scanning Town: Bethel, CT (Progress: 12/1000)
[2026-09-16 02:13:28]    Found 13 new candidates in Bethel.
[2026-09-16 02:13:44] 
📍 Scanning Town: Plainville, CT (Progress: 12/1000)
[2026-09-16 02:14:05]    Found 4 new candidates in Plainville.
[2026-09-16 02:14:20] 
📍 Scanning Town: Westport, CT (Progress: 12/1000)
[2026-09-16 02:14:41]    Found 5 new candidates in Westport.
[2026-09-16 02:14:53] 
📍 Scanning Town: Wilton, CT (Progress: 12/1000)
[2026-09-16 02:15:16]    Found 1 new candidates in Wilton.
[2026-09-16 02:15:26] 
📍 Scanning Town: Orange, CT (Progress: 12/1000)
[2026-09-16 02:15:52]    Found 3 new candidates in Orange.
[2026-09-16 02:15:59] 
📍 Scanning Town: Torrington, CT (Progress: 12/1000)
[2026-09-16 02:16:21]    Found 13 new candidates in Torrington.
[2026-09-16 02:16:24] ✨ [CONFIRMED #13/1000] Ninety Nine Restaurant & Pub (Torrington, CT)
[2026-09-16 02:16:24]    Platform: Instagram (@99restaurants) | Site: https://www.99restaurants.com/locations/connecticut/torrington/
[2026-09-16 02:17:15] ✨ [CONFIRMED #14/1000] Mouse Proof brewery (Torrington, CT)
[2026-09-16 02:17:15]    Platform: Instagram (@mouse_proof) | Site: https://mouseproof.com.au/
[2026-09-16 02:17:33] 
📍 Scanning Town: Farmington, CT (Progress: 14/1000)
[2026-09-16 02:17:55]    Found 6 new candidates in Farmington.
[2026-09-16 02:18:04] ✨ [CONFIRMED #15/1000] Lucky Dragon Chinese Restaurant (Farmington, CT)
[2026-09-16 02:18:04]    Platform: Instagram (@explorefarmington) | Site: https://www.explorefarmington.com/guides/lucky-dragon-chinese-restaurant-75360
[2026-09-16 02:18:24] 
📍 Scanning Town: Windsor, CT (Progress: 15/1000)
[2026-09-16 02:18:51]    Found 5 new candidates in Windsor.
[2026-09-16 02:19:09] 
📍 Scanning Town: Norwalk, CT (Progress: 15/1000)
[2026-09-16 02:19:34]    Found 5 new candidates in Norwalk.
[2026-09-16 02:19:44] 
📍 Scanning Town: Enfield, CT (Progress: 15/1000)
[2026-09-16 02:20:06]    Found 7 new candidates in Enfield.
[2026-09-16 02:20:33] 
📍 Scanning Town: Waterbury, CT (Progress: 15/1000)
[2026-09-16 02:20:54]    Found 6 new candidates in Waterbury.
[2026-09-16 02:21:07] 
📍 Scanning Town: Ridgefield, CT (Progress: 15/1000)
[2026-09-16 02:21:30]    Found 5 new candidates in Ridgefield.
[2026-09-16 02:21:42] 
📍 Scanning Town: Manchester, CT (Progress: 15/1000)
[2026-09-16 02:22:07]    Found 9 new candidates in Manchester.
[2026-09-16 02:22:28] 
📍 Scanning Town: Trumbull, CT (Progress: 15/1000)
[2026-09-16 02:22:49]    Found 4 new candidates in Trumbull.
[2026-09-16 02:23:00] 
📍 Scanning Town: South Windsor, CT (Progress: 15/1000)
[2026-09-16 02:23:27]    Found 9 new candidates in South Windsor.
[2026-09-16 02:23:32] ✨ [CONFIRMED #16/1000] Buckland Grill & Pizza (South Windsor, CT)
[2026-09-16 02:23:32]    Platform: Instagram (@bucklandgrillpizza) | Site: https://bucklandgrillpizza.com/
[2026-09-16 02:24:08] 
📍 Scanning Town: Oxford, CT (Progress: 16/1000)
[2026-09-16 02:24:34]    Found 1 new candidates in Oxford.
[2026-09-16 02:24:35] 
📍 Scanning Town: Vernon, CT (Progress: 16/1000)
[2026-09-16 02:25:00]    Found 11 new candidates in Vernon.
[2026-09-16 02:25:11] ✨ [CONFIRMED #17/1000] Vernon Diner (Vernon, CT)
[2026-09-16 02:25:11]    Platform: Instagram (@vernon_diner) | Site: https://www.vernondiner.com/
[2026-09-16 02:25:36] ✨ [CONFIRMED #18/1000] Craft Pizza Company (Vernon, CT)
[2026-09-16 02:25:36]    Platform: Instagram (@craftpizzact) | Site: https://craftpizza.company/
[2026-09-16 02:26:02] ✨ [CONFIRMED #19/1000] Pauls Pizza (Vernon, CT)
[2026-09-16 02:26:02]    Platform: Instagram (@paulspizzahouse) | Site: https://paulspizzavernon.com/
[2026-09-16 02:26:20] 
📍 Scanning Town: Newington, CT (Progress: 19/1000)
[2026-09-16 02:26:42]    Found 8 new candidates in Newington.
[2026-09-16 02:27:11] 
📍 Scanning Town: North Haven, CT (Progress: 19/1000)
[2026-09-16 02:27:37]    Found 7 new candidates in North Haven.
[2026-09-16 02:27:49] 
📍 Scanning Town: Greenwich, CT (Progress: 19/1000)
[2026-09-16 02:28:12]    Found 2 new candidates in Greenwich.
[2026-09-16 02:28:15] 
📍 Scanning Town: New Haven, CT (Progress: 19/1000)
[2026-09-16 02:28:39]    Found 12 new candidates in New Haven.
[2026-09-16 02:29:24] ✨ [CONFIRMED #20/1000] Ordinary (New Haven, CT)
[2026-09-16 02:29:24]    Platform: Instagram (@ordinarynewhaven) | Site: https://www.ordinarynewhaven.com/
[2026-09-16 02:29:51]    📊 Flushed 10 leads to Google Sheet.
[2026-09-16 02:29:54] 
📍 Scanning Town: Norwich, CT (Progress: 20/1000)
[2026-09-16 02:30:19]    Found 18 new candidates in Norwich.
[2026-09-16 02:30:32] ✨ [CONFIRMED #21/1000] El Traviezo Mexican Food (Norwich, CT)
[2026-09-16 02:30:32]    Platform: Instagram (@eltraviezo__) | Site: https://traviezocafe.com/
[2026-09-16 02:31:18] ✨ [CONFIRMED #22/1000] Mini Melts USA (Norwich, CT)
[2026-09-16 02:31:18]    Platform: Instagram (@minimeltsusa) | Site: https://minimeltsusa.com/
[2026-09-16 02:31:38] ✨ [CONFIRMED #23/1000] Epicure Brewing (Norwich, CT)
[2026-09-16 02:31:38]    Platform: Instagram (@epicurebrewing) | Site: https://www.epicurebrewing.com/
[2026-09-16 02:31:57] ✨ [CONFIRMED #24/1000] These Guys Brewing Company (Norwich, CT)
[2026-09-16 02:31:57]    Platform: Instagram (@theseguysbrewing) | Site: https://www.theseguysbrewing.com/
[2026-09-16 02:32:18] ✨ [CONFIRMED #25/1000] Baker's Dozen (Norwich, CT)
[2026-09-16 02:32:18]    Platform: Instagram (@ctbakersdozen) | Site: https://www.bakersdozenct.com
[2026-09-16 02:32:33] 
📍 Scanning Town: Stratford, CT (Progress: 25/1000)
[2026-09-16 02:32:56]    Found 9 new candidates in Stratford.
[2026-09-16 02:33:17] 
📍 Scanning Town: Meriden, CT (Progress: 25/1000)
[2026-09-16 02:33:39]    Found 10 new candidates in Meriden.
[2026-09-16 02:34:03] 
📍 Scanning Town: Glastonbury, CT (Progress: 25/1000)
[2026-09-16 02:34:23]    Found 5 new candidates in Glastonbury.
[2026-09-16 02:34:33] 
📍 Scanning Town: Shelton, CT (Progress: 25/1000)
[2026-09-16 02:34:54]    Found 6 new candidates in Shelton.
[2026-09-16 02:35:09] 
📍 Scanning Town: Cromwell, CT (Progress: 25/1000)
[2026-09-16 02:35:33]    Found 6 new candidates in Cromwell.
[2026-09-16 02:35:43] ✨ [CONFIRMED #26/1000] Denovelli's (Cromwell, CT)
[2026-09-16 02:35:43]    Platform: Instagram (@denovellisfamilyrestaurant) | Site: https://www.denovellisrestaurant1.com/
[2026-09-16 02:36:12] 
📍 Scanning Town: Watertown, CT (Progress: 26/1000)
[2026-09-16 02:36:34]    Found 2 new candidates in Watertown.
[2026-09-16 02:36:42] 
📍 Scanning Town: Wethersfield, CT (Progress: 26/1000)
[2026-09-16 02:37:02]    Found 12 new candidates in Wethersfield.
[2026-09-16 02:37:28] ✨ [CONFIRMED #27/1000] The Place 2 Be (Wethersfield, CT)
[2026-09-16 02:37:28]    Platform: Instagram (@place2bect) | Site: https://www.place2bect.com/
[2026-09-16 02:37:50] ✨ [CONFIRMED #28/1000] Modern Pastry Shop (Wethersfield, CT)
[2026-09-16 02:37:50]    Platform: Instagram (@modern_pastry_shop_inc) | Site: https://www.modernpastryshop.com
[2026-09-16 02:38:08] 
📍 Scanning Town: Hamden, CT (Progress: 28/1000)
[2026-09-16 02:38:27]    Found 10 new candidates in Hamden.
[2026-09-16 02:38:36] ✨ [CONFIRMED #29/1000] Mew Haven Cat Cafe (Hamden, CT)
[2026-09-16 02:38:36]    Platform: Instagram (@mewhaven) | Site: https://mewhavencatcafe.com/
[2026-09-16 02:39:19] 
📍 Scanning Town: Southington, CT (Progress: 29/1000)
[2026-09-16 02:39:39]    Found 5 new candidates in Southington.
[2026-09-16 02:39:42] ✨ [CONFIRMED #30/1000] Paul Gregories Bistro (Southington, CT)
[2026-09-16 02:39:42]    Platform: Instagram (@paulgregorys) | Site: https://paulgregorys.com/
[2026-09-16 02:40:01]    📊 Flushed 10 leads to Google Sheet.
[2026-09-16 02:40:12] 
📍 Scanning Town: Cheshire, CT (Progress: 30/1000)
[2026-09-16 02:40:35]    Found 4 new candidates in Cheshire.
[2026-09-16 02:40:41] 
📍 Scanning Town: West Hartford, CT (Progress: 30/1000)
[2026-09-16 02:41:03]    Found 8 new candidates in West Hartford.
[2026-09-16 02:41:21] 
📍 Scanning Town: Ansonia, CT (Progress: 30/1000)
[2026-09-16 02:41:41]    Found 4 new candidates in Ansonia.
[2026-09-16 02:42:09] 
📍 Scanning Town: Danbury, CT (Progress: 30/1000)
[2026-09-16 02:42:30]    Found 2 new candidates in Danbury.
[2026-09-16 02:42:37] 
📍 Scanning Town: Rocky Hill, CT (Progress: 30/1000)
[2026-09-16 02:42:48]    Found 0 new candidates in Rocky Hill.
[2026-09-16 02:42:48] 
📍 Scanning Town: West Haven, CT (Progress: 30/1000)
[2026-09-16 02:43:10]    Found 0 new candidates in West Haven.
[2026-09-16 02:43:10] 
📍 Scanning Town: Enfield, CT (Progress: 30/1000)
[2026-09-16 02:43:33]    Found 0 new candidates in Enfield.
[2026-09-16 02:43:33] 
📍 Scanning Town: Waterbury, CT (Progress: 30/1000)
[2026-09-16 02:43:54]    Found 0 new candidates in Waterbury.
[2026-09-16 02:43:54] 
📍 Scanning Town: Stratford, CT (Progress: 30/1000)
[2026-09-16 02:44:16]    Found 0 new candidates in Stratford.
[2026-09-16 02:44:16] 
📍 Scanning Town: Ansonia, CT (Progress: 30/1000)
[2026-09-16 02:44:27]    Found 0 new candidates in Ansonia.
[2026-09-16 02:44:27] 
📍 Scanning Town: Brookfield, CT (Progress: 30/1000)
[2026-09-16 02:44:50]    Found 0 new candidates in Brookfield.
[2026-09-16 02:44:50] 
📍 Scanning Town: Waterford, CT (Progress: 30/1000)
[2026-09-16 02:45:12]    Found 0 new candidates in Waterford.
[2026-09-16 02:45:12] 
📍 Scanning Town: Seymour, CT (Progress: 30/1000)
[2026-09-16 02:45:34]    Found 0 new candidates in Seymour.
[2026-09-16 02:45:34] 
📍 Scanning Town: Wilton, CT (Progress: 30/1000)
[2026-09-16 02:45:46]    Found 0 new candidates in Wilton.
[2026-09-16 02:45:46] 
📍 Scanning Town: Middletown, CT (Progress: 30/1000)
[2026-09-16 02:46:08]    Found 0 new candidates in Middletown.
[2026-09-16 02:46:08] 
📍 Scanning Town: South Windsor, CT (Progress: 30/1000)
[2026-09-16 02:46:20]    Found 0 new candidates in South Windsor.
[2026-09-16 02:46:20] 
📍 Scanning Town: Glastonbury, CT (Progress: 30/1000)
[2026-09-16 02:46:40]    Found 0 new candidates in Glastonbury.
[2026-09-16 02:46:40] 
📍 Scanning Town: Hamden, CT (Progress: 30/1000)
[2026-09-16 02:46:51]    Found 0 new candidates in Hamden.
[2026-09-16 02:46:51] 
📍 Scanning Town: Watertown, CT (Progress: 30/1000)
[2026-09-16 02:47:13]    Found 0 new candidates in Watertown.
[2026-09-16 02:47:13] 
📍 Scanning Town: Shelton, CT (Progress: 30/1000)
[2026-09-16 02:47:35]    Found 0 new candidates in Shelton.
[2026-09-16 02:47:35] 
📍 Scanning Town: Danbury, CT (Progress: 30/1000)
[2026-09-16 02:47:46]    Found 0 new candidates in Danbury.
[2026-09-16 02:47:46] 
📍 Scanning Town: Milford, CT (Progress: 30/1000)
[2026-09-16 02:48:09]    Found 0 new candidates in Milford.
[2026-09-16 02:48:09] 
📍 Scanning Town: Woodbury, CT (Progress: 30/1000)
[2026-09-16 02:48:30]    Found 0 new candidates in Woodbury.
[2026-09-16 02:48:30] 
📍 Scanning Town: Farmington, CT (Progress: 30/1000)
[2026-09-16 02:48:51]    Found 0 new candidates in Farmington.
[2026-09-16 02:48:51] 
📍 Scanning Town: Hartford, CT (Progress: 30/1000)
[2026-09-16 02:49:13]    Found 0 new candidates in Hartford.
[2026-09-16 02:49:13] 
📍 Scanning Town: Cheshire, CT (Progress: 30/1000)
[2026-09-16 02:49:25]    Found 0 new candidates in Cheshire.
[2026-09-16 02:49:25] 
📍 Scanning Town: Simsbury, CT (Progress: 30/1000)
[2026-09-16 02:49:44]    Found 0 new candidates in Simsbury.
[2026-09-16 02:49:44] 
📍 Scanning Town: Ridgefield, CT (Progress: 30/1000)
[2026-09-16 02:50:05]    Found 0 new candidates in Ridgefield.
[2026-09-16 02:50:05] 
📍 Scanning Town: North Haven, CT (Progress: 30/1000)
[2026-09-16 02:50:33]    Found 0 new candidates in North Haven.
[2026-09-16 02:50:33] 
📍 Scanning Town: Cromwell, CT (Progress: 30/1000)
[2026-09-16 02:50:56]    Found 3 new candidates in Cromwell.
[2026-09-16 02:51:03] 
📍 Scanning Town: Manchester, CT (Progress: 30/1000)
[2026-09-16 02:51:15]    Found 0 new candidates in Manchester.
[2026-09-16 02:51:15] 
📍 Scanning Town: Wethersfield, CT (Progress: 30/1000)
[2026-09-16 02:51:35]    Found 3 new candidates in Wethersfield.
[2026-09-16 02:51:38] 
📍 Scanning Town: Norwich, CT (Progress: 30/1000)
[2026-09-16 02:51:50]    Found 0 new candidates in Norwich.
[2026-09-16 02:51:50] 
📍 Scanning Town: Stamford, CT (Progress: 30/1000)
[2026-09-16 02:52:01]    Found 0 new candidates in Stamford.
[2026-09-16 02:52:01] 
📍 Scanning Town: Southbury, CT (Progress: 30/1000)
[2026-09-16 02:52:23]    Found 0 new candidates in Southbury.
[2026-09-16 02:52:23] 
📍 Scanning Town: Bridgeport, CT (Progress: 30/1000)
[2026-09-16 02:52:47]    Found 0 new candidates in Bridgeport.
[2026-09-16 02:52:47] 
📍 Scanning Town: Monroe, CT (Progress: 30/1000)
[2026-09-16 02:53:12]    Found 0 new candidates in Monroe.
[2026-09-16 02:53:12] 
📍 Scanning Town: Berlin, CT (Progress: 30/1000)
[2026-09-16 02:53:37]    Found 0 new candidates in Berlin.
[2026-09-16 02:53:37] 
📍 Scanning Town: Newington, CT (Progress: 30/1000)
[2026-09-16 02:53:59]    Found 0 new candidates in Newington.
[2026-09-16 02:53:59] 
📍 Scanning Town: Darien, CT (Progress: 30/1000)
[2026-09-16 02:54:23]    Found 0 new candidates in Darien.
[2026-09-16 02:54:23] 
📍 Scanning Town: Newtown, CT (Progress: 30/1000)
[2026-09-16 02:54:46]    Found 0 new candidates in Newtown.
[2026-09-16 02:54:46] 
📍 Scanning Town: Southington, CT (Progress: 30/1000)
[2026-09-16 02:54:56]    Found 0 new candidates in Southington.
[2026-09-16 02:54:56] 
📍 Scanning Town: Oxford, CT (Progress: 30/1000)
[2026-09-16 02:55:08]    Found 0 new candidates in Oxford.
[2026-09-16 02:55:08] 
📍 Scanning Town: Torrington, CT (Progress: 30/1000)
[2026-09-16 02:55:19]    Found 0 new candidates in Torrington.
[2026-09-16 02:55:19] 
📍 Scanning Town: Groton, CT (Progress: 30/1000)
[2026-09-16 02:55:41]    Found 0 new candidates in Groton.
[2026-09-16 02:55:41] 
📍 Scanning Town: Bethel, CT (Progress: 30/1000)
[2026-09-16 02:55:53]    Found 0 new candidates in Bethel.
[2026-09-16 02:55:53] 
📍 Scanning Town: Naugatuck, CT (Progress: 30/1000)
[2026-09-16 02:56:14]    Found 0 new candidates in Naugatuck.
[2026-09-16 02:56:14] 
📍 Scanning Town: Plainville, CT (Progress: 30/1000)
[2026-09-16 02:56:26]    Found 0 new candidates in Plainville.
[2026-09-16 02:56:26] 
📍 Scanning Town: Bloomfield, CT (Progress: 30/1000)
[2026-09-16 02:56:49]    Found 0 new candidates in Bloomfield.
[2026-09-16 02:56:49] 
📍 Scanning Town: Avon, CT (Progress: 30/1000)
[2026-09-16 02:57:01]    Found 0 new candidates in Avon.
[2026-09-16 02:57:01] 
📍 Scanning Town: New Fairfield, CT (Progress: 30/1000)
[2026-09-16 02:57:27]    Found 0 new candidates in New Fairfield.
[2026-09-16 02:57:27] 
📍 Scanning Town: Derby, CT (Progress: 30/1000)
[2026-09-16 02:57:39]    Found 0 new candidates in Derby.
[2026-09-16 02:57:39] 
📍 Scanning Town: West Hartford, CT (Progress: 30/1000)
[2026-09-16 02:57:50]    Found 0 new candidates in West Hartford.
[2026-09-16 02:57:50] 
📍 Scanning Town: New Haven, CT (Progress: 30/1000)
[2026-09-16 02:58:14]    Found 0 new candidates in New Haven.
[2026-09-16 02:58:14] 
📍 Scanning Town: Meriden, CT (Progress: 30/1000)
[2026-09-16 02:58:35]    Found 3 new candidates in Meriden.
[2026-09-16 02:58:47] 
📍 Scanning Town: Windsor, CT (Progress: 30/1000)
[2026-09-16 02:59:15]    Found 0 new candidates in Windsor.
[2026-09-16 02:59:15] 
📍 Scanning Town: Norwalk, CT (Progress: 30/1000)
[2026-09-16 02:59:38]    Found 0 new candidates in Norwalk.
[2026-09-16 02:59:38] 
📍 Scanning Town: Bristol, CT (Progress: 30/1000)
[2026-09-16 03:00:04]    Found 0 new candidates in Bristol.
[2026-09-16 03:00:04] 
📍 Scanning Town: Westport, CT (Progress: 30/1000)
[2026-09-16 03:00:16]    Found 0 new candidates in Westport.
[2026-09-16 03:00:16] 
📍 Scanning Town: Guilford, CT (Progress: 30/1000)
[2026-09-16 03:00:27]    Found 0 new candidates in Guilford.
[2026-09-16 03:00:27] 
📍 Scanning Town: East Hartford, CT (Progress: 30/1000)
[2026-09-16 03:00:51]    Found 0 new candidates in East Hartford.
[2026-09-16 03:00:51] 
📍 Scanning Town: Branford, CT (Progress: 30/1000)
[2026-09-16 03:01:11]    Found 1 new candidates in Branford.
[2026-09-16 03:01:12] 
📍 Scanning Town: Prospect, CT (Progress: 30/1000)
[2026-09-16 03:01:39]    Found 0 new candidates in Prospect.
[2026-09-16 03:01:39] 
📍 Scanning Town: Fairfield, CT (Progress: 30/1000)
[2026-09-16 03:02:03]    Found 0 new candidates in Fairfield.
[2026-09-16 03:02:03] 
📍 Scanning Town: Mansfield, CT (Progress: 30/1000)
[2026-09-16 03:02:26]    Found 0 new candidates in Mansfield.
[2026-09-16 03:02:26] 
📍 Scanning Town: Orange, CT (Progress: 30/1000)
[2026-09-16 03:02:39]    Found 0 new candidates in Orange.
[2026-09-16 03:02:39] 
📍 Scanning Town: Greenwich, CT (Progress: 30/1000)
[2026-09-16 03:03:02]    Found 0 new candidates in Greenwich.
[2026-09-16 03:03:02] 
📍 Scanning Town: Trumbull, CT (Progress: 30/1000)
[2026-09-16 03:03:12]    Found 0 new candidates in Trumbull.
[2026-09-16 03:03:12] 
📍 Scanning Town: Vernon, CT (Progress: 30/1000)
[2026-09-16 03:03:23]    Found 0 new candidates in Vernon.
[2026-09-16 03:03:23] 
📍 Scanning Town: Enfield, CT (Progress: 30/1000)
[2026-09-16 03:03:35]    Found 0 new candidates in Enfield.
[2026-09-16 03:03:35] 
📍 Scanning Town: Danbury, CT (Progress: 30/1000)
[2026-09-16 03:03:46]    Found 0 new candidates in Danbury.
[2026-09-16 03:03:46] 
📍 Scanning Town: Darien, CT (Progress: 30/1000)
[2026-09-16 03:03:57]    Found 0 new candidates in Darien.
[2026-09-16 03:03:57] 
📍 Scanning Town: Glastonbury, CT (Progress: 30/1000)
[2026-09-16 03:04:08]    Found 0 new candidates in Glastonbury.
[2026-09-16 03:04:08] 
📍 Scanning Town: Farmington, CT (Progress: 30/1000)
[2026-09-16 03:04:20]    Found 0 new candidates in Farmington.
[2026-09-16 03:04:20] 
📍 Scanning Town: Bloomfield, CT (Progress: 30/1000)
[2026-09-16 03:04:30]    Found 0 new candidates in Bloomfield.
[2026-09-16 03:04:30] 
📍 Scanning Town: Groton, CT (Progress: 30/1000)
[2026-09-16 03:04:41]    Found 0 new candidates in Groton.
[2026-09-16 03:04:41] 
📍 Scanning Town: Watertown, CT (Progress: 30/1000)
[2026-09-16 03:04:52]    Found 0 new candidates in Watertown.
[2026-09-16 03:04:52] 
📍 Scanning Town: Bridgeport, CT (Progress: 30/1000)
[2026-09-16 03:05:02]    Found 0 new candidates in Bridgeport.
[2026-09-16 03:05:02] 
📍 Scanning Town: Ridgefield, CT (Progress: 30/1000)
[2026-09-16 03:05:13]    Found 0 new candidates in Ridgefield.
[2026-09-16 03:05:13] 
📍 Scanning Town: Prospect, CT (Progress: 30/1000)
[2026-09-16 03:05:24]    Found 0 new candidates in Prospect.
[2026-09-16 03:05:24] 
📍 Scanning Town: Cheshire, CT (Progress: 30/1000)
[2026-09-16 03:05:35]    Found 0 new candidates in Cheshire.
[2026-09-16 03:05:35] 
📍 Scanning Town: Vernon, CT (Progress: 30/1000)
[2026-09-16 03:05:47]    Found 0 new candidates in Vernon.
[2026-09-16 03:05:47] 
📍 Scanning Town: Middletown, CT (Progress: 30/1000)
[2026-09-16 03:05:58]    Found 0 new candidates in Middletown.
[2026-09-16 03:05:58] 
📍 Scanning Town: Plainville, CT (Progress: 30/1000)
[2026-09-16 03:06:09]    Found 0 new candidates in Plainville.
[2026-09-16 03:06:09] 
📍 Scanning Town: Greenwich, CT (Progress: 30/1000)
[2026-09-16 03:06:21]    Found 0 new candidates in Greenwich.
[2026-09-16 03:06:21] 
📍 Scanning Town: Newtown, CT (Progress: 30/1000)
[2026-09-16 03:06:32]    Found 0 new candidates in Newtown.
[2026-09-16 03:06:32] 
📍 Scanning Town: Woodbury, CT (Progress: 30/1000)
[2026-09-16 03:06:44]    Found 0 new candidates in Woodbury.
[2026-09-16 03:06:44] 
📍 Scanning Town: Seymour, CT (Progress: 30/1000)
[2026-09-16 03:06:56]    Found 0 new candidates in Seymour.
[2026-09-16 03:06:56] 
📍 Scanning Town: Naugatuck, CT (Progress: 30/1000)
[2026-09-16 03:07:06]    Found 0 new candidates in Naugatuck.
[2026-09-16 03:07:06] 
📍 Scanning Town: Monroe, CT (Progress: 30/1000)
[2026-09-16 03:07:17]    Found 0 new candidates in Monroe.
[2026-09-16 03:07:17] 
📍 Scanning Town: Orange, CT (Progress: 30/1000)
[2026-09-16 03:07:28]    Found 0 new candidates in Orange.
[2026-09-16 03:07:28] 
📍 Scanning Town: South Windsor, CT (Progress: 30/1000)
[2026-09-16 03:07:39]    Found 0 new candidates in South Windsor.
[2026-09-16 03:07:39] 
📍 Scanning Town: Berlin, CT (Progress: 30/1000)
[2026-09-16 03:07:50]    Found 0 new candidates in Berlin.
[2026-09-16 03:07:50] 
📍 Scanning Town: Meriden, CT (Progress: 30/1000)
[2026-09-16 03:08:01]    Found 0 new candidates in Meriden.
[2026-09-16 03:08:01] 
📍 Scanning Town: Avon, CT (Progress: 30/1000)
[2026-09-16 03:08:12]    Found 0 new candidates in Avon.
[2026-09-16 03:08:12] 
📍 Scanning Town: Waterford, CT (Progress: 30/1000)
[2026-09-16 03:08:22]    Found 0 new candidates in Waterford.
[2026-09-16 03:08:22] 
📍 Scanning Town: Ansonia, CT (Progress: 30/1000)
[2026-09-16 03:08:33]    Found 0 new candidates in Ansonia.
[2026-09-16 03:08:33] 
📍 Scanning Town: Southbury, CT (Progress: 30/1000)
[2026-09-16 03:08:45]    Found 0 new candidates in Southbury.
[2026-09-16 03:08:45] 
📍 Scanning Town: Simsbury, CT (Progress: 30/1000)
[2026-09-16 03:08:57]    Found 0 new candidates in Simsbury.
[2026-09-16 03:08:57] 
📍 Scanning Town: Bristol, CT (Progress: 30/1000)
[2026-09-16 03:09:08]    Found 0 new candidates in Bristol.
[2026-09-16 03:09:08] 
📍 Scanning Town: North Haven, CT (Progress: 30/1000)
[2026-09-16 03:09:19]    Found 0 new candidates in North Haven.
[2026-09-16 03:09:19] 
📍 Scanning Town: Fairfield, CT (Progress: 30/1000)
[2026-09-16 03:09:30]    Found 0 new candidates in Fairfield.
[2026-09-16 03:09:30] 
📍 Scanning Town: Hartford, CT (Progress: 30/1000)
[2026-09-16 03:09:41]    Found 0 new candidates in Hartford.
[2026-09-16 03:09:41] 
📍 Scanning Town: West Haven, CT (Progress: 30/1000)
[2026-09-16 03:09:52]    Found 0 new candidates in West Haven.
[2026-09-16 03:09:52] 
📍 Scanning Town: Milford, CT (Progress: 30/1000)
[2026-09-16 03:10:03]    Found 0 new candidates in Milford.
[2026-09-16 03:10:03] 
📍 Scanning Town: New Fairfield, CT (Progress: 30/1000)
[2026-09-16 03:10:15]    Found 0 new candidates in New Fairfield.
[2026-09-16 03:10:15] 
📍 Scanning Town: Newington, CT (Progress: 30/1000)
[2026-09-16 03:10:26]    Found 0 new candidates in Newington.
[2026-09-16 03:10:26] 
📍 Scanning Town: West Hartford, CT (Progress: 30/1000)
[2026-09-16 03:10:37]    Found 0 new candidates in West Hartford.
[2026-09-16 03:10:37] 
📍 Scanning Town: Waterbury, CT (Progress: 30/1000)
[2026-09-16 03:10:48]    Found 0 new candidates in Waterbury.
[2026-09-16 03:10:48] 
📍 Scanning Town: Brookfield, CT (Progress: 30/1000)
[2026-09-16 03:10:59]    Found 0 new candidates in Brookfield.
[2026-09-16 03:10:59] 
📍 Scanning Town: Mansfield, CT (Progress: 30/1000)
[2026-09-16 03:11:11]    Found 0 new candidates in Mansfield.
[2026-09-16 03:11:11] 
📍 Scanning Town: Norwich, CT (Progress: 30/1000)
[2026-09-16 03:11:22]    Found 0 new candidates in Norwich.
[2026-09-16 03:11:22] 
📍 Scanning Town: Wilton, CT (Progress: 30/1000)
[2026-09-16 03:11:33]    Found 0 new candidates in Wilton.
[2026-09-16 03:11:33] 
📍 Scanning Town: Stratford, CT (Progress: 30/1000)
[2026-09-16 03:11:44]    Found 0 new candidates in Stratford.
[2026-09-16 03:11:44] 
📍 Scanning Town: Windsor, CT (Progress: 30/1000)
[2026-09-16 03:11:56]    Found 0 new candidates in Windsor.
[2026-09-16 03:11:56] 
📍 Scanning Town: New Haven, CT (Progress: 30/1000)
[2026-09-16 03:12:08]    Found 0 new candidates in New Haven.
[2026-09-16 03:12:08] 
📍 Scanning Town: Branford, CT (Progress: 30/1000)
[2026-09-16 03:12:20]    Found 0 new candidates in Branford.
[2026-09-16 03:12:20] 
📍 Scanning Town: Rocky Hill, CT (Progress: 30/1000)
[2026-09-16 03:12:42]    Found 0 new candidates in Rocky Hill.
[2026-09-16 03:12:42] 
📍 Scanning Town: Westport, CT (Progress: 30/1000)
[2026-09-16 03:12:54]    Found 0 new candidates in Westport.
[2026-09-16 03:12:54] 
📍 Scanning Town: Southington, CT (Progress: 30/1000)
[2026-09-16 03:13:05]    Found 0 new candidates in Southington.
[2026-09-16 03:13:05] 
📍 Scanning Town: Bethel, CT (Progress: 30/1000)
[2026-09-16 03:13:30]    Found 3 new candidates in Bethel.
[2026-09-16 03:13:35] 
📍 Scanning Town: Trumbull, CT (Progress: 30/1000)
[2026-09-16 03:13:46]    Found 0 new candidates in Trumbull.
[2026-09-16 03:13:46] 
📍 Scanning Town: Norwalk, CT (Progress: 30/1000)
[2026-09-16 03:13:57]    Found 0 new candidates in Norwalk.
[2026-09-16 03:13:57] 
📍 Scanning Town: Derby, CT (Progress: 30/1000)
[2026-09-16 03:14:21]    Found 0 new candidates in Derby.
[2026-09-16 03:14:21] 
📍 Scanning Town: Manchester, CT (Progress: 30/1000)
[2026-09-16 03:14:33]    Found 0 new candidates in Manchester.
[2026-09-16 03:14:33] 
📍 Scanning Town: East Hartford, CT (Progress: 30/1000)
[2026-09-16 03:14:43]    Found 0 new candidates in East Hartford.
[2026-09-16 03:14:43] 
📍 Scanning Town: Guilford, CT (Progress: 30/1000)
[2026-09-16 03:15:06]    Found 0 new candidates in Guilford.
[2026-09-16 03:15:06] 
📍 Scanning Town: Hamden, CT (Progress: 30/1000)
[2026-09-16 03:15:17]    Found 0 new candidates in Hamden.
[2026-09-16 03:15:17] 
📍 Scanning Town: Stamford, CT (Progress: 30/1000)
[2026-09-16 03:15:38]    Found 0 new candidates in Stamford.
[2026-09-16 03:15:38] 
📍 Scanning Town: Wethersfield, CT (Progress: 30/1000)
[2026-09-16 03:15:49]    Found 0 new candidates in Wethersfield.
[2026-09-16 03:15:49] 
📍 Scanning Town: Cromwell, CT (Progress: 30/1000)
[2026-09-16 03:16:00]    Found 0 new candidates in Cromwell.
[2026-09-16 03:16:00] 
📍 Scanning Town: Torrington, CT (Progress: 30/1000)
[2026-09-16 03:16:16]    Found 0 new candidates in Torrington.
[2026-09-16 03:16:16] 
📍 Scanning Town: Shelton, CT (Progress: 30/1000)
[2026-09-16 03:16:27]    Found 0 new candidates in Shelton.
[2026-09-16 03:16:27] 
📍 Scanning Town: Oxford, CT (Progress: 30/1000)
[2026-09-16 03:16:38]    Found 0 new candidates in Oxford.
[2026-09-16 03:16:38] 
📍 Scanning Town: Bloomfield, CT (Progress: 30/1000)
[2026-09-16 03:16:49]    Found 0 new candidates in Bloomfield.
[2026-09-16 03:16:49] 
📍 Scanning Town: Cheshire, CT (Progress: 30/1000)
[2026-09-16 03:17:01]    Found 0 new candidates in Cheshire.
[2026-09-16 03:17:01] 
📍 Scanning Town: North Haven, CT (Progress: 30/1000)
[2026-09-16 03:17:12]    Found 0 new candidates in North Haven.
[2026-09-16 03:17:12] 
📍 Scanning Town: Oxford, CT (Progress: 30/1000)
[2026-09-16 03:17:23]    Found 0 new candidates in Oxford.
[2026-09-16 03:17:23] 
📍 Scanning Town: New Haven, CT (Progress: 30/1000)
[2026-09-16 03:17:34]    Found 0 new candidates in New Haven.
[2026-09-16 03:17:34] 
📍 Scanning Town: Waterford, CT (Progress: 30/1000)
[2026-09-16 03:17:46]    Found 0 new candidates in Waterford.
[2026-09-16 03:17:46] 
📍 Scanning Town: Darien, CT (Progress: 30/1000)
[2026-09-16 03:17:57]    Found 0 new candidates in Darien.
[2026-09-16 03:17:57] 
📍 Scanning Town: Trumbull, CT (Progress: 30/1000)
[2026-09-16 03:18:09]    Found 0 new candidates in Trumbull.
[2026-09-16 03:18:09] 
📍 Scanning Town: Newtown, CT (Progress: 30/1000)
[2026-09-16 03:18:19]    Found 0 new candidates in Newtown.
[2026-09-16 03:18:19] 
📍 Scanning Town: Ridgefield, CT (Progress: 30/1000)
[2026-09-16 03:18:31]    Found 0 new candidates in Ridgefield.
[2026-09-16 03:18:31] 
📍 Scanning Town: East Hartford, CT (Progress: 30/1000)
[2026-09-16 03:18:42]    Found 0 new candidates in East Hartford.
[2026-09-16 03:18:42] 
📍 Scanning Town: Mansfield, CT (Progress: 30/1000)
[2026-09-16 03:18:54]    Found 0 new candidates in Mansfield.
[2026-09-16 03:18:54] 
📍 Scanning Town: Fairfield, CT (Progress: 30/1000)
[2026-09-16 03:19:05]    Found 0 new candidates in Fairfield.
[2026-09-16 03:19:05] 
📍 Scanning Town: Cromwell, CT (Progress: 30/1000)
[2026-09-16 03:19:17]    Found 0 new candidates in Cromwell.
[2026-09-16 03:19:17] 
📍 Scanning Town: Windsor, CT (Progress: 30/1000)
[2026-09-16 03:19:28]    Found 0 new candidates in Windsor.
[2026-09-16 03:19:28] 
📍 Scanning Town: Wilton, CT (Progress: 30/1000)
[2026-09-16 03:19:54]    Found 0 new candidates in Wilton.
[2026-09-16 03:19:54] 
📍 Scanning Town: Middletown, CT (Progress: 30/1000)
[2026-09-16 03:20:06]    Found 0 new candidates in Middletown.
[2026-09-16 03:20:06] 
📍 Scanning Town: South Windsor, CT (Progress: 30/1000)
[2026-09-16 03:20:18]    Found 0 new candidates in South Windsor.
[2026-09-16 03:20:18] 
📍 Scanning Town: Branford, CT (Progress: 30/1000)
[2026-09-16 03:20:30]    Found 0 new candidates in Branford.
[2026-09-16 03:20:30] 
📍 Scanning Town: Milford, CT (Progress: 30/1000)
[2026-09-16 03:20:41]    Found 0 new candidates in Milford.
[2026-09-16 03:20:41] 
📍 Scanning Town: Newington, CT (Progress: 30/1000)
[2026-09-16 03:20:53]    Found 0 new candidates in Newington.
[2026-09-16 03:20:53] 
📍 Scanning Town: Vernon, CT (Progress: 30/1000)
[2026-09-16 03:21:04]    Found 0 new candidates in Vernon.
[2026-09-16 03:21:04] 
📍 Scanning Town: Stratford, CT (Progress: 30/1000)
[2026-09-16 03:21:16]    Found 0 new candidates in Stratford.
[2026-09-16 03:21:16] 
📍 Scanning Town: Ansonia, CT (Progress: 30/1000)
[2026-09-16 03:21:28]    Found 0 new candidates in Ansonia.
[2026-09-16 03:21:28] 
📍 Scanning Town: Southbury, CT (Progress: 30/1000)
[2026-09-16 03:21:39]    Found 0 new candidates in Southbury.
[2026-09-16 03:21:39] 
📍 Scanning Town: Bristol, CT (Progress: 30/1000)
[2026-09-16 03:21:50]    Found 0 new candidates in Bristol.
[2026-09-16 03:21:50] 
📍 Scanning Town: West Hartford, CT (Progress: 30/1000)
[2026-09-16 03:22:01]    Found 0 new candidates in West Hartford.
[2026-09-16 03:22:01] 
📍 Scanning Town: Glastonbury, CT (Progress: 30/1000)
[2026-09-16 03:22:12]    Found 0 new candidates in Glastonbury.
[2026-09-16 03:22:12] 
📍 Scanning Town: Brookfield, CT (Progress: 30/1000)
[2026-09-16 03:22:24]    Found 0 new candidates in Brookfield.
[2026-09-16 03:22:24] 
📍 Scanning Town: Groton, CT (Progress: 30/1000)
[2026-09-16 03:22:35]    Found 0 new candidates in Groton.
[2026-09-16 03:22:35] 
📍 Scanning Town: Wethersfield, CT (Progress: 30/1000)
[2026-09-16 03:22:46]    Found 0 new candidates in Wethersfield.
[2026-09-16 03:22:46] 
📍 Scanning Town: Bridgeport, CT (Progress: 30/1000)
[2026-09-16 03:22:57]    Found 0 new candidates in Bridgeport.
[2026-09-16 03:22:57] 
📍 Scanning Town: Woodbury, CT (Progress: 30/1000)
[2026-09-16 03:23:08]    Found 0 new candidates in Woodbury.
[2026-09-16 03:23:08] 
📍 Scanning Town: Shelton, CT (Progress: 30/1000)
[2026-09-16 03:23:20]    Found 0 new candidates in Shelton.
[2026-09-16 03:23:20] 
📍 Scanning Town: Torrington, CT (Progress: 30/1000)
[2026-09-16 03:23:35]    Found 0 new candidates in Torrington.
[2026-09-16 03:23:35] 
📍 Scanning Town: Prospect, CT (Progress: 30/1000)
[2026-09-16 03:23:46]    Found 0 new candidates in Prospect.
[2026-09-16 03:23:46] 
📍 Scanning Town: New Fairfield, CT (Progress: 30/1000)
[2026-09-16 03:23:57]    Found 0 new candidates in New Fairfield.
[2026-09-16 03:23:57] 
📍 Scanning Town: Hartford, CT (Progress: 30/1000)
[2026-09-16 03:24:09]    Found 0 new candidates in Hartford.
[2026-09-16 03:24:09] 
📍 Scanning Town: Bethel, CT (Progress: 30/1000)
[2026-09-16 03:24:20]    Found 0 new candidates in Bethel.
[2026-09-16 03:24:20] 
📍 Scanning Town: West Haven, CT (Progress: 30/1000)
[2026-09-16 03:24:32]    Found 0 new candidates in West Haven.
[2026-09-16 03:24:32] 
📍 Scanning Town: Danbury, CT (Progress: 30/1000)
[2026-09-16 03:24:43]    Found 0 new candidates in Danbury.
[2026-09-16 03:24:43] 
📍 Scanning Town: Seymour, CT (Progress: 30/1000)
[2026-09-16 03:24:54]    Found 0 new candidates in Seymour.
[2026-09-16 03:24:54] 
📍 Scanning Town: Orange, CT (Progress: 30/1000)
[2026-09-16 03:25:19]    Found 0 new candidates in Orange.
[2026-09-16 03:25:19] 
📍 Scanning Town: Norwalk, CT (Progress: 30/1000)
[2026-09-16 03:25:31]    Found 0 new candidates in Norwalk.
[2026-09-16 03:25:31] 
📍 Scanning Town: Rocky Hill, CT (Progress: 30/1000)
[2026-09-16 03:25:42]    Found 0 new candidates in Rocky Hill.
[2026-09-16 03:25:42] 
📍 Scanning Town: Stamford, CT (Progress: 30/1000)
[2026-09-16 03:25:53]    Found 0 new candidates in Stamford.
[2026-09-16 03:25:53] 
📍 Scanning Town: Enfield, CT (Progress: 30/1000)
[2026-09-16 03:26:04]    Found 0 new candidates in Enfield.
[2026-09-16 03:26:04] 
📍 Scanning Town: Guilford, CT (Progress: 30/1000)
[2026-09-16 03:26:14]    Found 0 new candidates in Guilford.
[2026-09-16 03:26:14] 
📍 Scanning Town: Naugatuck, CT (Progress: 30/1000)
[2026-09-16 03:26:25]    Found 0 new candidates in Naugatuck.
[2026-09-16 03:26:25] 
📍 Scanning Town: Waterbury, CT (Progress: 30/1000)
[2026-09-16 03:26:36]    Found 0 new candidates in Waterbury.
[2026-09-16 03:26:36] 
📍 Scanning Town: Manchester, CT (Progress: 30/1000)
[2026-09-16 03:26:59]    Found 0 new candidates in Manchester.
[2026-09-16 03:26:59] 
📍 Scanning Town: Monroe, CT (Progress: 30/1000)
[2026-09-16 03:27:10]    Found 0 new candidates in Monroe.
[2026-09-16 03:27:10] 
📍 Scanning Town: Derby, CT (Progress: 30/1000)
[2026-09-16 03:27:22]    Found 0 new candidates in Derby.
[2026-09-16 03:27:22] 
📍 Scanning Town: Hamden, CT (Progress: 30/1000)
[2026-09-16 03:27:33]    Found 0 new candidates in Hamden.
[2026-09-16 03:27:33] 
📍 Scanning Town: Avon, CT (Progress: 30/1000)
[2026-09-16 03:27:56]    Found 0 new candidates in Avon.
[2026-09-16 03:27:56] 
📍 Scanning Town: Plainville, CT (Progress: 30/1000)
[2026-09-16 03:28:16]    Found 0 new candidates in Plainville.
[2026-09-16 03:28:16] 
📍 Scanning Town: Southington, CT (Progress: 30/1000)
[2026-09-16 03:28:27]    Found 0 new candidates in Southington.
[2026-09-16 03:28:27] 
📍 Scanning Town: Westport, CT (Progress: 30/1000)
[2026-09-16 03:28:49]    Found 0 new candidates in Westport.
[2026-09-16 03:28:49] 
📍 Scanning Town: Watertown, CT (Progress: 30/1000)
[2026-09-16 03:29:01]    Found 0 new candidates in Watertown.
[2026-09-16 03:29:01] 
📍 Scanning Town: Farmington, CT (Progress: 30/1000)
[2026-09-16 03:29:12]    Found 0 new candidates in Farmington.
[2026-09-16 03:29:12] 
📍 Scanning Town: Simsbury, CT (Progress: 30/1000)
[2026-09-16 03:29:24]    Found 0 new candidates in Simsbury.
[2026-09-16 03:29:24] 
📍 Scanning Town: Norwich, CT (Progress: 30/1000)
[2026-09-16 03:29:35]    Found 0 new candidates in Norwich.
[2026-09-16 03:29:35] 
📍 Scanning Town: Berlin, CT (Progress: 30/1000)
[2026-09-16 03:29:46]    Found 0 new candidates in Berlin.
[2026-09-16 03:29:46] 
📍 Scanning Town: Meriden, CT (Progress: 30/1000)
[2026-09-16 03:29:58]    Found 0 new candidates in Meriden.
[2026-09-16 03:29:58] 
📍 Scanning Town: Greenwich, CT (Progress: 30/1000)
[2026-09-16 03:30:10]    Found 0 new candidates in Greenwich.
[2026-09-16 03:30:10] 
📍 Scanning Town: Seymour, CT (Progress: 30/1000)
[2026-09-16 03:30:21]    Found 0 new candidates in Seymour.
[2026-09-16 03:30:21] 
📍 Scanning Town: Greenwich, CT (Progress: 30/1000)
[2026-09-16 03:30:32]    Found 0 new candidates in Greenwich.
[2026-09-16 03:30:32] 
📍 Scanning Town: Bridgeport, CT (Progress: 30/1000)
[2026-09-16 03:30:44]    Found 0 new candidates in Bridgeport.
[2026-09-16 03:30:44] 
📍 Scanning Town: Newington, CT (Progress: 30/1000)
[2026-09-16 03:30:56]    Found 0 new candidates in Newington.
[2026-09-16 03:30:56] 
📍 Scanning Town: Groton, CT (Progress: 30/1000)
[2026-09-16 03:31:07]    Found 0 new candidates in Groton.
[2026-09-16 03:31:07] 
📍 Scanning Town: Trumbull, CT (Progress: 30/1000)
[2026-09-16 03:31:30]    Found 0 new candidates in Trumbull.
[2026-09-16 03:31:30] 
📍 Scanning Town: East Hartford, CT (Progress: 30/1000)
[2026-09-16 03:31:43]    Found 0 new candidates in East Hartford.
[2026-09-16 03:31:43] 
📍 Scanning Town: Hamden, CT (Progress: 30/1000)
[2026-09-16 03:31:53]    Found 0 new candidates in Hamden.
[2026-09-16 03:31:53] 
📍 Scanning Town: Ansonia, CT (Progress: 30/1000)
[2026-09-16 03:32:05]    Found 0 new candidates in Ansonia.
[2026-09-16 03:32:05] 
📍 Scanning Town: North Haven, CT (Progress: 30/1000)
[2026-09-16 03:32:16]    Found 0 new candidates in North Haven.
[2026-09-16 03:32:16] 
📍 Scanning Town: Danbury, CT (Progress: 30/1000)
[2026-09-16 03:32:28]    Found 0 new candidates in Danbury.
[2026-09-16 03:32:28] 
📍 Scanning Town: Southbury, CT (Progress: 30/1000)
[2026-09-16 03:32:40]    Found 0 new candidates in Southbury.
[2026-09-16 03:32:40] 
📍 Scanning Town: Monroe, CT (Progress: 30/1000)
[2026-09-16 03:32:51]    Found 0 new candidates in Monroe.
[2026-09-16 03:32:51] 
📍 Scanning Town: Darien, CT (Progress: 30/1000)
[2026-09-16 03:33:03]    Found 0 new candidates in Darien.
[2026-09-16 03:33:03] 
📍 Scanning Town: South Windsor, CT (Progress: 30/1000)
[2026-09-16 03:33:27]    Found 0 new candidates in South Windsor.
[2026-09-16 03:33:27] 
📍 Scanning Town: Orange, CT (Progress: 30/1000)
[2026-09-16 03:33:38]    Found 0 new candidates in Orange.
[2026-09-16 03:33:38] 
📍 Scanning Town: Newtown, CT (Progress: 30/1000)
[2026-09-16 03:33:49]    Found 0 new candidates in Newtown.
[2026-09-16 03:33:49] 
📍 Scanning Town: Avon, CT (Progress: 30/1000)
[2026-09-16 03:34:00]    Found 0 new candidates in Avon.
[2026-09-16 03:34:00] 
📍 Scanning Town: Wilton, CT (Progress: 30/1000)
[2026-09-16 03:34:11]    Found 0 new candidates in Wilton.
[2026-09-16 03:34:11] 
📍 Scanning Town: West Hartford, CT (Progress: 30/1000)
[2026-09-16 03:34:22]    Found 0 new candidates in West Hartford.
[2026-09-16 03:34:22] 
📍 Scanning Town: Southington, CT (Progress: 30/1000)
[2026-09-16 03:34:33]    Found 0 new candidates in Southington.
[2026-09-16 03:34:33] 
📍 Scanning Town: New Haven, CT (Progress: 30/1000)
[2026-09-16 03:34:45]    Found 0 new candidates in New Haven.
[2026-09-16 03:34:45] 
📍 Scanning Town: West Haven, CT (Progress: 30/1000)
[2026-09-16 03:34:57]    Found 0 new candidates in West Haven.
[2026-09-16 03:34:57] 
📍 Scanning Town: Waterford, CT (Progress: 30/1000)
[2026-09-16 03:35:08]    Found 0 new candidates in Waterford.
[2026-09-16 03:35:08] 
📍 Scanning Town: New Fairfield, CT (Progress: 30/1000)
[2026-09-16 03:35:19]    Found 0 new candidates in New Fairfield.
[2026-09-16 03:35:19] 
📍 Scanning Town: Cromwell, CT (Progress: 30/1000)
[2026-09-16 03:35:31]    Found 0 new candidates in Cromwell.
[2026-09-16 03:35:31] 
📍 Scanning Town: Branford, CT (Progress: 30/1000)
[2026-09-16 03:35:42]    Found 0 new candidates in Branford.
[2026-09-16 03:35:42] 
📍 Scanning Town: Prospect, CT (Progress: 30/1000)
[2026-09-16 03:35:54]    Found 0 new candidates in Prospect.
[2026-09-16 03:35:54] 
📍 Scanning Town: Meriden, CT (Progress: 30/1000)
[2026-09-16 03:36:05]    Found 0 new candidates in Meriden.
[2026-09-16 03:36:05] 
📍 Scanning Town: Bristol, CT (Progress: 30/1000)
[2026-09-16 03:36:16]    Found 0 new candidates in Bristol.
[2026-09-16 03:36:16] 
📍 Scanning Town: Fairfield, CT (Progress: 30/1000)
[2026-09-16 03:36:28]    Found 0 new candidates in Fairfield.
[2026-09-16 03:36:28] 
📍 Scanning Town: Plainville, CT (Progress: 30/1000)
[2026-09-16 03:36:39]    Found 0 new candidates in Plainville.
[2026-09-16 03:36:39] 
📍 Scanning Town: Bethel, CT (Progress: 30/1000)
[2026-09-16 03:36:51]    Found 0 new candidates in Bethel.
[2026-09-16 03:36:51] 
📍 Scanning Town: Hartford, CT (Progress: 30/1000)
[2026-09-16 03:37:02]    Found 0 new candidates in Hartford.
[2026-09-16 03:37:02] 
📍 Scanning Town: Woodbury, CT (Progress: 30/1000)
[2026-09-16 03:37:13]    Found 0 new candidates in Woodbury.
[2026-09-16 03:37:13] 
📍 Scanning Town: Windsor, CT (Progress: 30/1000)
[2026-09-16 03:37:25]    Found 0 new candidates in Windsor.
[2026-09-16 03:37:25] 
📍 Scanning Town: Glastonbury, CT (Progress: 30/1000)
[2026-09-16 03:37:37]    Found 0 new candidates in Glastonbury.
[2026-09-16 03:37:37] 
📍 Scanning Town: Manchester, CT (Progress: 30/1000)
[2026-09-16 03:37:49]    Found 0 new candidates in Manchester.
[2026-09-16 03:37:49] 
📍 Scanning Town: Derby, CT (Progress: 30/1000)
[2026-09-16 03:38:00]    Found 0 new candidates in Derby.
[2026-09-16 03:38:00] 
📍 Scanning Town: Mansfield, CT (Progress: 30/1000)
[2026-09-16 03:38:12]    Found 0 new candidates in Mansfield.
[2026-09-16 03:38:12] 
📍 Scanning Town: Farmington, CT (Progress: 30/1000)
[2026-09-16 03:38:24]    Found 0 new candidates in Farmington.
[2026-09-16 03:38:24] 
📍 Scanning Town: Stratford, CT (Progress: 30/1000)
[2026-09-16 03:38:35]    Found 0 new candidates in Stratford.
[2026-09-16 03:38:35] 
📍 Scanning Town: Vernon, CT (Progress: 30/1000)
[2026-09-16 03:38:57]    Found 0 new candidates in Vernon.
[2026-09-16 03:38:57] 
📍 Scanning Town: Oxford, CT (Progress: 30/1000)
[2026-09-16 03:39:21]    Found 0 new candidates in Oxford.
[2026-09-16 03:39:21] 
📍 Scanning Town: Enfield, CT (Progress: 30/1000)
[2026-09-16 03:39:33]    Found 0 new candidates in Enfield.
[2026-09-16 03:39:33] 
📍 Scanning Town: Stamford, CT (Progress: 30/1000)
[2026-09-16 03:39:44]    Found 0 new candidates in Stamford.
[2026-09-16 03:39:44] 
📍 Scanning Town: Shelton, CT (Progress: 30/1000)
[2026-09-16 03:39:56]    Found 0 new candidates in Shelton.
[2026-09-16 03:39:56] 
📍 Scanning Town: Waterbury, CT (Progress: 30/1000)
[2026-09-16 03:40:07]    Found 0 new candidates in Waterbury.
[2026-09-16 03:40:07] 
📍 Scanning Town: Naugatuck, CT (Progress: 30/1000)
[2026-09-16 03:40:18]    Found 0 new candidates in Naugatuck.
[2026-09-16 03:40:18] 
📍 Scanning Town: Brookfield, CT (Progress: 30/1000)
[2026-09-16 03:40:30]    Found 0 new candidates in Brookfield.
[2026-09-16 03:40:30] 
📍 Scanning Town: Wethersfield, CT (Progress: 30/1000)
[2026-09-16 03:40:41]    Found 0 new candidates in Wethersfield.
[2026-09-16 03:40:41] 
📍 Scanning Town: Rocky Hill, CT (Progress: 30/1000)
[2026-09-16 03:40:54]    Found 0 new candidates in Rocky Hill.
[2026-09-16 03:40:54] 
📍 Scanning Town: Middletown, CT (Progress: 30/1000)
[2026-09-16 03:41:05]    Found 0 new candidates in Middletown.
[2026-09-16 03:41:05] 
📍 Scanning Town: Torrington, CT (Progress: 30/1000)
[2026-09-16 03:41:16]    Found 0 new candidates in Torrington.
[2026-09-16 03:41:16] 
📍 Scanning Town: Bloomfield, CT (Progress: 30/1000)
[2026-09-16 03:41:27]    Found 0 new candidates in Bloomfield.
[2026-09-16 03:41:27] 
📍 Scanning Town: Cheshire, CT (Progress: 30/1000)
[2026-09-16 03:41:51]    Found 0 new candidates in Cheshire.
[2026-09-16 03:41:51] 
📍 Scanning Town: Berlin, CT (Progress: 30/1000)
[2026-09-16 03:42:02]    Found 0 new candidates in Berlin.
[2026-09-16 03:42:02] 
📍 Scanning Town: Norwalk, CT (Progress: 30/1000)
[2026-09-16 03:42:13]    Found 0 new candidates in Norwalk.
[2026-09-16 03:42:13] 
📍 Scanning Town: Westport, CT (Progress: 30/1000)
[2026-09-16 03:42:24]    Found 0 new candidates in Westport.
[2026-09-16 03:42:24] 
📍 Scanning Town: Ridgefield, CT (Progress: 30/1000)
[2026-09-16 03:42:35]    Found 0 new candidates in Ridgefield.
[2026-09-16 03:42:35] 
📍 Scanning Town: Guilford, CT (Progress: 30/1000)
[2026-09-16 03:42:46]    Found 0 new candidates in Guilford.
[2026-09-16 03:42:46] 
📍 Scanning Town: Watertown, CT (Progress: 30/1000)
[2026-09-16 03:42:57]    Found 0 new candidates in Watertown.
[2026-09-16 03:42:57] 
📍 Scanning Town: Milford, CT (Progress: 30/1000)
[2026-09-16 03:43:10]    Found 0 new candidates in Milford.
[2026-09-16 03:43:10] 
📍 Scanning Town: Simsbury, CT (Progress: 30/1000)
[2026-09-16 03:43:21]    Found 0 new candidates in Simsbury.
[2026-09-16 03:43:21] 
📍 Scanning Town: Norwich, CT (Progress: 30/1000)
[2026-09-16 03:43:46]    Found 0 new candidates in Norwich.
[2026-09-16 03:43:46] 
📍 Scanning Town: Greenwich, CT (Progress: 30/1000)
[2026-09-16 03:43:57]    Found 0 new candidates in Greenwich.
[2026-09-16 03:43:57] 
📍 Scanning Town: Newtown, CT (Progress: 30/1000)
[2026-09-16 03:44:08]    Found 0 new candidates in Newtown.
[2026-09-16 03:44:08] 
📍 Scanning Town: Cromwell, CT (Progress: 30/1000)
[2026-09-16 03:44:19]    Found 0 new candidates in Cromwell.
[2026-09-16 03:44:19] 
📍 Scanning Town: Seymour, CT (Progress: 30/1000)
[2026-09-16 03:44:30]    Found 0 new candidates in Seymour.
[2026-09-16 03:44:30] 
📍 Scanning Town: Oxford, CT (Progress: 30/1000)
[2026-09-16 03:44:42]    Found 0 new candidates in Oxford.
[2026-09-16 03:44:42] 
📍 Scanning Town: Berlin, CT (Progress: 30/1000)
[2026-09-16 03:44:53]    Found 0 new candidates in Berlin.
[2026-09-16 03:44:53] 
📍 Scanning Town: Torrington, CT (Progress: 30/1000)
[2026-09-16 03:45:04]    Found 0 new candidates in Torrington.
[2026-09-16 03:45:04] 
📍 Scanning Town: Meriden, CT (Progress: 30/1000)
[2026-09-16 03:45:15]    Found 0 new candidates in Meriden.
[2026-09-16 03:45:15] 
📍 Scanning Town: Middletown, CT (Progress: 30/1000)
[2026-09-16 03:45:25]    Found 0 new candidates in Middletown.
[2026-09-16 03:45:25] 
📍 Scanning Town: East Hartford, CT (Progress: 30/1000)
[2026-09-16 03:45:38]    Found 0 new candidates in East Hartford.
[2026-09-16 03:45:38] 
📍 Scanning Town: Glastonbury, CT (Progress: 30/1000)
[2026-09-16 03:45:50]    Found 0 new candidates in Glastonbury.
[2026-09-16 03:45:50] 
📍 Scanning Town: Ridgefield, CT (Progress: 30/1000)
[2026-09-16 03:46:00]    Found 0 new candidates in Ridgefield.
[2026-09-16 03:46:00] 
📍 Scanning Town: Wethersfield, CT (Progress: 30/1000)
[2026-09-16 03:46:11]    Found 0 new candidates in Wethersfield.
[2026-09-16 03:46:11] 
📍 Scanning Town: Ansonia, CT (Progress: 30/1000)
[2026-09-16 03:46:31]    Found 0 new candidates in Ansonia.
[2026-09-16 03:46:31] 
📍 Scanning Town: Enfield, CT (Progress: 30/1000)
[2026-09-16 03:46:55]    Found 0 new candidates in Enfield.
[2026-09-16 03:46:55] 
📍 Scanning Town: West Hartford, CT (Progress: 30/1000)
[2026-09-16 03:47:16]    Found 0 new candidates in West Hartford.
[2026-09-16 03:47:16] 
📍 Scanning Town: New Haven, CT (Progress: 30/1000)
[2026-09-16 03:47:27]    Found 0 new candidates in New Haven.
[2026-09-16 03:47:27] 
📍 Scanning Town: Westport, CT (Progress: 30/1000)
[2026-09-16 03:47:37]    Found 0 new candidates in Westport.
[2026-09-16 03:47:37] 
📍 Scanning Town: Manchester, CT (Progress: 30/1000)
[2026-09-16 03:47:48]    Found 0 new candidates in Manchester.
[2026-09-16 03:47:48] 
📍 Scanning Town: Southbury, CT (Progress: 30/1000)
[2026-09-16 03:47:59]    Found 0 new candidates in Southbury.
[2026-09-16 03:47:59] 
📍 Scanning Town: Darien, CT (Progress: 30/1000)
[2026-09-16 03:48:10]    Found 0 new candidates in Darien.
[2026-09-16 03:48:10] 
📍 Scanning Town: Stratford, CT (Progress: 30/1000)
[2026-09-16 03:48:32]    Found 0 new candidates in Stratford.
[2026-09-16 03:48:32] 
📍 Scanning Town: Guilford, CT (Progress: 30/1000)
[2026-09-16 03:48:44]    Found 0 new candidates in Guilford.
[2026-09-16 03:48:44] 
📍 Scanning Town: Waterford, CT (Progress: 30/1000)
[2026-09-16 03:49:06]    Found 0 new candidates in Waterford.
[2026-09-16 03:49:06] 
📍 Scanning Town: Prospect, CT (Progress: 30/1000)
[2026-09-16 03:49:17]    Found 0 new candidates in Prospect.
[2026-09-16 03:49:17] 
📍 Scanning Town: Branford, CT (Progress: 30/1000)
[2026-09-16 03:49:29]    Found 0 new candidates in Branford.
[2026-09-16 03:49:29] 
📍 Scanning Town: Waterbury, CT (Progress: 30/1000)
[2026-09-16 03:49:52]    Found 0 new candidates in Waterbury.
[2026-09-16 03:49:52] 
📍 Scanning Town: North Haven, CT (Progress: 30/1000)
[2026-09-16 03:50:02]    Found 0 new candidates in North Haven.
[2026-09-16 03:50:02] 
📍 Scanning Town: Milford, CT (Progress: 30/1000)
[2026-09-16 03:50:25]    Found 0 new candidates in Milford.
[2026-09-16 03:50:25] 
📍 Scanning Town: Brookfield, CT (Progress: 30/1000)
[2026-09-16 03:50:51]    Found 0 new candidates in Brookfield.
[2026-09-16 03:50:51] 
📍 Scanning Town: Vernon, CT (Progress: 30/1000)
[2026-09-16 03:51:01]    Found 0 new candidates in Vernon.
[2026-09-16 03:51:01] 
📍 Scanning Town: Woodbury, CT (Progress: 30/1000)
[2026-09-16 03:51:23]    Found 0 new candidates in Woodbury.
[2026-09-16 03:51:23] 
📍 Scanning Town: Naugatuck, CT (Progress: 30/1000)
[2026-09-16 03:51:34]    Found 0 new candidates in Naugatuck.
[2026-09-16 03:51:34] 
📍 Scanning Town: Simsbury, CT (Progress: 30/1000)
[2026-09-16 03:51:55]    Found 0 new candidates in Simsbury.
[2026-09-16 03:51:55] 
📍 Scanning Town: Wilton, CT (Progress: 30/1000)
[2026-09-16 03:52:07]    Found 0 new candidates in Wilton.
[2026-09-16 03:52:07] 
📍 Scanning Town: Hartford, CT (Progress: 30/1000)
[2026-09-16 03:52:29]    Found 0 new candidates in Hartford.
[2026-09-16 03:52:29] 
📍 Scanning Town: Bridgeport, CT (Progress: 30/1000)
[2026-09-16 03:52:53]    Found 0 new candidates in Bridgeport.
[2026-09-16 03:52:53] 
📍 Scanning Town: Fairfield, CT (Progress: 30/1000)
[2026-09-16 03:53:03]    Found 0 new candidates in Fairfield.
[2026-09-16 03:53:03] 
📍 Scanning Town: South Windsor, CT (Progress: 30/1000)
[2026-09-16 03:53:16]    Found 0 new candidates in South Windsor.
[2026-09-16 03:53:16] 
📍 Scanning Town: Southington, CT (Progress: 30/1000)
[2026-09-16 03:53:34]    Found 0 new candidates in Southington.
[2026-09-16 03:53:34] 
📍 Scanning Town: Windsor, CT (Progress: 30/1000)
[2026-09-16 03:53:46]    Found 0 new candidates in Windsor.
[2026-09-16 03:53:46] 
📍 Scanning Town: Newington, CT (Progress: 30/1000)
[2026-09-16 03:54:08]    Found 0 new candidates in Newington.
[2026-09-16 03:54:08] 
📍 Scanning Town: Derby, CT (Progress: 30/1000)
[2026-09-16 03:54:19]    Found 0 new candidates in Derby.
[2026-09-16 03:54:19] 
📍 Scanning Town: Watertown, CT (Progress: 30/1000)
[2026-09-16 03:54:43]    Found 0 new candidates in Watertown.
[2026-09-16 03:54:43] 
📍 Scanning Town: Cheshire, CT (Progress: 30/1000)
[2026-09-16 03:54:53]    Found 0 new candidates in Cheshire.
[2026-09-16 03:54:53] 
📍 Scanning Town: Rocky Hill, CT (Progress: 30/1000)
[2026-09-16 03:55:04]    Found 0 new candidates in Rocky Hill.
[2026-09-16 03:55:04] 
📍 Scanning Town: Bethel, CT (Progress: 30/1000)
[2026-09-16 03:55:16]    Found 0 new candidates in Bethel.
[2026-09-16 03:55:16] 
📍 Scanning Town: Bristol, CT (Progress: 30/1000)
[2026-09-16 03:55:28]    Found 0 new candidates in Bristol.
[2026-09-16 03:55:28] 
📍 Scanning Town: Monroe, CT (Progress: 30/1000)
[2026-09-16 03:55:55]    Found 0 new candidates in Monroe.
[2026-09-16 03:55:55] 
📍 Scanning Town: Norwalk, CT (Progress: 30/1000)
[2026-09-16 03:56:06]    Found 0 new candidates in Norwalk.
[2026-09-16 03:56:06] 
📍 Scanning Town: Farmington, CT (Progress: 30/1000)
[2026-09-16 03:56:29]    Found 0 new candidates in Farmington.
[2026-09-16 03:56:29] 
📍 Scanning Town: Mansfield, CT (Progress: 30/1000)
[2026-09-16 03:56:40]    Found 0 new candidates in Mansfield.
[2026-09-16 03:56:40] 
📍 Scanning Town: Danbury, CT (Progress: 30/1000)
[2026-09-16 03:57:02]    Found 0 new candidates in Danbury.
[2026-09-16 03:57:02] 
📍 Scanning Town: Stamford, CT (Progress: 30/1000)
[2026-09-16 03:57:12]    Found 0 new candidates in Stamford.
[2026-09-16 03:57:12] 
📍 Scanning Town: West Haven, CT (Progress: 30/1000)
[2026-09-16 03:57:38]    Found 0 new candidates in West Haven.
[2026-09-16 03:57:38] 
📍 Scanning Town: Shelton, CT (Progress: 30/1000)
[2026-09-16 03:57:58]    Found 0 new candidates in Shelton.
[2026-09-16 03:57:58] 
📍 Scanning Town: Bloomfield, CT (Progress: 30/1000)
[2026-09-16 03:58:21]    Found 0 new candidates in Bloomfield.
[2026-09-16 03:58:21] 
📍 Scanning Town: Avon, CT (Progress: 30/1000)
[2026-09-16 03:58:33]    Found 0 new candidates in Avon.
[2026-09-16 03:58:33] 
📍 Scanning Town: Plainville, CT (Progress: 30/1000)
[2026-09-16 03:58:44]    Found 0 new candidates in Plainville.
[2026-09-16 03:58:44] 
📍 Scanning Town: Norwich, CT (Progress: 30/1000)
[2026-09-16 03:58:54]    Found 0 new candidates in Norwich.
[2026-09-16 03:58:54] 
📍 Scanning Town: Trumbull, CT (Progress: 30/1000)
[2026-09-16 03:59:05]    Found 0 new candidates in Trumbull.
[2026-09-16 03:59:05] 
📍 Scanning Town: Groton, CT (Progress: 30/1000)
[2026-09-16 03:59:28]    Found 0 new candidates in Groton.
[2026-09-16 03:59:28] 
📍 Scanning Town: Hamden, CT (Progress: 30/1000)
[2026-09-16 03:59:49]    Found 0 new candidates in Hamden.
[2026-09-16 03:59:49] 
📍 Scanning Town: New Fairfield, CT (Progress: 30/1000)
[2026-09-16 04:00:18]    Found 0 new candidates in New Fairfield.
[2026-09-16 04:00:18] 
📍 Scanning Town: Orange, CT (Progress: 30/1000)
[2026-09-16 04:00:29]    Found 0 new candidates in Orange.
[2026-09-16 04:00:29] 
📍 Scanning Town: Hamden, CT (Progress: 30/1000)
[2026-09-16 04:00:40]    Found 0 new candidates in Hamden.
[2026-09-16 04:00:40] 
📍 Scanning Town: Milford, CT (Progress: 30/1000)
[2026-09-16 04:00:52]    Found 0 new candidates in Milford.
[2026-09-16 04:00:52] 
📍 Scanning Town: Manchester, CT (Progress: 30/1000)
[2026-09-16 04:01:06]    Found 0 new candidates in Manchester.
[2026-09-16 04:01:06] 
📍 Scanning Town: Fairfield, CT (Progress: 30/1000)
[2026-09-16 04:01:17]    Found 0 new candidates in Fairfield.
[2026-09-16 04:01:17] 
📍 Scanning Town: Southbury, CT (Progress: 30/1000)
[2026-09-16 04:01:51]    Found 0 new candidates in Southbury.
[2026-09-16 04:01:51] 
📍 Scanning Town: Woodbury, CT (Progress: 30/1000)
[2026-09-16 04:02:02]    Found 0 new candidates in Woodbury.
[2026-09-16 04:02:02] 
📍 Scanning Town: Ridgefield, CT (Progress: 30/1000)
[2026-09-16 04:02:31]    Found 0 new candidates in Ridgefield.
[2026-09-16 04:02:31] 
📍 Scanning Town: Plainville, CT (Progress: 30/1000)
[2026-09-16 04:02:43]    Found 0 new candidates in Plainville.
[2026-09-16 04:02:43] 
📍 Scanning Town: Bridgeport, CT (Progress: 30/1000)
[2026-09-16 04:02:55]    Found 0 new candidates in Bridgeport.
[2026-09-16 04:02:55] 
📍 Scanning Town: Bethel, CT (Progress: 30/1000)
[2026-09-16 04:03:06]    Found 0 new candidates in Bethel.
[2026-09-16 04:03:06] 
📍 Scanning Town: Hartford, CT (Progress: 30/1000)
[2026-09-16 04:03:17]    Found 0 new candidates in Hartford.
[2026-09-16 04:03:17] 
📍 Scanning Town: Waterbury, CT (Progress: 30/1000)
[2026-09-16 04:03:29]    Found 0 new candidates in Waterbury.
[2026-09-16 04:03:29] 
📍 Scanning Town: North Haven, CT (Progress: 30/1000)
[2026-09-16 04:04:01]    Found 0 new candidates in North Haven.
[2026-09-16 04:04:01] 
📍 Scanning Town: Newtown, CT (Progress: 30/1000)
[2026-09-16 04:04:28]    Found 0 new candidates in Newtown.
[2026-09-16 04:04:28] 
📍 Scanning Town: Stratford, CT (Progress: 30/1000)
[2026-09-16 04:04:39]    Found 0 new candidates in Stratford.
[2026-09-16 04:04:39] 
📍 Scanning Town: Glastonbury, CT (Progress: 30/1000)
[2026-09-16 04:05:00]    Found 0 new candidates in Glastonbury.
[2026-09-16 04:05:00] 
📍 Scanning Town: Brookfield, CT (Progress: 30/1000)
[2026-09-16 04:05:11]    Found 0 new candidates in Brookfield.
[2026-09-16 04:05:11] 
📍 Scanning Town: Derby, CT (Progress: 30/1000)
[2026-09-16 04:05:23]    Found 0 new candidates in Derby.
[2026-09-16 04:05:23] 
📍 Scanning Town: Naugatuck, CT (Progress: 30/1000)
[2026-09-16 04:05:46]    Found 0 new candidates in Naugatuck.
[2026-09-16 04:05:46] 
📍 Scanning Town: Waterford, CT (Progress: 30/1000)
[2026-09-16 04:05:58]    Found 0 new candidates in Waterford.
[2026-09-16 04:05:58] 
📍 Scanning Town: Farmington, CT (Progress: 30/1000)
[2026-09-16 04:06:09]    Found 0 new candidates in Farmington.
[2026-09-16 04:06:09] 
📍 Scanning Town: Rocky Hill, CT (Progress: 30/1000)
[2026-09-16 04:06:21]    Found 0 new candidates in Rocky Hill.
[2026-09-16 04:06:21] 
📍 Scanning Town: Meriden, CT (Progress: 30/1000)
[2026-09-16 04:06:43]    Found 3 new candidates in Meriden.
[2026-09-16 04:06:48] ✨ [CONFIRMED #31/1000] San Souci Restaurant & Lounge (Meriden, CT)
[2026-09-16 04:06:48]    Platform: Instagram (@sanssoucirestaurant) | Site: https://sanssoucirestaurant.com/
[2026-09-16 04:07:17] ✨ [CONFIRMED #32/1000] Roti Boti (Meriden, CT)
[2026-09-16 04:07:17]    Platform: Instagram (@rotibotiri) | Site: https://rotibotict.com/
[2026-09-16 04:08:11] 
📍 Scanning Town: Southington, CT (Progress: 32/1000)
[2026-09-16 04:08:22]    Found 0 new candidates in Southington.
[2026-09-16 04:08:22] 
📍 Scanning Town: Bloomfield, CT (Progress: 32/1000)
[2026-09-16 04:08:33]    Found 0 new candidates in Bloomfield.
[2026-09-16 04:08:33] 
📍 Scanning Town: South Windsor, CT (Progress: 32/1000)
[2026-09-16 04:08:44]    Found 0 new candidates in South Windsor.
[2026-09-16 04:08:44] 
📍 Scanning Town: Mansfield, CT (Progress: 32/1000)
[2026-09-16 04:09:09]    Found 0 new candidates in Mansfield.
[2026-09-16 04:09:09] 
📍 Scanning Town: Wethersfield, CT (Progress: 32/1000)
[2026-09-16 04:09:29]    Found 0 new candidates in Wethersfield.
[2026-09-16 04:09:29] 
📍 Scanning Town: Middletown, CT (Progress: 32/1000)
[2026-09-16 04:09:53]    Found 0 new candidates in Middletown.
[2026-09-16 04:09:53] 
📍 Scanning Town: Avon, CT (Progress: 32/1000)
[2026-09-16 04:10:05]    Found 0 new candidates in Avon.
[2026-09-16 04:10:05] 
📍 Scanning Town: Vernon, CT (Progress: 32/1000)
[2026-09-16 04:10:16]    Found 0 new candidates in Vernon.
[2026-09-16 04:10:16] 
📍 Scanning Town: Ansonia, CT (Progress: 32/1000)
[2026-09-16 04:10:28]    Found 0 new candidates in Ansonia.
[2026-09-16 04:10:28] 
📍 Scanning Town: Branford, CT (Progress: 32/1000)
[2026-09-16 04:10:48]    Found 1 new candidates in Branford.
[2026-09-16 04:10:48] 
📍 Scanning Town: Newington, CT (Progress: 32/1000)
[2026-09-16 04:10:59]    Found 0 new candidates in Newington.
[2026-09-16 04:10:59] 
📍 Scanning Town: Westport, CT (Progress: 32/1000)
[2026-09-16 04:11:11]    Found 0 new candidates in Westport.
[2026-09-16 04:11:11] 
📍 Scanning Town: Bristol, CT (Progress: 32/1000)
[2026-09-16 04:11:39]    Found 0 new candidates in Bristol.
[2026-09-16 04:11:39] 
📍 Scanning Town: Cheshire, CT (Progress: 32/1000)
[2026-09-16 04:11:50]    Found 0 new candidates in Cheshire.
[2026-09-16 04:11:50] 
📍 Scanning Town: Wilton, CT (Progress: 32/1000)
[2026-09-16 04:12:00]    Found 0 new candidates in Wilton.
[2026-09-16 04:12:00] 
📍 Scanning Town: Cromwell, CT (Progress: 32/1000)
[2026-09-16 04:12:24]    Found 0 new candidates in Cromwell.
[2026-09-16 04:12:24] 
📍 Scanning Town: West Haven, CT (Progress: 32/1000)
[2026-09-16 04:12:36]    Found 0 new candidates in West Haven.
[2026-09-16 04:12:36] 
📍 Scanning Town: Enfield, CT (Progress: 32/1000)
[2026-09-16 04:12:48]    Found 0 new candidates in Enfield.
[2026-09-16 04:12:48] 
📍 Scanning Town: Norwich, CT (Progress: 32/1000)
[2026-09-16 04:12:58]    Found 0 new candidates in Norwich.
[2026-09-16 04:12:58] 
📍 Scanning Town: Trumbull, CT (Progress: 32/1000)
[2026-09-16 04:13:10]    Found 0 new candidates in Trumbull.
[2026-09-16 04:13:10] 
📍 Scanning Town: Groton, CT (Progress: 32/1000)
[2026-09-16 04:13:21]    Found 0 new candidates in Groton.
[2026-09-16 04:13:21] 
📍 Scanning Town: Norwalk, CT (Progress: 32/1000)
[2026-09-16 04:13:44]    Found 0 new candidates in Norwalk.
[2026-09-16 04:13:44] 
📍 Scanning Town: Torrington, CT (Progress: 32/1000)
[2026-09-16 04:13:55]    Found 0 new candidates in Torrington.
[2026-09-16 04:13:55] 
📍 Scanning Town: Berlin, CT (Progress: 32/1000)
[2026-09-16 04:14:20]    Found 0 new candidates in Berlin.
[2026-09-16 04:14:20] 
📍 Scanning Town: Watertown, CT (Progress: 32/1000)
[2026-09-16 04:14:32]    Found 0 new candidates in Watertown.
[2026-09-16 04:14:32] 
📍 Scanning Town: Danbury, CT (Progress: 32/1000)
[2026-09-16 04:14:43]    Found 0 new candidates in Danbury.
[2026-09-16 04:14:43] 
📍 Scanning Town: Shelton, CT (Progress: 32/1000)
[2026-09-16 04:14:54]    Found 0 new candidates in Shelton.
[2026-09-16 04:14:54] 
📍 Scanning Town: Oxford, CT (Progress: 32/1000)
[2026-09-16 04:15:05]    Found 0 new candidates in Oxford.
[2026-09-16 04:15:05] 
📍 Scanning Town: Greenwich, CT (Progress: 32/1000)
[2026-09-16 04:15:30]    Found 0 new candidates in Greenwich.
[2026-09-16 04:15:30] 
📍 Scanning Town: Simsbury, CT (Progress: 32/1000)
[2026-09-16 04:15:40]    Found 0 new candidates in Simsbury.
[2026-09-16 04:15:40] 
📍 Scanning Town: Darien, CT (Progress: 32/1000)
[2026-09-16 04:16:03]    Found 0 new candidates in Darien.
[2026-09-16 04:16:03] 
📍 Scanning Town: Seymour, CT (Progress: 32/1000)
[2026-09-16 04:16:27]    Found 0 new candidates in Seymour.
[2026-09-16 04:16:27] 
📍 Scanning Town: Guilford, CT (Progress: 32/1000)
[2026-09-16 04:16:48]    Found 0 new candidates in Guilford.
[2026-09-16 04:16:48] 
📍 Scanning Town: West Hartford, CT (Progress: 32/1000)
[2026-09-16 04:16:59]    Found 0 new candidates in West Hartford.
[2026-09-16 04:16:59] 
📍 Scanning Town: New Haven, CT (Progress: 32/1000)
[2026-09-16 04:17:23]    Found 0 new candidates in New Haven.
[2026-09-16 04:17:23] 
📍 Scanning Town: Windsor, CT (Progress: 32/1000)
[2026-09-16 04:17:49]    Found 0 new candidates in Windsor.
[2026-09-16 04:17:49] 
📍 Scanning Town: Monroe, CT (Progress: 32/1000)
[2026-09-16 04:18:00]    Found 0 new candidates in Monroe.
[2026-09-16 04:18:00] 
📍 Scanning Town: East Hartford, CT (Progress: 32/1000)
[2026-09-16 04:18:28]    Found 0 new candidates in East Hartford.
[2026-09-16 04:18:28] 
📍 Scanning Town: Stamford, CT (Progress: 32/1000)
[2026-09-16 04:18:49]    Found 0 new candidates in Stamford.
[2026-09-16 04:18:49] 
📍 Scanning Town: Prospect, CT (Progress: 32/1000)
[2026-09-16 04:19:16]    Found 0 new candidates in Prospect.
[2026-09-16 04:19:16] 
📍 Scanning Town: New Fairfield, CT (Progress: 32/1000)
[2026-09-16 04:19:28]    Found 0 new candidates in New Fairfield.
[2026-09-16 04:19:28] 
📍 Scanning Town: Orange, CT (Progress: 32/1000)
[2026-09-16 04:19:39]    Found 0 new candidates in Orange.
[2026-09-16 04:19:39] 
📍 Scanning Town: Woodbury, CT (Progress: 32/1000)
[2026-09-16 04:19:50]    Found 0 new candidates in Woodbury.
[2026-09-16 04:19:50] 
📍 Scanning Town: East Hartford, CT (Progress: 32/1000)
[2026-09-16 04:20:01]    Found 0 new candidates in East Hartford.
[2026-09-16 04:20:01] 
📍 Scanning Town: Middletown, CT (Progress: 32/1000)
[2026-09-16 04:20:12]    Found 0 new candidates in Middletown.
[2026-09-16 04:20:12] 
📍 Scanning Town: Rocky Hill, CT (Progress: 32/1000)
[2026-09-16 04:20:36]    Found 0 new candidates in Rocky Hill.
[2026-09-16 04:20:36] 
📍 Scanning Town: Plainville, CT (Progress: 32/1000)
[2026-09-16 04:20:47]    Found 0 new candidates in Plainville.
[2026-09-16 04:20:47] 
📍 Scanning Town: Glastonbury, CT (Progress: 32/1000)
[2026-09-16 04:20:59]    Found 0 new candidates in Glastonbury.
[2026-09-16 04:20:59] 
📍 Scanning Town: Groton, CT (Progress: 32/1000)
[2026-09-16 04:21:11]    Found 0 new candidates in Groton.
[2026-09-16 04:21:11] 
📍 Scanning Town: Danbury, CT (Progress: 32/1000)
[2026-09-16 04:21:22]    Found 0 new candidates in Danbury.
[2026-09-16 04:21:22] 
📍 Scanning Town: West Haven, CT (Progress: 32/1000)
[2026-09-16 04:21:33]    Found 0 new candidates in West Haven.
[2026-09-16 04:21:33] 
📍 Scanning Town: Berlin, CT (Progress: 32/1000)
[2026-09-16 04:21:44]    Found 0 new candidates in Berlin.
[2026-09-16 04:21:44] 
📍 Scanning Town: Cromwell, CT (Progress: 32/1000)
[2026-09-16 04:21:56]    Found 0 new candidates in Cromwell.
[2026-09-16 04:21:56] 
📍 Scanning Town: Guilford, CT (Progress: 32/1000)
[2026-09-16 04:22:07]    Found 0 new candidates in Guilford.
[2026-09-16 04:22:07] 
📍 Scanning Town: Brookfield, CT (Progress: 32/1000)
[2026-09-16 04:22:18]    Found 0 new candidates in Brookfield.
[2026-09-16 04:22:18] 
📍 Scanning Town: Southington, CT (Progress: 32/1000)
[2026-09-16 04:22:30]    Found 0 new candidates in Southington.
[2026-09-16 04:22:30] 
📍 Scanning Town: Ridgefield, CT (Progress: 32/1000)
[2026-09-16 04:22:41]    Found 0 new candidates in Ridgefield.
[2026-09-16 04:22:41] 
📍 Scanning Town: Stamford, CT (Progress: 32/1000)
[2026-09-16 04:22:52]    Found 0 new candidates in Stamford.
[2026-09-16 04:22:52] 
📍 Scanning Town: Bridgeport, CT (Progress: 32/1000)
[2026-09-16 04:23:03]    Found 0 new candidates in Bridgeport.
[2026-09-16 04:23:03] 
📍 Scanning Town: Windsor, CT (Progress: 32/1000)
[2026-09-16 04:23:15]    Found 0 new candidates in Windsor.
[2026-09-16 04:23:15] 
📍 Scanning Town: Norwich, CT (Progress: 32/1000)
[2026-09-16 04:23:26]    Found 0 new candidates in Norwich.
[2026-09-16 04:23:26] 
📍 Scanning Town: Farmington, CT (Progress: 32/1000)
[2026-09-16 04:23:38]    Found 0 new candidates in Farmington.
[2026-09-16 04:23:38] 
📍 Scanning Town: Southbury, CT (Progress: 32/1000)
[2026-09-16 04:23:49]    Found 0 new candidates in Southbury.
[2026-09-16 04:23:49] 
📍 Scanning Town: Orange, CT (Progress: 32/1000)
[2026-09-16 04:24:00]    Found 0 new candidates in Orange.
[2026-09-16 04:24:00] 
📍 Scanning Town: Vernon, CT (Progress: 32/1000)
[2026-09-16 04:24:11]    Found 0 new candidates in Vernon.
[2026-09-16 04:24:11] 
📍 Scanning Town: Avon, CT (Progress: 32/1000)
[2026-09-16 04:24:23]    Found 0 new candidates in Avon.
[2026-09-16 04:24:23] 
📍 Scanning Town: New Haven, CT (Progress: 32/1000)
[2026-09-16 04:24:35]    Found 0 new candidates in New Haven.
[2026-09-16 04:24:35] 
📍 Scanning Town: Cheshire, CT (Progress: 32/1000)
[2026-09-16 04:24:46]    Found 0 new candidates in Cheshire.
[2026-09-16 04:24:46] 
📍 Scanning Town: Naugatuck, CT (Progress: 32/1000)
[2026-09-16 04:24:57]    Found 0 new candidates in Naugatuck.
[2026-09-16 04:24:57] 
📍 Scanning Town: Hamden, CT (Progress: 32/1000)
[2026-09-16 04:25:08]    Found 0 new candidates in Hamden.
[2026-09-16 04:25:08] 
📍 Scanning Town: Mansfield, CT (Progress: 32/1000)
[2026-09-16 04:25:19]    Found 0 new candidates in Mansfield.
[2026-09-16 04:25:19] 
📍 Scanning Town: North Haven, CT (Progress: 32/1000)
[2026-09-16 04:25:30]    Found 0 new candidates in North Haven.
[2026-09-16 04:25:30] 
📍 Scanning Town: Wilton, CT (Progress: 32/1000)
[2026-09-16 04:25:55]    Found 0 new candidates in Wilton.
[2026-09-16 04:25:55] 
📍 Scanning Town: Waterford, CT (Progress: 32/1000)
[2026-09-16 04:26:07]    Found 0 new candidates in Waterford.
[2026-09-16 04:26:07] 
📍 Scanning Town: Manchester, CT (Progress: 32/1000)
[2026-09-16 04:26:18]    Found 0 new candidates in Manchester.
[2026-09-16 04:26:18] 
📍 Scanning Town: Simsbury, CT (Progress: 32/1000)
[2026-09-16 04:26:30]    Found 0 new candidates in Simsbury.
[2026-09-16 04:26:30] 
📍 Scanning Town: Torrington, CT (Progress: 32/1000)
[2026-09-16 04:26:50]    Found 0 new candidates in Torrington.
[2026-09-16 04:26:50] 
📍 Scanning Town: Westport, CT (Progress: 32/1000)
[2026-09-16 04:27:01]    Found 0 new candidates in Westport.
[2026-09-16 04:27:01] 
📍 Scanning Town: Newtown, CT (Progress: 32/1000)
[2026-09-16 04:27:12]    Found 0 new candidates in Newtown.
[2026-09-16 04:27:12] 
📍 Scanning Town: Seymour, CT (Progress: 32/1000)
[2026-09-16 04:27:24]    Found 0 new candidates in Seymour.
[2026-09-16 04:27:24] 
📍 Scanning Town: West Hartford, CT (Progress: 32/1000)
[2026-09-16 04:27:36]    Found 0 new candidates in West Hartford.
[2026-09-16 04:27:36] 
📍 Scanning Town: Branford, CT (Progress: 32/1000)
[2026-09-16 04:27:47]    Found 0 new candidates in Branford.
[2026-09-16 04:27:47] 
📍 Scanning Town: Newington, CT (Progress: 32/1000)
[2026-09-16 04:27:59]    Found 0 new candidates in Newington.
[2026-09-16 04:27:59] 
📍 Scanning Town: Prospect, CT (Progress: 32/1000)
[2026-09-16 04:28:09]    Found 0 new candidates in Prospect.
[2026-09-16 04:28:09] 
📍 Scanning Town: Shelton, CT (Progress: 32/1000)
[2026-09-16 04:28:21]    Found 0 new candidates in Shelton.
[2026-09-16 04:28:21] 
📍 Scanning Town: Milford, CT (Progress: 32/1000)
[2026-09-16 04:28:30]    Found 0 new candidates in Milford.
[2026-09-16 04:28:30] 
📍 Scanning Town: Bloomfield, CT (Progress: 32/1000)
[2026-09-16 04:28:41]    Found 0 new candidates in Bloomfield.
[2026-09-16 04:28:41] 
📍 Scanning Town: Watertown, CT (Progress: 32/1000)
[2026-09-16 04:28:52]    Found 0 new candidates in Watertown.
[2026-09-16 04:28:52] 
📍 Scanning Town: New Fairfield, CT (Progress: 32/1000)
[2026-09-16 04:29:14]    Found 0 new candidates in New Fairfield.
[2026-09-16 04:29:14] 
📍 Scanning Town: Stratford, CT (Progress: 32/1000)
[2026-09-16 04:29:39]    Found 0 new candidates in Stratford.
[2026-09-16 04:29:39] 
📍 Scanning Town: Oxford, CT (Progress: 32/1000)
[2026-09-16 04:30:08]    Found 0 new candidates in Oxford.
[2026-09-16 04:30:08] 
📍 Scanning Town: Bristol, CT (Progress: 32/1000)
[2026-09-16 04:30:34]    Found 0 new candidates in Bristol.
[2026-09-16 04:30:34] 
📍 Scanning Town: Trumbull, CT (Progress: 32/1000)
[2026-09-16 04:30:57]    Found 0 new candidates in Trumbull.
[2026-09-16 04:30:57] 
📍 Scanning Town: Fairfield, CT (Progress: 32/1000)
[2026-09-16 04:31:21]    Found 0 new candidates in Fairfield.
[2026-09-16 04:31:21] 
📍 Scanning Town: South Windsor, CT (Progress: 32/1000)
[2026-09-16 04:31:48]    Found 0 new candidates in South Windsor.
[2026-09-16 04:31:48] 
📍 Scanning Town: Waterbury, CT (Progress: 32/1000)
[2026-09-16 04:32:10]    Found 0 new candidates in Waterbury.
[2026-09-16 04:32:10] 
📍 Scanning Town: Monroe, CT (Progress: 32/1000)
[2026-09-16 04:32:43]    Found 0 new candidates in Monroe.
[2026-09-16 04:32:43] 
📍 Scanning Town: Meriden, CT (Progress: 32/1000)
[2026-09-16 04:33:04]    Found 0 new candidates in Meriden.
[2026-09-16 04:33:04] 
📍 Scanning Town: Bethel, CT (Progress: 32/1000)
[2026-09-16 04:33:28]    Found 0 new candidates in Bethel.
[2026-09-16 04:33:28] 
📍 Scanning Town: Ansonia, CT (Progress: 32/1000)
[2026-09-16 04:33:47]    Found 0 new candidates in Ansonia.
[2026-09-16 04:33:47] 
📍 Scanning Town: Darien, CT (Progress: 32/1000)
[2026-09-16 04:34:11]    Found 0 new candidates in Darien.
[2026-09-16 04:34:11] 
📍 Scanning Town: Derby, CT (Progress: 32/1000)
[2026-09-16 04:34:36]    Found 0 new candidates in Derby.
[2026-09-16 04:34:36] 
📍 Scanning Town: Wethersfield, CT (Progress: 32/1000)
[2026-09-16 04:34:59]    Found 0 new candidates in Wethersfield.
[2026-09-16 04:34:59] 
📍 Scanning Town: Greenwich, CT (Progress: 32/1000)
[2026-09-16 04:35:23]    Found 0 new candidates in Greenwich.
[2026-09-16 04:35:23] 
📍 Scanning Town: Enfield, CT (Progress: 32/1000)
[2026-09-16 04:35:47]    Found 0 new candidates in Enfield.
[2026-09-16 04:35:47] 
📍 Scanning Town: Norwalk, CT (Progress: 32/1000)
[2026-09-16 04:36:11]    Found 0 new candidates in Norwalk.
[2026-09-16 04:36:11] 
📍 Scanning Town: Hartford, CT (Progress: 32/1000)
[2026-09-16 04:36:34]    Found 0 new candidates in Hartford.
[2026-09-16 04:36:34] 
📍 Scanning Town: Brookfield, CT (Progress: 32/1000)
[2026-09-16 04:36:59]    Found 0 new candidates in Brookfield.
[2026-09-16 04:36:59] 
📍 Scanning Town: Mansfield, CT (Progress: 32/1000)
[2026-09-16 04:37:26]    Found 0 new candidates in Mansfield.
[2026-09-16 04:37:26] 
📍 Scanning Town: Oxford, CT (Progress: 32/1000)
[2026-09-16 04:37:37]    Found 0 new candidates in Oxford.
[2026-09-16 04:37:37] 
📍 Scanning Town: Glastonbury, CT (Progress: 32/1000)
[2026-09-16 04:38:00]    Found 0 new candidates in Glastonbury.
[2026-09-16 04:38:00] 
📍 Scanning Town: Southbury, CT (Progress: 32/1000)
[2026-09-16 04:38:22]    Found 0 new candidates in Southbury.
[2026-09-16 04:38:22] 
📍 Scanning Town: Trumbull, CT (Progress: 32/1000)
[2026-09-16 04:38:34]    Found 0 new candidates in Trumbull.
[2026-09-16 04:38:34] 
📍 Scanning Town: Hartford, CT (Progress: 32/1000)
[2026-09-16 04:38:45]    Found 0 new candidates in Hartford.
[2026-09-16 04:38:45] 
📍 Scanning Town: Wilton, CT (Progress: 32/1000)
[2026-09-16 04:39:10]    Found 0 new candidates in Wilton.
[2026-09-16 04:39:10] 
📍 Scanning Town: Newtown, CT (Progress: 32/1000)
[2026-09-16 04:39:35]    Found 0 new candidates in Newtown.
[2026-09-16 04:39:35] 
📍 Scanning Town: Newington, CT (Progress: 32/1000)
[2026-09-16 04:39:58]    Found 0 new candidates in Newington.
[2026-09-16 04:39:58] 
📍 Scanning Town: Danbury, CT (Progress: 32/1000)
[2026-09-16 04:40:20]    Found 0 new candidates in Danbury.
[2026-09-16 04:40:20] 
📍 Scanning Town: Manchester, CT (Progress: 32/1000)
[2026-09-16 04:40:49]    Found 0 new candidates in Manchester.
[2026-09-16 04:40:49] 
📍 Scanning Town: Milford, CT (Progress: 32/1000)
[2026-09-16 04:41:11]    Found 0 new candidates in Milford.
[2026-09-16 04:41:11] 
📍 Scanning Town: Bethel, CT (Progress: 32/1000)
[2026-09-16 04:41:22]    Found 0 new candidates in Bethel.
[2026-09-16 04:41:22] 
📍 Scanning Town: Orange, CT (Progress: 32/1000)
[2026-09-16 04:41:47]    Found 0 new candidates in Orange.
[2026-09-16 04:41:47] 
📍 Scanning Town: Cromwell, CT (Progress: 32/1000)
[2026-09-16 04:42:11]    Found 0 new candidates in Cromwell.
[2026-09-16 04:42:11] 
📍 Scanning Town: Waterbury, CT (Progress: 32/1000)
[2026-09-16 04:42:22]    Found 0 new candidates in Waterbury.
[2026-09-16 04:42:22] 
📍 Scanning Town: Woodbury, CT (Progress: 32/1000)
[2026-09-16 04:42:48]    Found 0 new candidates in Woodbury.
[2026-09-16 04:42:48] 
📍 Scanning Town: Greenwich, CT (Progress: 32/1000)
[2026-09-16 04:42:59]    Found 0 new candidates in Greenwich.
[2026-09-16 04:42:59] 
📍 Scanning Town: Avon, CT (Progress: 32/1000)
[2026-09-16 04:43:23]    Found 0 new candidates in Avon.
[2026-09-16 04:43:23] 
📍 Scanning Town: West Hartford, CT (Progress: 32/1000)
[2026-09-16 04:43:45]    Found 0 new candidates in West Hartford.
[2026-09-16 04:43:45] 
📍 Scanning Town: Vernon, CT (Progress: 32/1000)
[2026-09-16 04:44:09]    Found 0 new candidates in Vernon.
[2026-09-16 04:44:09] 
📍 Scanning Town: Wethersfield, CT (Progress: 32/1000)
[2026-09-16 04:44:21]    Found 0 new candidates in Wethersfield.
[2026-09-16 04:44:21] 
📍 Scanning Town: West Haven, CT (Progress: 32/1000)
[2026-09-16 04:44:48]    Found 0 new candidates in West Haven.
[2026-09-16 04:44:48] 
📍 Scanning Town: Monroe, CT (Progress: 32/1000)
[2026-09-16 04:44:58]    Found 0 new candidates in Monroe.
[2026-09-16 04:44:58] 
📍 Scanning Town: Cheshire, CT (Progress: 32/1000)
[2026-09-16 04:45:24]    Found 0 new candidates in Cheshire.
[2026-09-16 04:45:24] 
📍 Scanning Town: Rocky Hill, CT (Progress: 32/1000)
[2026-09-16 04:45:52]    Found 0 new candidates in Rocky Hill.
[2026-09-16 04:45:52] 
📍 Scanning Town: Stamford, CT (Progress: 32/1000)
[2026-09-16 04:46:15]    Found 0 new candidates in Stamford.
[2026-09-16 04:46:15] 
📍 Scanning Town: Berlin, CT (Progress: 32/1000)
[2026-09-16 04:46:46]    Found 0 new candidates in Berlin.
[2026-09-16 04:46:46] 
📍 Scanning Town: Ansonia, CT (Progress: 32/1000)
[2026-09-16 04:46:58]    Found 0 new candidates in Ansonia.
[2026-09-16 04:46:58] 
📍 Scanning Town: Norwalk, CT (Progress: 32/1000)
[2026-09-16 04:47:08]    Found 0 new candidates in Norwalk.
[2026-09-16 04:47:08] 
📍 Scanning Town: Westport, CT (Progress: 32/1000)
[2026-09-16 04:47:32]    Found 0 new candidates in Westport.
[2026-09-16 04:47:32] 
📍 Scanning Town: Naugatuck, CT (Progress: 32/1000)
[2026-09-16 04:47:57]    Found 0 new candidates in Naugatuck.
[2026-09-16 04:47:57] 
📍 Scanning Town: Simsbury, CT (Progress: 32/1000)
[2026-09-16 04:48:18]    Found 0 new candidates in Simsbury.
[2026-09-16 04:48:18] 
📍 Scanning Town: Guilford, CT (Progress: 32/1000)
[2026-09-16 04:48:43]    Found 0 new candidates in Guilford.
[2026-09-16 04:48:43] 
📍 Scanning Town: Waterford, CT (Progress: 32/1000)
[2026-09-16 04:49:08]    Found 0 new candidates in Waterford.
[2026-09-16 04:49:08] 
📍 Scanning Town: New Fairfield, CT (Progress: 32/1000)
[2026-09-16 04:49:41]    Found 0 new candidates in New Fairfield.
[2026-09-16 04:49:41] 
📍 Scanning Town: Farmington, CT (Progress: 32/1000)
[2026-09-16 04:50:06]    Found 0 new candidates in Farmington.
[2026-09-16 04:50:06] 
📍 Scanning Town: Derby, CT (Progress: 32/1000)
[2026-09-16 04:50:17]    Found 0 new candidates in Derby.
[2026-09-16 04:50:17] 
📍 Scanning Town: Watertown, CT (Progress: 32/1000)
[2026-09-16 04:50:43]    Found 0 new candidates in Watertown.
[2026-09-16 04:50:43] 
📍 Scanning Town: Shelton, CT (Progress: 32/1000)
[2026-09-16 04:51:09]    Found 0 new candidates in Shelton.
[2026-09-16 04:51:09] 
📍 Scanning Town: South Windsor, CT (Progress: 32/1000)
[2026-09-16 04:51:19]    Found 0 new candidates in South Windsor.
[2026-09-16 04:51:19] 
📍 Scanning Town: Ridgefield, CT (Progress: 32/1000)
[2026-09-16 04:51:43]    Found 0 new candidates in Ridgefield.
[2026-09-16 04:51:43] 
📍 Scanning Town: Plainville, CT (Progress: 32/1000)
[2026-09-16 04:52:05]    Found 0 new candidates in Plainville.
[2026-09-16 04:52:05] 
📍 Scanning Town: Stratford, CT (Progress: 32/1000)
[2026-09-16 04:52:17]    Found 0 new candidates in Stratford.
[2026-09-16 04:52:17] 
📍 Scanning Town: Enfield, CT (Progress: 32/1000)
[2026-09-16 04:52:28]    Found 0 new candidates in Enfield.
[2026-09-16 04:52:28] 
📍 Scanning Town: Windsor, CT (Progress: 32/1000)
[2026-09-16 04:52:58]    Found 0 new candidates in Windsor.
[2026-09-16 04:52:58] 
📍 Scanning Town: Seymour, CT (Progress: 32/1000)
[2026-09-16 04:53:23]    Found 0 new candidates in Seymour.
[2026-09-16 04:53:23] 
📍 Scanning Town: Prospect, CT (Progress: 32/1000)
[2026-09-16 04:53:54]    Found 0 new candidates in Prospect.
[2026-09-16 04:53:54] 
📍 Scanning Town: Branford, CT (Progress: 32/1000)
[2026-09-16 04:54:17]    Found 0 new candidates in Branford.
[2026-09-16 04:54:17] 
📍 Scanning Town: Torrington, CT (Progress: 32/1000)
[2026-09-16 04:54:40]    Found 0 new candidates in Torrington.
[2026-09-16 04:54:40] 
📍 Scanning Town: Fairfield, CT (Progress: 32/1000)
[2026-09-16 04:54:51]    Found 0 new candidates in Fairfield.
[2026-09-16 04:54:51] 
📍 Scanning Town: New Haven, CT (Progress: 32/1000)
[2026-09-16 04:55:18]    Found 0 new candidates in New Haven.
[2026-09-16 04:55:18] 
📍 Scanning Town: Hamden, CT (Progress: 32/1000)
[2026-09-16 04:55:41]    Found 0 new candidates in Hamden.
[2026-09-16 04:55:41] 
📍 Scanning Town: Norwich, CT (Progress: 32/1000)
[2026-09-16 04:56:05]    Found 0 new candidates in Norwich.
[2026-09-16 04:56:05] 
📍 Scanning Town: East Hartford, CT (Progress: 32/1000)
[2026-09-16 04:56:34]    Found 0 new candidates in East Hartford.
[2026-09-16 04:56:34] 
📍 Scanning Town: Bristol, CT (Progress: 32/1000)
[2026-09-16 04:56:45]    Found 0 new candidates in Bristol.
[2026-09-16 04:56:45] 
📍 Scanning Town: North Haven, CT (Progress: 32/1000)
[2026-09-16 04:57:18]    Found 0 new candidates in North Haven.
[2026-09-16 04:57:18] 
📍 Scanning Town: Bridgeport, CT (Progress: 32/1000)
[2026-09-16 04:57:42]    Found 0 new candidates in Bridgeport.
[2026-09-16 04:57:42] 
📍 Scanning Town: Groton, CT (Progress: 32/1000)
[2026-09-16 04:58:03]    Found 0 new candidates in Groton.
[2026-09-16 04:58:03] 
📍 Scanning Town: Darien, CT (Progress: 32/1000)
[2026-09-16 04:58:15]    Found 0 new candidates in Darien.
[2026-09-16 04:58:15] 
📍 Scanning Town: Meriden, CT (Progress: 32/1000)
[2026-09-16 04:58:26]    Found 0 new candidates in Meriden.
[2026-09-16 04:58:26] 
📍 Scanning Town: Bloomfield, CT (Progress: 32/1000)
[2026-09-16 04:58:52]    Found 0 new candidates in Bloomfield.
[2026-09-16 04:58:52] 
📍 Scanning Town: Southington, CT (Progress: 32/1000)
[2026-09-16 04:59:12]    Found 0 new candidates in Southington.
[2026-09-16 04:59:12] 
📍 Scanning Town: Middletown, CT (Progress: 32/1000)
[2026-09-16 04:59:35]    Found 0 new candidates in Middletown.
[2026-09-16 04:59:35] 
📍 Scanning Town: Waterford, CT (Progress: 32/1000)
[2026-09-16 04:59:47]    Found 0 new candidates in Waterford.
[2026-09-16 04:59:47] 
📍 Scanning Town: Bristol, CT (Progress: 32/1000)
[2026-09-16 04:59:58]    Found 0 new candidates in Bristol.
[2026-09-16 04:59:58] 
📍 Scanning Town: Woodbury, CT (Progress: 32/1000)
[2026-09-16 05:00:09]    Found 0 new candidates in Woodbury.
[2026-09-16 05:00:09] 
📍 Scanning Town: Simsbury, CT (Progress: 32/1000)
[2026-09-16 05:00:20]    Found 0 new candidates in Simsbury.
[2026-09-16 05:00:20] 
📍 Scanning Town: Groton, CT (Progress: 32/1000)
[2026-09-16 05:00:31]    Found 0 new candidates in Groton.
[2026-09-16 05:00:31] 
📍 Scanning Town: Manchester, CT (Progress: 32/1000)
[2026-09-16 05:00:44]    Found 0 new candidates in Manchester.
[2026-09-16 05:00:44] 
📍 Scanning Town: Avon, CT (Progress: 32/1000)
[2026-09-16 05:00:55]    Found 0 new candidates in Avon.
[2026-09-16 05:00:55] 
📍 Scanning Town: Enfield, CT (Progress: 32/1000)
[2026-09-16 05:01:06]    Found 0 new candidates in Enfield.
[2026-09-16 05:01:06] 
📍 Scanning Town: Naugatuck, CT (Progress: 32/1000)
[2026-09-16 05:01:17]    Found 0 new candidates in Naugatuck.
[2026-09-16 05:01:17] 
📍 Scanning Town: Guilford, CT (Progress: 32/1000)
[2026-09-16 05:01:28]    Found 0 new candidates in Guilford.
[2026-09-16 05:01:28] 
📍 Scanning Town: Stratford, CT (Progress: 32/1000)
[2026-09-16 05:01:40]    Found 0 new candidates in Stratford.
[2026-09-16 05:01:40] 
📍 Scanning Town: Derby, CT (Progress: 32/1000)
[2026-09-16 05:01:51]    Found 0 new candidates in Derby.
[2026-09-16 05:01:51] 
📍 Scanning Town: Hamden, CT (Progress: 32/1000)
[2026-09-16 05:02:02]    Found 0 new candidates in Hamden.
[2026-09-16 05:02:02] 
📍 Scanning Town: New Haven, CT (Progress: 32/1000)
[2026-09-16 05:02:13]    Found 0 new candidates in New Haven.
[2026-09-16 05:02:13] 
📍 Scanning Town: Norwalk, CT (Progress: 32/1000)
[2026-09-16 05:02:25]    Found 0 new candidates in Norwalk.
[2026-09-16 05:02:25] 
📍 Scanning Town: Westport, CT (Progress: 32/1000)
[2026-09-16 05:02:36]    Found 0 new candidates in Westport.
[2026-09-16 05:02:36] 
📍 Scanning Town: Norwich, CT (Progress: 32/1000)
[2026-09-16 05:02:47]    Found 0 new candidates in Norwich.
[2026-09-16 05:02:47] 
📍 Scanning Town: Cheshire, CT (Progress: 32/1000)
[2026-09-16 05:02:59]    Found 0 new candidates in Cheshire.
[2026-09-16 05:02:59] 
📍 Scanning Town: Watertown, CT (Progress: 32/1000)
[2026-09-16 05:03:10]    Found 0 new candidates in Watertown.
[2026-09-16 05:03:10] 
📍 Scanning Town: Bridgeport, CT (Progress: 32/1000)
[2026-09-16 05:03:21]    Found 0 new candidates in Bridgeport.
[2026-09-16 05:03:21] 
📍 Scanning Town: Danbury, CT (Progress: 32/1000)
[2026-09-16 05:03:32]    Found 0 new candidates in Danbury.
[2026-09-16 05:03:32] 
📍 Scanning Town: Farmington, CT (Progress: 32/1000)
[2026-09-16 05:03:45]    Found 0 new candidates in Farmington.
[2026-09-16 05:03:45] 
📍 Scanning Town: Bethel, CT (Progress: 32/1000)
[2026-09-16 05:03:56]    Found 0 new candidates in Bethel.
[2026-09-16 05:03:56] 
📍 Scanning Town: Wethersfield, CT (Progress: 32/1000)
[2026-09-16 05:04:07]    Found 0 new candidates in Wethersfield.
[2026-09-16 05:04:07] 
📍 Scanning Town: Milford, CT (Progress: 32/1000)
[2026-09-16 05:04:18]    Found 0 new candidates in Milford.
[2026-09-16 05:04:18] 
📍 Scanning Town: Wilton, CT (Progress: 32/1000)
[2026-09-16 05:04:30]    Found 0 new candidates in Wilton.
[2026-09-16 05:04:30] 
📍 Scanning Town: Vernon, CT (Progress: 32/1000)
[2026-09-16 05:04:41]    Found 0 new candidates in Vernon.
[2026-09-16 05:04:41] 
📍 Scanning Town: New Fairfield, CT (Progress: 32/1000)
[2026-09-16 05:04:51]    Found 0 new candidates in New Fairfield.
[2026-09-16 05:04:51] 
📍 Scanning Town: East Hartford, CT (Progress: 32/1000)
[2026-09-16 05:05:02]    Found 0 new candidates in East Hartford.
[2026-09-16 05:05:02] 
📍 Scanning Town: Cromwell, CT (Progress: 32/1000)
[2026-09-16 05:05:13]    Found 0 new candidates in Cromwell.
[2026-09-16 05:05:13] 
📍 Scanning Town: Ridgefield, CT (Progress: 32/1000)
[2026-09-16 05:05:24]    Found 0 new candidates in Ridgefield.
[2026-09-16 05:05:24] 
📍 Scanning Town: Southington, CT (Progress: 32/1000)
[2026-09-16 05:05:35]    Found 0 new candidates in Southington.
[2026-09-16 05:05:35] 
📍 Scanning Town: Monroe, CT (Progress: 32/1000)
[2026-09-16 05:05:47]    Found 0 new candidates in Monroe.
[2026-09-16 05:05:47] 
📍 Scanning Town: Stamford, CT (Progress: 32/1000)
[2026-09-16 05:05:59]    Found 0 new candidates in Stamford.
[2026-09-16 05:05:59] 
📍 Scanning Town: Ansonia, CT (Progress: 32/1000)
[2026-09-16 05:06:10]    Found 0 new candidates in Ansonia.
[2026-09-16 05:06:10] 
📍 Scanning Town: Rocky Hill, CT (Progress: 32/1000)
[2026-09-16 05:06:21]    Found 0 new candidates in Rocky Hill.
[2026-09-16 05:06:21] 
📍 Scanning Town: Prospect, CT (Progress: 32/1000)
[2026-09-16 05:06:32]    Found 0 new candidates in Prospect.
[2026-09-16 05:06:32] 
📍 Scanning Town: Plainville, CT (Progress: 32/1000)
[2026-09-16 05:06:43]    Found 0 new candidates in Plainville.
[2026-09-16 05:06:43] 
📍 Scanning Town: Windsor, CT (Progress: 32/1000)
[2026-09-16 05:06:54]    Found 0 new candidates in Windsor.
[2026-09-16 05:06:54] 
📍 Scanning Town: Glastonbury, CT (Progress: 32/1000)
[2026-09-16 05:07:04]    Found 0 new candidates in Glastonbury.
[2026-09-16 05:07:04] 
📍 Scanning Town: West Hartford, CT (Progress: 32/1000)
[2026-09-16 05:07:15]    Found 0 new candidates in West Hartford.
[2026-09-16 05:07:15] 
📍 Scanning Town: Trumbull, CT (Progress: 32/1000)
[2026-09-16 05:07:26]    Found 0 new candidates in Trumbull.
[2026-09-16 05:07:26] 
📍 Scanning Town: Oxford, CT (Progress: 32/1000)
[2026-09-16 05:07:38]    Found 0 new candidates in Oxford.
[2026-09-16 05:07:38] 
📍 Scanning Town: Fairfield, CT (Progress: 32/1000)
[2026-09-16 05:07:50]    Found 0 new candidates in Fairfield.
[2026-09-16 05:07:50] 
📍 Scanning Town: Meriden, CT (Progress: 32/1000)
[2026-09-16 05:08:01]    Found 0 new candidates in Meriden.
[2026-09-16 05:08:01] 
📍 Scanning Town: Brookfield, CT (Progress: 32/1000)
[2026-09-16 05:08:12]    Found 0 new candidates in Brookfield.
[2026-09-16 05:08:12] 
📍 Scanning Town: Newington, CT (Progress: 32/1000)
[2026-09-16 05:08:23]    Found 0 new candidates in Newington.
[2026-09-16 05:08:23] 
📍 Scanning Town: Berlin, CT (Progress: 32/1000)
[2026-09-16 05:08:33]    Found 0 new candidates in Berlin.
[2026-09-16 05:08:33] 
📍 Scanning Town: Branford, CT (Progress: 32/1000)
[2026-09-16 05:08:44]    Found 0 new candidates in Branford.
[2026-09-16 05:08:44] 
📍 Scanning Town: North Haven, CT (Progress: 32/1000)
[2026-09-16 05:08:55]    Found 0 new candidates in North Haven.
[2026-09-16 05:08:55] 
📍 Scanning Town: South Windsor, CT (Progress: 32/1000)
[2026-09-16 05:09:06]    Found 0 new candidates in South Windsor.
[2026-09-16 05:09:06] 
📍 Scanning Town: Waterbury, CT (Progress: 32/1000)
[2026-09-16 05:09:17]    Found 0 new candidates in Waterbury.
[2026-09-16 05:09:17] 
📍 Scanning Town: Orange, CT (Progress: 32/1000)
[2026-09-16 05:09:28]    Found 0 new candidates in Orange.
[2026-09-16 05:09:28] 
📍 Scanning Town: West Haven, CT (Progress: 32/1000)
[2026-09-16 05:09:39]    Found 0 new candidates in West Haven.
[2026-09-16 05:09:39] 
📍 Scanning Town: Hartford, CT (Progress: 32/1000)
[2026-09-16 05:09:51]    Found 0 new candidates in Hartford.
[2026-09-16 05:09:51] 
📍 Scanning Town: Torrington, CT (Progress: 32/1000)
[2026-09-16 05:10:02]    Found 0 new candidates in Torrington.
[2026-09-16 05:10:02] 
📍 Scanning Town: Mansfield, CT (Progress: 32/1000)
[2026-09-16 05:10:13]    Found 0 new candidates in Mansfield.
[2026-09-16 05:10:13] 
📍 Scanning Town: Newtown, CT (Progress: 32/1000)
[2026-09-16 05:10:23]    Found 0 new candidates in Newtown.
[2026-09-16 05:10:23] 
📍 Scanning Town: Shelton, CT (Progress: 32/1000)
[2026-09-16 05:10:34]    Found 0 new candidates in Shelton.
[2026-09-16 05:10:34] 
📍 Scanning Town: Middletown, CT (Progress: 32/1000)
[2026-09-16 05:10:45]    Found 0 new candidates in Middletown.
[2026-09-16 05:10:45] 
📍 Scanning Town: Darien, CT (Progress: 32/1000)
[2026-09-16 05:10:56]    Found 0 new candidates in Darien.
[2026-09-16 05:10:56] 
📍 Scanning Town: Bloomfield, CT (Progress: 32/1000)
[2026-09-16 05:11:08]    Found 0 new candidates in Bloomfield.
[2026-09-16 05:11:08] 
📍 Scanning Town: Seymour, CT (Progress: 32/1000)
[2026-09-16 05:11:19]    Found 0 new candidates in Seymour.
[2026-09-16 05:11:19] 
📍 Scanning Town: Southbury, CT (Progress: 32/1000)
[2026-09-16 05:11:30]    Found 0 new candidates in Southbury.
[2026-09-16 05:11:30] 
📍 Scanning Town: Greenwich, CT (Progress: 32/1000)
[2026-09-16 05:11:42]    Found 0 new candidates in Greenwich.
[2026-09-16 05:11:42] 
📍 Scanning Town: Groton, CT (Progress: 32/1000)
[2026-09-16 05:11:53]    Found 0 new candidates in Groton.
[2026-09-16 05:11:53] 
📍 Scanning Town: East Hartford, CT (Progress: 32/1000)
[2026-09-16 05:12:04]    Found 0 new candidates in East Hartford.
[2026-09-16 05:12:04] 
📍 Scanning Town: Norwalk, CT (Progress: 32/1000)
[2026-09-16 05:12:14]    Found 0 new candidates in Norwalk.
[2026-09-16 05:12:14] 
📍 Scanning Town: West Haven, CT (Progress: 32/1000)
[2026-09-16 05:12:25]    Found 0 new candidates in West Haven.
[2026-09-16 05:12:25] 
📍 Scanning Town: New Haven, CT (Progress: 32/1000)
[2026-09-16 05:12:36]    Found 0 new candidates in New Haven.
[2026-09-16 05:12:36] 
📍 Scanning Town: Waterford, CT (Progress: 32/1000)
[2026-09-16 05:12:47]    Found 0 new candidates in Waterford.
[2026-09-16 05:12:47] 
📍 Scanning Town: Derby, CT (Progress: 32/1000)
[2026-09-16 05:12:58]    Found 0 new candidates in Derby.
[2026-09-16 05:12:58] 
📍 Scanning Town: Southington, CT (Progress: 32/1000)
[2026-09-16 05:13:10]    Found 0 new candidates in Southington.
[2026-09-16 05:13:10] 
📍 Scanning Town: Rocky Hill, CT (Progress: 32/1000)
[2026-09-16 05:13:21]    Found 0 new candidates in Rocky Hill.
[2026-09-16 05:13:21] 
📍 Scanning Town: Fairfield, CT (Progress: 32/1000)
[2026-09-16 05:13:31]    Found 0 new candidates in Fairfield.
[2026-09-16 05:13:31] 
📍 Scanning Town: Berlin, CT (Progress: 32/1000)
[2026-09-16 05:13:43]    Found 0 new candidates in Berlin.
[2026-09-16 05:13:43] 
📍 Scanning Town: Naugatuck, CT (Progress: 32/1000)
[2026-09-16 05:13:55]    Found 0 new candidates in Naugatuck.
[2026-09-16 05:13:55] 
📍 Scanning Town: Wilton, CT (Progress: 32/1000)
[2026-09-16 05:14:05]    Found 0 new candidates in Wilton.
[2026-09-16 05:14:05] 
📍 Scanning Town: Woodbury, CT (Progress: 32/1000)
[2026-09-16 05:14:16]    Found 0 new candidates in Woodbury.
[2026-09-16 05:14:16] 
📍 Scanning Town: Vernon, CT (Progress: 32/1000)
[2026-09-16 05:14:27]    Found 0 new candidates in Vernon.
[2026-09-16 05:14:27] 
📍 Scanning Town: Windsor, CT (Progress: 32/1000)
[2026-09-16 05:14:38]    Found 0 new candidates in Windsor.
[2026-09-16 05:14:38] 
📍 Scanning Town: Brookfield, CT (Progress: 32/1000)
[2026-09-16 05:14:49]    Found 0 new candidates in Brookfield.
[2026-09-16 05:14:49] 
📍 Scanning Town: Southbury, CT (Progress: 32/1000)
[2026-09-16 05:15:01]    Found 0 new candidates in Southbury.
[2026-09-16 05:15:01] 
📍 Scanning Town: Hamden, CT (Progress: 32/1000)
[2026-09-16 05:15:12]    Found 0 new candidates in Hamden.
[2026-09-16 05:15:12] 
📍 Scanning Town: Orange, CT (Progress: 32/1000)
[2026-09-16 05:15:24]    Found 0 new candidates in Orange.
[2026-09-16 05:15:24] 
📍 Scanning Town: Manchester, CT (Progress: 32/1000)
[2026-09-16 05:15:35]    Found 0 new candidates in Manchester.
[2026-09-16 05:15:35] 
📍 Scanning Town: Milford, CT (Progress: 32/1000)
[2026-09-16 05:15:46]    Found 0 new candidates in Milford.
[2026-09-16 05:15:46] 
📍 Scanning Town: Branford, CT (Progress: 32/1000)
[2026-09-16 05:15:57]    Found 0 new candidates in Branford.
[2026-09-16 05:15:57] 
📍 Scanning Town: Meriden, CT (Progress: 32/1000)
[2026-09-16 05:16:08]    Found 0 new candidates in Meriden.
[2026-09-16 05:16:08] 
📍 Scanning Town: Monroe, CT (Progress: 32/1000)
[2026-09-16 05:16:20]    Found 0 new candidates in Monroe.
[2026-09-16 05:16:20] 
📍 Scanning Town: Bristol, CT (Progress: 32/1000)
[2026-09-16 05:16:30]    Found 0 new candidates in Bristol.
[2026-09-16 05:16:30] 
📍 Scanning Town: Enfield, CT (Progress: 32/1000)
[2026-09-16 05:16:42]    Found 0 new candidates in Enfield.
[2026-09-16 05:16:42] 
📍 Scanning Town: Norwich, CT (Progress: 32/1000)
[2026-09-16 05:16:53]    Found 0 new candidates in Norwich.
[2026-09-16 05:16:53] 
📍 Scanning Town: Danbury, CT (Progress: 32/1000)
[2026-09-16 05:17:05]    Found 0 new candidates in Danbury.
[2026-09-16 05:17:05] 
📍 Scanning Town: Cheshire, CT (Progress: 32/1000)
[2026-09-16 05:17:16]    Found 0 new candidates in Cheshire.
[2026-09-16 05:17:16] 
📍 Scanning Town: Greenwich, CT (Progress: 32/1000)
[2026-09-16 05:17:28]    Found 0 new candidates in Greenwich.
[2026-09-16 05:17:28] 
📍 Scanning Town: Hartford, CT (Progress: 32/1000)
[2026-09-16 05:17:40]    Found 0 new candidates in Hartford.
[2026-09-16 05:17:40] 
📍 Scanning Town: Mansfield, CT (Progress: 32/1000)
[2026-09-16 05:17:51]    Found 0 new candidates in Mansfield.
[2026-09-16 05:17:51] 
📍 Scanning Town: Guilford, CT (Progress: 32/1000)
[2026-09-16 05:18:02]    Found 0 new candidates in Guilford.
[2026-09-16 05:18:02] 
📍 Scanning Town: Darien, CT (Progress: 32/1000)
[2026-09-16 05:18:12]    Found 0 new candidates in Darien.
[2026-09-16 05:18:12] 
📍 Scanning Town: North Haven, CT (Progress: 32/1000)
[2026-09-16 05:18:24]    Found 0 new candidates in North Haven.
[2026-09-16 05:18:24] 
📍 Scanning Town: Ansonia, CT (Progress: 32/1000)
[2026-09-16 05:18:35]    Found 0 new candidates in Ansonia.
[2026-09-16 05:18:35] 
📍 Scanning Town: Newtown, CT (Progress: 32/1000)
[2026-09-16 05:18:46]    Found 0 new candidates in Newtown.
[2026-09-16 05:18:46] 
📍 Scanning Town: Cromwell, CT (Progress: 32/1000)
[2026-09-16 05:18:58]    Found 0 new candidates in Cromwell.
[2026-09-16 05:18:58] 
📍 Scanning Town: Newington, CT (Progress: 32/1000)
[2026-09-16 05:19:09]    Found 0 new candidates in Newington.
[2026-09-16 05:19:09] 
📍 Scanning Town: Stratford, CT (Progress: 32/1000)
[2026-09-16 05:19:20]    Found 0 new candidates in Stratford.
[2026-09-16 05:19:20] 
📍 Scanning Town: Middletown, CT (Progress: 32/1000)
[2026-09-16 05:19:32]    Found 0 new candidates in Middletown.
[2026-09-16 05:19:32] 
📍 Scanning Town: Simsbury, CT (Progress: 32/1000)
[2026-09-16 05:19:43]    Found 0 new candidates in Simsbury.
[2026-09-16 05:19:43] 
📍 Scanning Town: Ridgefield, CT (Progress: 32/1000)
[2026-09-16 05:19:54]    Found 0 new candidates in Ridgefield.
[2026-09-16 05:19:54] 
📍 Scanning Town: Trumbull, CT (Progress: 32/1000)
[2026-09-16 05:20:06]    Found 0 new candidates in Trumbull.
[2026-09-16 05:20:06] 
📍 Scanning Town: Bridgeport, CT (Progress: 32/1000)
[2026-09-16 05:20:17]    Found 0 new candidates in Bridgeport.
[2026-09-16 05:20:17] 
📍 Scanning Town: Waterbury, CT (Progress: 32/1000)
[2026-09-16 05:20:28]    Found 0 new candidates in Waterbury.
[2026-09-16 05:20:28] 
📍 Scanning Town: South Windsor, CT (Progress: 32/1000)
[2026-09-16 05:20:38]    Found 0 new candidates in South Windsor.
[2026-09-16 05:20:38] 
📍 Scanning Town: Avon, CT (Progress: 32/1000)
[2026-09-16 05:20:49]    Found 0 new candidates in Avon.
[2026-09-16 05:20:49] 
📍 Scanning Town: Farmington, CT (Progress: 32/1000)
[2026-09-16 05:21:00]    Found 0 new candidates in Farmington.
[2026-09-16 05:21:00] 
📍 Scanning Town: Glastonbury, CT (Progress: 32/1000)
[2026-09-16 05:21:12]    Found 0 new candidates in Glastonbury.
[2026-09-16 05:21:12] 
📍 Scanning Town: Seymour, CT (Progress: 32/1000)
[2026-09-16 05:21:23]    Found 0 new candidates in Seymour.
[2026-09-16 05:21:23] 
📍 Scanning Town: Plainville, CT (Progress: 32/1000)
[2026-09-16 05:21:35]    Found 0 new candidates in Plainville.
[2026-09-16 05:21:35] 
📍 Scanning Town: Wethersfield, CT (Progress: 32/1000)
[2026-09-16 05:21:47]    Found 0 new candidates in Wethersfield.
[2026-09-16 05:21:47] 
📍 Scanning Town: Prospect, CT (Progress: 32/1000)
[2026-09-16 05:21:58]    Found 0 new candidates in Prospect.
[2026-09-16 05:21:58] 
📍 Scanning Town: Watertown, CT (Progress: 32/1000)
[2026-09-16 05:22:10]    Found 0 new candidates in Watertown.
[2026-09-16 05:22:10] 
📍 Scanning Town: Westport, CT (Progress: 32/1000)
[2026-09-16 05:22:21]    Found 0 new candidates in Westport.
[2026-09-16 05:22:21] 
📍 Scanning Town: Oxford, CT (Progress: 32/1000)
[2026-09-16 05:22:32]    Found 0 new candidates in Oxford.
[2026-09-16 05:22:32] 
📍 Scanning Town: New Fairfield, CT (Progress: 32/1000)
[2026-09-16 05:22:44]    Found 0 new candidates in New Fairfield.
[2026-09-16 05:22:44] 
📍 Scanning Town: Shelton, CT (Progress: 32/1000)
[2026-09-16 05:22:55]    Found 0 new candidates in Shelton.
[2026-09-16 05:22:55] 
📍 Scanning Town: Torrington, CT (Progress: 32/1000)
[2026-09-16 05:23:06]    Found 0 new candidates in Torrington.
[2026-09-16 05:23:06] 
📍 Scanning Town: Bethel, CT (Progress: 32/1000)
[2026-09-16 05:23:17]    Found 0 new candidates in Bethel.
[2026-09-16 05:23:17] 
📍 Scanning Town: Stamford, CT (Progress: 32/1000)
[2026-09-16 05:23:28]    Found 0 new candidates in Stamford.
[2026-09-16 05:23:28] 
📍 Scanning Town: West Hartford, CT (Progress: 32/1000)
[2026-09-16 05:23:39]    Found 0 new candidates in West Hartford.
[2026-09-16 05:23:39] 
📍 Scanning Town: Bloomfield, CT (Progress: 32/1000)
[2026-09-16 05:23:49]    Found 0 new candidates in Bloomfield.
[2026-09-16 05:23:49] 
📍 Scanning Town: Waterford, CT (Progress: 32/1000)
[2026-09-16 05:24:00]    Found 0 new candidates in Waterford.
[2026-09-16 05:24:00] 
📍 Scanning Town: Vernon, CT (Progress: 32/1000)
[2026-09-16 05:24:11]    Found 0 new candidates in Vernon.
[2026-09-16 05:24:11] 
📍 Scanning Town: Southington, CT (Progress: 32/1000)
[2026-09-16 05:24:22]    Found 0 new candidates in Southington.
[2026-09-16 05:24:22] 
📍 Scanning Town: Hartford, CT (Progress: 32/1000)
[2026-09-16 05:24:34]    Found 0 new candidates in Hartford.
[2026-09-16 05:24:34] 
📍 Scanning Town: Farmington, CT (Progress: 32/1000)
[2026-09-16 05:24:46]    Found 0 new candidates in Farmington.
[2026-09-16 05:24:46] 
📍 Scanning Town: Greenwich, CT (Progress: 32/1000)
[2026-09-16 05:24:57]    Found 0 new candidates in Greenwich.
[2026-09-16 05:24:57] 
📍 Scanning Town: Enfield, CT (Progress: 32/1000)
[2026-09-16 05:25:08]    Found 0 new candidates in Enfield.
[2026-09-16 05:25:08] 
📍 Scanning Town: Monroe, CT (Progress: 32/1000)
[2026-09-16 05:25:19]    Found 0 new candidates in Monroe.
[2026-09-16 05:25:19] 
📍 Scanning Town: Bristol, CT (Progress: 32/1000)
[2026-09-16 05:25:31]    Found 0 new candidates in Bristol.
[2026-09-16 05:25:31] 
📍 Scanning Town: Avon, CT (Progress: 32/1000)
[2026-09-16 05:25:42]    Found 0 new candidates in Avon.
[2026-09-16 05:25:42] 
📍 Scanning Town: North Haven, CT (Progress: 32/1000)
[2026-09-16 05:25:52]    Found 0 new candidates in North Haven.
[2026-09-16 05:25:52] 
📍 Scanning Town: Derby, CT (Progress: 32/1000)
[2026-09-16 05:26:04]    Found 0 new candidates in Derby.
[2026-09-16 05:26:04] 
📍 Scanning Town: Woodbury, CT (Progress: 32/1000)
[2026-09-16 05:26:15]    Found 0 new candidates in Woodbury.
[2026-09-16 05:26:15] 
📍 Scanning Town: Naugatuck, CT (Progress: 32/1000)
[2026-09-16 05:26:27]    Found 0 new candidates in Naugatuck.
[2026-09-16 05:26:27] 
📍 Scanning Town: Rocky Hill, CT (Progress: 32/1000)
[2026-09-16 05:26:37]    Found 0 new candidates in Rocky Hill.
[2026-09-16 05:26:37] 
📍 Scanning Town: Guilford, CT (Progress: 32/1000)
[2026-09-16 05:26:48]    Found 0 new candidates in Guilford.
[2026-09-16 05:26:48] 
📍 Scanning Town: Waterbury, CT (Progress: 32/1000)
[2026-09-16 05:26:59]    Found 0 new candidates in Waterbury.
[2026-09-16 05:26:59] 
📍 Scanning Town: Groton, CT (Progress: 32/1000)
[2026-09-16 05:27:11]    Found 0 new candidates in Groton.
[2026-09-16 05:27:11] 
📍 Scanning Town: Oxford, CT (Progress: 32/1000)
[2026-09-16 05:27:22]    Found 0 new candidates in Oxford.
[2026-09-16 05:27:22] 
📍 Scanning Town: East Hartford, CT (Progress: 32/1000)
[2026-09-16 05:27:34]    Found 0 new candidates in East Hartford.
[2026-09-16 05:27:34] 
📍 Scanning Town: Shelton, CT (Progress: 32/1000)
[2026-09-16 05:27:44]    Found 0 new candidates in Shelton.
[2026-09-16 05:27:44] 
📍 Scanning Town: West Hartford, CT (Progress: 32/1000)
[2026-09-16 05:27:55]    Found 0 new candidates in West Hartford.
[2026-09-16 05:27:55] 
📍 Scanning Town: Bethel, CT (Progress: 32/1000)
[2026-09-16 05:28:07]    Found 0 new candidates in Bethel.
[2026-09-16 05:28:07] 
📍 Scanning Town: Ridgefield, CT (Progress: 32/1000)
[2026-09-16 05:28:18]    Found 0 new candidates in Ridgefield.
[2026-09-16 05:28:18] 
📍 Scanning Town: Cheshire, CT (Progress: 32/1000)
[2026-09-16 05:28:29]    Found 0 new candidates in Cheshire.
[2026-09-16 05:28:29] 
📍 Scanning Town: New Fairfield, CT (Progress: 32/1000)
[2026-09-16 05:28:40]    Found 0 new candidates in New Fairfield.
[2026-09-16 05:28:40] 
📍 Scanning Town: Darien, CT (Progress: 32/1000)
[2026-09-16 05:28:51]    Found 0 new candidates in Darien.
[2026-09-16 05:28:51] 
📍 Scanning Town: Milford, CT (Progress: 32/1000)
[2026-09-16 05:29:02]    Found 0 new candidates in Milford.
[2026-09-16 05:29:02] 
📍 Scanning Town: Torrington, CT (Progress: 32/1000)
[2026-09-16 05:29:13]    Found 0 new candidates in Torrington.
[2026-09-16 05:29:13] 
📍 Scanning Town: Glastonbury, CT (Progress: 32/1000)
[2026-09-16 05:29:24]    Found 0 new candidates in Glastonbury.
[2026-09-16 05:29:24] 
📍 Scanning Town: Stratford, CT (Progress: 32/1000)
[2026-09-16 05:29:49]    Found 0 new candidates in Stratford.
[2026-09-16 05:29:49] 
📍 Scanning Town: Fairfield, CT (Progress: 32/1000)
[2026-09-16 05:30:00]    Found 0 new candidates in Fairfield.
[2026-09-16 05:30:00] 
📍 Scanning Town: South Windsor, CT (Progress: 32/1000)
[2026-09-16 05:30:12]    Found 0 new candidates in South Windsor.
[2026-09-16 05:30:12] 
📍 Scanning Town: Danbury, CT (Progress: 32/1000)
[2026-09-16 05:30:23]    Found 0 new candidates in Danbury.
[2026-09-16 05:30:23] 
📍 Scanning Town: Westport, CT (Progress: 32/1000)
[2026-09-16 05:30:34]    Found 0 new candidates in Westport.
[2026-09-16 05:30:34] 
📍 Scanning Town: Wilton, CT (Progress: 32/1000)
[2026-09-16 05:30:45]    Found 0 new candidates in Wilton.
[2026-09-16 05:30:45] 
📍 Scanning Town: Prospect, CT (Progress: 32/1000)
[2026-09-16 05:30:57]    Found 0 new candidates in Prospect.
[2026-09-16 05:30:57] 
📍 Scanning Town: Stamford, CT (Progress: 32/1000)
[2026-09-16 05:31:09]    Found 0 new candidates in Stamford.
[2026-09-16 05:31:09] 
📍 Scanning Town: Ansonia, CT (Progress: 32/1000)
[2026-09-16 05:31:20]    Found 0 new candidates in Ansonia.
[2026-09-16 05:31:20] 
📍 Scanning Town: West Haven, CT (Progress: 32/1000)
[2026-09-16 05:31:31]    Found 0 new candidates in West Haven.
[2026-09-16 05:31:31] 
📍 Scanning Town: Newington, CT (Progress: 32/1000)
[2026-09-16 05:31:42]    Found 0 new candidates in Newington.
[2026-09-16 05:31:42] 
📍 Scanning Town: Orange, CT (Progress: 32/1000)
[2026-09-16 05:31:54]    Found 0 new candidates in Orange.
[2026-09-16 05:31:54] 
📍 Scanning Town: Berlin, CT (Progress: 32/1000)
[2026-09-16 05:32:06]    Found 0 new candidates in Berlin.
[2026-09-16 05:32:06] 
📍 Scanning Town: Brookfield, CT (Progress: 32/1000)
[2026-09-16 05:32:17]    Found 0 new candidates in Brookfield.
[2026-09-16 05:32:17] 
📍 Scanning Town: Simsbury, CT (Progress: 32/1000)
[2026-09-16 05:32:28]    Found 0 new candidates in Simsbury.
[2026-09-16 05:32:28] 
📍 Scanning Town: Trumbull, CT (Progress: 32/1000)
[2026-09-16 05:32:50]    Found 0 new candidates in Trumbull.
[2026-09-16 05:32:50] 
📍 Scanning Town: Windsor, CT (Progress: 32/1000)
[2026-09-16 05:33:01]    Found 0 new candidates in Windsor.
[2026-09-16 05:33:01] 
📍 Scanning Town: Seymour, CT (Progress: 32/1000)
[2026-09-16 05:33:12]    Found 0 new candidates in Seymour.
[2026-09-16 05:33:12] 
📍 Scanning Town: Watertown, CT (Progress: 32/1000)
[2026-09-16 05:33:23]    Found 0 new candidates in Watertown.
[2026-09-16 05:33:23] 
📍 Scanning Town: Bridgeport, CT (Progress: 32/1000)
[2026-09-16 05:33:34]    Found 0 new candidates in Bridgeport.
[2026-09-16 05:33:34] 
📍 Scanning Town: Newtown, CT (Progress: 32/1000)
[2026-09-16 05:33:45]    Found 0 new candidates in Newtown.
[2026-09-16 05:33:45] 
📍 Scanning Town: Mansfield, CT (Progress: 32/1000)
[2026-09-16 05:33:55]    Found 0 new candidates in Mansfield.
[2026-09-16 05:33:55] 
📍 Scanning Town: Meriden, CT (Progress: 32/1000)
[2026-09-16 05:34:17]    Found 0 new candidates in Meriden.
[2026-09-16 05:34:17] 
📍 Scanning Town: Norwich, CT (Progress: 32/1000)
[2026-09-16 05:34:29]    Found 0 new candidates in Norwich.
[2026-09-16 05:34:29] 
📍 Scanning Town: Southbury, CT (Progress: 32/1000)
[2026-09-16 05:34:40]    Found 0 new candidates in Southbury.
[2026-09-16 05:34:40] 
📍 Scanning Town: Manchester, CT (Progress: 32/1000)
[2026-09-16 05:34:51]    Found 0 new candidates in Manchester.
[2026-09-16 05:34:51] 
📍 Scanning Town: Middletown, CT (Progress: 32/1000)
[2026-09-16 05:35:02]    Found 0 new candidates in Middletown.
[2026-09-16 05:35:02] 
📍 Scanning Town: Bloomfield, CT (Progress: 32/1000)
[2026-09-16 05:35:13]    Found 0 new candidates in Bloomfield.
[2026-09-16 05:35:13] 
📍 Scanning Town: Branford, CT (Progress: 32/1000)
[2026-09-16 05:35:24]    Found 0 new candidates in Branford.
[2026-09-16 05:35:24] 
📍 Scanning Town: Cromwell, CT (Progress: 32/1000)
[2026-09-16 05:35:35]    Found 0 new candidates in Cromwell.
[2026-09-16 05:35:35] 
📍 Scanning Town: Hamden, CT (Progress: 32/1000)
[2026-09-16 05:35:46]    Found 0 new candidates in Hamden.
[2026-09-16 05:35:46] 
📍 Scanning Town: Wethersfield, CT (Progress: 32/1000)
[2026-09-16 05:36:09]    Found 0 new candidates in Wethersfield.
[2026-09-16 05:36:09] 
📍 Scanning Town: Plainville, CT (Progress: 32/1000)
[2026-09-16 05:36:20]    Found 0 new candidates in Plainville.
[2026-09-16 05:36:20] 
📍 Scanning Town: Norwalk, CT (Progress: 32/1000)
[2026-09-16 05:36:43]    Found 0 new candidates in Norwalk.
[2026-09-16 05:36:43] 
📍 Scanning Town: New Haven, CT (Progress: 32/1000)
[2026-09-16 05:36:53]    Found 0 new candidates in New Haven.
[2026-09-16 05:36:53] 
📍 Scanning Town: Greenwich, CT (Progress: 32/1000)
[2026-09-16 05:37:19]    Found 0 new candidates in Greenwich.
[2026-09-16 05:37:19] 
📍 Scanning Town: Ridgefield, CT (Progress: 32/1000)
[2026-09-16 05:37:29]    Found 0 new candidates in Ridgefield.
[2026-09-16 05:37:29] 
📍 Scanning Town: Simsbury, CT (Progress: 32/1000)
[2026-09-16 05:37:41]    Found 0 new candidates in Simsbury.
[2026-09-16 05:37:41] 
📍 Scanning Town: Orange, CT (Progress: 32/1000)
[2026-09-16 05:37:52]    Found 0 new candidates in Orange.
[2026-09-16 05:37:52] 
📍 Scanning Town: Westport, CT (Progress: 32/1000)
[2026-09-16 05:38:03]    Found 0 new candidates in Westport.
[2026-09-16 05:38:03] 
📍 Scanning Town: Farmington, CT (Progress: 32/1000)
[2026-09-16 05:38:15]    Found 0 new candidates in Farmington.
[2026-09-16 05:38:15] 
📍 Scanning Town: Mansfield, CT (Progress: 32/1000)
[2026-09-16 05:38:38]    Found 0 new candidates in Mansfield.
[2026-09-16 05:38:38] 
📍 Scanning Town: Plainville, CT (Progress: 32/1000)
[2026-09-16 05:38:49]    Found 0 new candidates in Plainville.
[2026-09-16 05:38:49] 
📍 Scanning Town: Watertown, CT (Progress: 32/1000)
[2026-09-16 05:39:01]    Found 0 new candidates in Watertown.
[2026-09-16 05:39:01] 
📍 Scanning Town: Avon, CT (Progress: 32/1000)
[2026-09-16 05:39:11]    Found 0 new candidates in Avon.
[2026-09-16 05:39:11] 
📍 Scanning Town: Ansonia, CT (Progress: 32/1000)
[2026-09-16 05:39:32]    Found 0 new candidates in Ansonia.
[2026-09-16 05:39:32] 
📍 Scanning Town: Bristol, CT (Progress: 32/1000)
[2026-09-16 05:39:59]    Found 0 new candidates in Bristol.
[2026-09-16 05:39:59] 
📍 Scanning Town: Wethersfield, CT (Progress: 32/1000)
[2026-09-16 05:40:10]    Found 0 new candidates in Wethersfield.
[2026-09-16 05:40:10] 
📍 Scanning Town: West Haven, CT (Progress: 32/1000)
[2026-09-16 05:40:21]    Found 0 new candidates in West Haven.
[2026-09-16 05:40:21] 
📍 Scanning Town: Hamden, CT (Progress: 32/1000)
[2026-09-16 05:40:33]    Found 0 new candidates in Hamden.
[2026-09-16 05:40:33] 
📍 Scanning Town: Cromwell, CT (Progress: 32/1000)
[2026-09-16 05:40:43]    Found 0 new candidates in Cromwell.
[2026-09-16 05:40:43] 
📍 Scanning Town: Manchester, CT (Progress: 32/1000)
[2026-09-16 05:41:08]    Found 0 new candidates in Manchester.
[2026-09-16 05:41:08] 
📍 Scanning Town: Norwich, CT (Progress: 32/1000)
[2026-09-16 05:41:19]    Found 0 new candidates in Norwich.
[2026-09-16 05:41:19] 
📍 Scanning Town: Enfield, CT (Progress: 32/1000)
[2026-09-16 05:41:42]    Found 0 new candidates in Enfield.
[2026-09-16 05:41:42] 
📍 Scanning Town: Newtown, CT (Progress: 32/1000)
[2026-09-16 05:42:05]    Found 0 new candidates in Newtown.
[2026-09-16 05:42:05] 
📍 Scanning Town: Berlin, CT (Progress: 32/1000)
[2026-09-16 05:42:17]    Found 0 new candidates in Berlin.
[2026-09-16 05:42:17] 
📍 Scanning Town: Glastonbury, CT (Progress: 32/1000)
[2026-09-16 05:42:38]    Found 0 new candidates in Glastonbury.
[2026-09-16 05:42:38] 
📍 Scanning Town: Monroe, CT (Progress: 32/1000)
[2026-09-16 05:43:05]    Found 0 new candidates in Monroe.
[2026-09-16 05:43:05] 
📍 Scanning Town: Vernon, CT (Progress: 32/1000)
[2026-09-16 05:43:16]    Found 0 new candidates in Vernon.
[2026-09-16 05:43:16] 
📍 Scanning Town: Bloomfield, CT (Progress: 32/1000)
[2026-09-16 05:43:27]    Found 0 new candidates in Bloomfield.
[2026-09-16 05:43:27] 
📍 Scanning Town: Milford, CT (Progress: 32/1000)
[2026-09-16 05:43:52]    Found 0 new candidates in Milford.
[2026-09-16 05:43:52] 
📍 Scanning Town: Torrington, CT (Progress: 32/1000)
[2026-09-16 05:44:05]    Found 0 new candidates in Torrington.
[2026-09-16 05:44:05] 
📍 Scanning Town: Brookfield, CT (Progress: 32/1000)
[2026-09-16 05:44:29]    Found 0 new candidates in Brookfield.
[2026-09-16 05:44:29] 
📍 Scanning Town: North Haven, CT (Progress: 32/1000)
[2026-09-16 05:44:41]    Found 0 new candidates in North Haven.
[2026-09-16 05:44:41] 
📍 Scanning Town: Darien, CT (Progress: 32/1000)
[2026-09-16 05:45:04]    Found 0 new candidates in Darien.
[2026-09-16 05:45:04] 
📍 Scanning Town: Danbury, CT (Progress: 32/1000)
[2026-09-16 05:45:26]    Found 0 new candidates in Danbury.
[2026-09-16 05:45:26] 
📍 Scanning Town: Shelton, CT (Progress: 32/1000)
[2026-09-16 05:45:37]    Found 0 new candidates in Shelton.
[2026-09-16 05:45:37] 
📍 Scanning Town: Oxford, CT (Progress: 32/1000)
[2026-09-16 05:46:03]    Found 0 new candidates in Oxford.
[2026-09-16 05:46:03] 
📍 Scanning Town: Waterbury, CT (Progress: 32/1000)
[2026-09-16 05:46:25]    Found 0 new candidates in Waterbury.
[2026-09-16 05:46:25] 
📍 Scanning Town: East Hartford, CT (Progress: 32/1000)
[2026-09-16 05:46:36]    Found 0 new candidates in East Hartford.
[2026-09-16 05:46:36] 
📍 Scanning Town: New Fairfield, CT (Progress: 32/1000)
[2026-09-16 05:46:48]    Found 0 new candidates in New Fairfield.
[2026-09-16 05:46:48] 
📍 Scanning Town: Derby, CT (Progress: 32/1000)
[2026-09-16 05:47:14]    Found 0 new candidates in Derby.
[2026-09-16 05:47:14] 
📍 Scanning Town: Groton, CT (Progress: 32/1000)
[2026-09-16 05:47:25]    Found 0 new candidates in Groton.
[2026-09-16 05:47:25] 
📍 Scanning Town: Woodbury, CT (Progress: 32/1000)
[2026-09-16 05:47:48]    Found 0 new candidates in Woodbury.
[2026-09-16 05:47:48] 
📍 Scanning Town: Meriden, CT (Progress: 32/1000)
[2026-09-16 05:48:00]    Found 0 new candidates in Meriden.
[2026-09-16 05:48:00] 
📍 Scanning Town: Fairfield, CT (Progress: 32/1000)
[2026-09-16 05:48:26]    Found 0 new candidates in Fairfield.
[2026-09-16 05:48:26] 
📍 Scanning Town: Bethel, CT (Progress: 32/1000)
[2026-09-16 05:48:51]    Found 0 new candidates in Bethel.
[2026-09-16 05:48:51] 
📍 Scanning Town: West Hartford, CT (Progress: 32/1000)
[2026-09-16 05:49:16]    Found 0 new candidates in West Hartford.
[2026-09-16 05:49:16] 
📍 Scanning Town: Hartford, CT (Progress: 32/1000)
[2026-09-16 05:49:39]    Found 0 new candidates in Hartford.
[2026-09-16 05:49:39] 
📍 Scanning Town: Windsor, CT (Progress: 32/1000)
[2026-09-16 05:49:51]    Found 0 new candidates in Windsor.
[2026-09-16 05:49:51] 
📍 Scanning Town: Trumbull, CT (Progress: 32/1000)
[2026-09-16 05:50:03]    Found 0 new candidates in Trumbull.
[2026-09-16 05:50:03] 
📍 Scanning Town: Bridgeport, CT (Progress: 32/1000)
[2026-09-16 05:50:14]    Found 0 new candidates in Bridgeport.
[2026-09-16 05:50:14] 
📍 Scanning Town: Wilton, CT (Progress: 32/1000)
[2026-09-16 05:50:39]    Found 0 new candidates in Wilton.
[2026-09-16 05:50:39] 
📍 Scanning Town: Guilford, CT (Progress: 32/1000)
[2026-09-16 05:51:01]    Found 0 new candidates in Guilford.
[2026-09-16 05:51:01] 
📍 Scanning Town: New Haven, CT (Progress: 32/1000)
[2026-09-16 05:51:12]    Found 0 new candidates in New Haven.
[2026-09-16 05:51:12] 
📍 Scanning Town: Southington, CT (Progress: 32/1000)
[2026-09-16 05:51:24]    Found 0 new candidates in Southington.
[2026-09-16 05:51:24] 
📍 Scanning Town: Stratford, CT (Progress: 32/1000)
[2026-09-16 05:51:34]    Found 0 new candidates in Stratford.
[2026-09-16 05:51:34] 
📍 Scanning Town: Stamford, CT (Progress: 32/1000)
[2026-09-16 05:51:59]    Found 0 new candidates in Stamford.
[2026-09-16 05:51:59] 
📍 Scanning Town: Waterford, CT (Progress: 32/1000)
[2026-09-16 05:52:24]    Found 0 new candidates in Waterford.
[2026-09-16 05:52:24] 
📍 Scanning Town: Middletown, CT (Progress: 32/1000)
[2026-09-16 05:52:35]    Found 0 new candidates in Middletown.
[2026-09-16 05:52:35] 
📍 Scanning Town: Rocky Hill, CT (Progress: 32/1000)
[2026-09-16 05:53:03]    Found 0 new candidates in Rocky Hill.
[2026-09-16 05:53:03] 
📍 Scanning Town: Southbury, CT (Progress: 32/1000)
[2026-09-16 05:53:27]    Found 0 new candidates in Southbury.
[2026-09-16 05:53:27] 
📍 Scanning Town: Norwalk, CT (Progress: 32/1000)
[2026-09-16 05:53:38]    Found 0 new candidates in Norwalk.
[2026-09-16 05:53:38] 
📍 Scanning Town: Cheshire, CT (Progress: 32/1000)
[2026-09-16 05:54:03]    Found 0 new candidates in Cheshire.
[2026-09-16 05:54:03] 
📍 Scanning Town: Newington, CT (Progress: 32/1000)
[2026-09-16 05:54:26]    Found 0 new candidates in Newington.
[2026-09-16 05:54:26] 
📍 Scanning Town: Prospect, CT (Progress: 32/1000)
[2026-09-16 05:54:57]    Found 0 new candidates in Prospect.
[2026-09-16 05:54:57] 
📍 Scanning Town: Naugatuck, CT (Progress: 32/1000)
[2026-09-16 05:55:20]    Found 0 new candidates in Naugatuck.
[2026-09-16 05:55:20] 
📍 Scanning Town: Seymour, CT (Progress: 32/1000)
[2026-09-16 05:55:44]    Found 0 new candidates in Seymour.
[2026-09-16 05:55:44] 
📍 Scanning Town: Branford, CT (Progress: 32/1000)
[2026-09-16 05:56:05]    Found 0 new candidates in Branford.
[2026-09-16 05:56:05] 
📍 Scanning Town: South Windsor, CT (Progress: 32/1000)
[2026-09-16 05:56:31]    Found 0 new candidates in South Windsor.
[2026-09-16 05:56:31] 
📍 Scanning Town: Branford, CT (Progress: 32/1000)
[2026-09-16 05:56:41]    Found 0 new candidates in Branford.
[2026-09-16 05:56:41] 
📍 Scanning Town: Naugatuck, CT (Progress: 32/1000)
[2026-09-16 05:56:52]    Found 0 new candidates in Naugatuck.
[2026-09-16 05:56:52] 
📍 Scanning Town: Norwalk, CT (Progress: 32/1000)
[2026-09-16 05:57:03]    Found 0 new candidates in Norwalk.
[2026-09-16 05:57:03] 
📍 Scanning Town: Middletown, CT (Progress: 32/1000)
[2026-09-16 05:57:15]    Found 0 new candidates in Middletown.
[2026-09-16 05:57:15] 
📍 Scanning Town: Shelton, CT (Progress: 32/1000)
[2026-09-16 05:57:37]    Found 0 new candidates in Shelton.
[2026-09-16 05:57:37] 
📍 Scanning Town: Manchester, CT (Progress: 32/1000)
[2026-09-16 05:57:48]    Found 0 new candidates in Manchester.
[2026-09-16 05:57:48] 
📍 Scanning Town: Orange, CT (Progress: 32/1000)
[2026-09-16 05:58:15]    Found 0 new candidates in Orange.
[2026-09-16 05:58:15] 
📍 Scanning Town: Guilford, CT (Progress: 32/1000)
[2026-09-16 05:58:26]    Found 0 new candidates in Guilford.
[2026-09-16 05:58:26] 
📍 Scanning Town: Trumbull, CT (Progress: 32/1000)
[2026-09-16 05:58:37]    Found 0 new candidates in Trumbull.
[2026-09-16 05:58:37] 
📍 Scanning Town: West Haven, CT (Progress: 32/1000)
[2026-09-16 05:59:01]    Found 0 new candidates in West Haven.
[2026-09-16 05:59:01] 
📍 Scanning Town: Fairfield, CT (Progress: 32/1000)
[2026-09-16 05:59:11]    Found 0 new candidates in Fairfield.
[2026-09-16 05:59:11] 
📍 Scanning Town: Westport, CT (Progress: 32/1000)
[2026-09-16 05:59:33]    Found 0 new candidates in Westport.
[2026-09-16 05:59:33] 
📍 Scanning Town: Meriden, CT (Progress: 32/1000)
[2026-09-16 05:59:44]    Found 0 new candidates in Meriden.
[2026-09-16 05:59:44] 
📍 Scanning Town: Waterbury, CT (Progress: 32/1000)
[2026-09-16 05:59:55]    Found 0 new candidates in Waterbury.
[2026-09-16 05:59:55] 
📍 Scanning Town: Greenwich, CT (Progress: 32/1000)
[2026-09-16 06:00:06]    Found 0 new candidates in Greenwich.
[2026-09-16 06:00:06] 
📍 Scanning Town: Berlin, CT (Progress: 32/1000)
[2026-09-16 06:00:39]    Found 0 new candidates in Berlin.
[2026-09-16 06:00:39] 
📍 Scanning Town: Mansfield, CT (Progress: 32/1000)
[2026-09-16 06:00:51]    Found 0 new candidates in Mansfield.
[2026-09-16 06:00:51] 
📍 Scanning Town: Plainville, CT (Progress: 32/1000)
[2026-09-16 06:01:13]    Found 0 new candidates in Plainville.
[2026-09-16 06:01:13] 
📍 Scanning Town: Wethersfield, CT (Progress: 32/1000)
[2026-09-16 06:01:24]    Found 0 new candidates in Wethersfield.
[2026-09-16 06:01:24] 
📍 Scanning Town: Wilton, CT (Progress: 32/1000)
[2026-09-16 06:01:35]    Found 0 new candidates in Wilton.
[2026-09-16 06:01:35] 
📍 Scanning Town: New Fairfield, CT (Progress: 32/1000)
[2026-09-16 06:02:11]    Found 0 new candidates in New Fairfield.
[2026-09-16 06:02:11] 
📍 Scanning Town: Enfield, CT (Progress: 32/1000)
[2026-09-16 06:02:22]    Found 0 new candidates in Enfield.
[2026-09-16 06:02:22] 
📍 Scanning Town: Monroe, CT (Progress: 32/1000)
[2026-09-16 06:02:33]    Found 0 new candidates in Monroe.
[2026-09-16 06:02:33] 
📍 Scanning Town: Groton, CT (Progress: 32/1000)
[2026-09-16 06:02:57]    Found 0 new candidates in Groton.
[2026-09-16 06:02:57] 
📍 Scanning Town: Milford, CT (Progress: 32/1000)
[2026-09-16 06:03:08]    Found 0 new candidates in Milford.
[2026-09-16 06:03:08] 
📍 Scanning Town: Vernon, CT (Progress: 32/1000)
[2026-09-16 06:03:33]    Found 0 new candidates in Vernon.
[2026-09-16 06:03:33] 
📍 Scanning Town: Seymour, CT (Progress: 32/1000)
[2026-09-16 06:03:45]    Found 0 new candidates in Seymour.
[2026-09-16 06:03:45] 
📍 Scanning Town: Watertown, CT (Progress: 32/1000)
[2026-09-16 06:04:07]    Found 0 new candidates in Watertown.
[2026-09-16 06:04:07] 
📍 Scanning Town: Torrington, CT (Progress: 32/1000)
[2026-09-16 06:04:29]    Found 0 new candidates in Torrington.
[2026-09-16 06:04:29] 
📍 Scanning Town: Woodbury, CT (Progress: 32/1000)
[2026-09-16 06:04:40]    Found 0 new candidates in Woodbury.
[2026-09-16 06:04:40] 
📍 Scanning Town: Newtown, CT (Progress: 32/1000)
[2026-09-16 06:04:52]    Found 0 new candidates in Newtown.
[2026-09-16 06:04:52] 
📍 Scanning Town: Stamford, CT (Progress: 32/1000)
[2026-09-16 06:05:03]    Found 0 new candidates in Stamford.
[2026-09-16 06:05:03] 
📍 Scanning Town: Southington, CT (Progress: 32/1000)
[2026-09-16 06:05:24]    Found 0 new candidates in Southington.
[2026-09-16 06:05:24] 
📍 Scanning Town: Southbury, CT (Progress: 32/1000)
[2026-09-16 06:05:36]    Found 0 new candidates in Southbury.
[2026-09-16 06:05:36] 
📍 Scanning Town: Cromwell, CT (Progress: 32/1000)
[2026-09-16 06:05:59]    Found 0 new candidates in Cromwell.
[2026-09-16 06:05:59] 
📍 Scanning Town: Bridgeport, CT (Progress: 32/1000)
[2026-09-16 06:06:22]    Found 0 new candidates in Bridgeport.
[2026-09-16 06:06:22] 
📍 Scanning Town: Rocky Hill, CT (Progress: 32/1000)
[2026-09-16 06:06:33]    Found 0 new candidates in Rocky Hill.
[2026-09-16 06:06:33] 
📍 Scanning Town: West Hartford, CT (Progress: 32/1000)
[2026-09-16 06:06:43]    Found 0 new candidates in West Hartford.
[2026-09-16 06:06:43] 
📍 Scanning Town: Oxford, CT (Progress: 32/1000)
[2026-09-16 06:06:54]    Found 0 new candidates in Oxford.
[2026-09-16 06:06:54] 
📍 Scanning Town: Windsor, CT (Progress: 32/1000)
[2026-09-16 06:07:21]    Found 0 new candidates in Windsor.
[2026-09-16 06:07:21] 
📍 Scanning Town: New Haven, CT (Progress: 32/1000)
[2026-09-16 06:07:44]    Found 0 new candidates in New Haven.
[2026-09-16 06:07:44] 
📍 Scanning Town: Derby, CT (Progress: 32/1000)
[2026-09-16 06:07:55]    Found 0 new candidates in Derby.
[2026-09-16 06:07:55] 
📍 Scanning Town: Newington, CT (Progress: 32/1000)
[2026-09-16 06:08:05]    Found 0 new candidates in Newington.
[2026-09-16 06:08:05] 
📍 Scanning Town: Prospect, CT (Progress: 32/1000)
[2026-09-16 06:08:18]    Found 0 new candidates in Prospect.
[2026-09-16 06:08:18] 
📍 Scanning Town: North Haven, CT (Progress: 32/1000)
[2026-09-16 06:08:46]    Found 0 new candidates in North Haven.
[2026-09-16 06:08:46] 
📍 Scanning Town: Cheshire, CT (Progress: 32/1000)
[2026-09-16 06:08:58]    Found 0 new candidates in Cheshire.
[2026-09-16 06:08:58] 
📍 Scanning Town: Avon, CT (Progress: 32/1000)
[2026-09-16 06:09:24]    Found 0 new candidates in Avon.
[2026-09-16 06:09:24] 
📍 Scanning Town: South Windsor, CT (Progress: 32/1000)
[2026-09-16 06:09:36]    Found 0 new candidates in South Windsor.
[2026-09-16 06:09:36] 
📍 Scanning Town: Waterford, CT (Progress: 32/1000)
[2026-09-16 06:09:48]    Found 0 new candidates in Waterford.
[2026-09-16 06:09:48] 
📍 Scanning Town: Brookfield, CT (Progress: 32/1000)
[2026-09-16 06:09:59]    Found 0 new candidates in Brookfield.
[2026-09-16 06:09:59] 
📍 Scanning Town: Bloomfield, CT (Progress: 32/1000)
[2026-09-16 06:10:21]    Found 0 new candidates in Bloomfield.
[2026-09-16 06:10:21] 
📍 Scanning Town: Norwich, CT (Progress: 32/1000)
[2026-09-16 06:10:44]    Found 0 new candidates in Norwich.
[2026-09-16 06:10:44] 
📍 Scanning Town: Hamden, CT (Progress: 32/1000)
[2026-09-16 06:11:04]    Found 0 new candidates in Hamden.
[2026-09-16 06:11:04] 
📍 Scanning Town: Bethel, CT (Progress: 32/1000)
[2026-09-16 06:11:16]    Found 0 new candidates in Bethel.
[2026-09-16 06:11:16] 
📍 Scanning Town: East Hartford, CT (Progress: 32/1000)
[2026-09-16 06:11:40]    Found 1 new candidates in East Hartford.
[2026-09-16 06:11:41] 
📍 Scanning Town: Ridgefield, CT (Progress: 32/1000)
[2026-09-16 06:12:02]    Found 0 new candidates in Ridgefield.
[2026-09-16 06:12:02] 
📍 Scanning Town: Danbury, CT (Progress: 32/1000)
[2026-09-16 06:12:13]    Found 0 new candidates in Danbury.
[2026-09-16 06:12:13] 
📍 Scanning Town: Glastonbury, CT (Progress: 32/1000)
[2026-09-16 06:12:24]    Found 0 new candidates in Glastonbury.
[2026-09-16 06:12:24] 
📍 Scanning Town: Ansonia, CT (Progress: 32/1000)
[2026-09-16 06:12:37]    Found 0 new candidates in Ansonia.
[2026-09-16 06:12:37] 
📍 Scanning Town: Stratford, CT (Progress: 32/1000)
[2026-09-16 06:12:48]    Found 0 new candidates in Stratford.
[2026-09-16 06:12:48] 
📍 Scanning Town: Darien, CT (Progress: 32/1000)
[2026-09-16 06:13:00]    Found 0 new candidates in Darien.
[2026-09-16 06:13:00] 
📍 Scanning Town: Simsbury, CT (Progress: 32/1000)
[2026-09-16 06:13:19]    Found 0 new candidates in Simsbury.
[2026-09-16 06:13:19] 
📍 Scanning Town: Bristol, CT (Progress: 32/1000)
[2026-09-16 06:13:31]    Found 0 new candidates in Bristol.
[2026-09-16 06:13:31] 
📍 Scanning Town: Farmington, CT (Progress: 32/1000)
[2026-09-16 06:13:55]    Found 0 new candidates in Farmington.
[2026-09-16 06:13:55] 
📍 Scanning Town: Hartford, CT (Progress: 32/1000)
[2026-09-16 06:14:06]    Found 0 new candidates in Hartford.
[2026-09-16 06:14:06] 
📍 Scanning Town: Darien, CT (Progress: 32/1000)
[2026-09-16 06:14:17]    Found 0 new candidates in Darien.
[2026-09-16 06:14:17] 
📍 Scanning Town: Meriden, CT (Progress: 32/1000)
[2026-09-16 06:14:29]    Found 0 new candidates in Meriden.
[2026-09-16 06:14:29] 
📍 Scanning Town: Orange, CT (Progress: 32/1000)
[2026-09-16 06:14:40]    Found 0 new candidates in Orange.
[2026-09-16 06:14:40] 
📍 Scanning Town: Monroe, CT (Progress: 32/1000)
[2026-09-16 06:14:51]    Found 0 new candidates in Monroe.
[2026-09-16 06:14:51] 
📍 Scanning Town: Branford, CT (Progress: 32/1000)
[2026-09-16 06:15:03]    Found 0 new candidates in Branford.
[2026-09-16 06:15:03] 
📍 Scanning Town: Farmington, CT (Progress: 32/1000)
[2026-09-16 06:15:14]    Found 0 new candidates in Farmington.
[2026-09-16 06:15:14] 
📍 Scanning Town: Vernon, CT (Progress: 32/1000)
[2026-09-16 06:15:25]    Found 0 new candidates in Vernon.
[2026-09-16 06:15:25] 
📍 Scanning Town: Enfield, CT (Progress: 32/1000)
[2026-09-16 06:15:36]    Found 0 new candidates in Enfield.
[2026-09-16 06:15:36] 
📍 Scanning Town: Glastonbury, CT (Progress: 32/1000)
[2026-09-16 06:15:47]    Found 0 new candidates in Glastonbury.
[2026-09-16 06:15:47] 
📍 Scanning Town: Wethersfield, CT (Progress: 32/1000)
[2026-09-16 06:15:58]    Found 0 new candidates in Wethersfield.
[2026-09-16 06:15:58] 
📍 Scanning Town: Greenwich, CT (Progress: 32/1000)
[2026-09-16 06:16:09]    Found 0 new candidates in Greenwich.
[2026-09-16 06:16:09] 
📍 Scanning Town: Hamden, CT (Progress: 32/1000)
[2026-09-16 06:16:21]    Found 0 new candidates in Hamden.
[2026-09-16 06:16:21] 
📍 Scanning Town: Avon, CT (Progress: 32/1000)
[2026-09-16 06:16:33]    Found 0 new candidates in Avon.
[2026-09-16 06:16:33] 
📍 Scanning Town: Ridgefield, CT (Progress: 32/1000)
[2026-09-16 06:16:44]    Found 0 new candidates in Ridgefield.
[2026-09-16 06:16:44] 
📍 Scanning Town: Southington, CT (Progress: 32/1000)
[2026-09-16 06:16:56]    Found 0 new candidates in Southington.
[2026-09-16 06:16:56] 
📍 Scanning Town: Hartford, CT (Progress: 32/1000)
[2026-09-16 06:17:07]    Found 0 new candidates in Hartford.
[2026-09-16 06:17:07] 
📍 Scanning Town: Fairfield, CT (Progress: 32/1000)
[2026-09-16 06:17:18]    Found 0 new candidates in Fairfield.
[2026-09-16 06:17:18] 
📍 Scanning Town: Norwalk, CT (Progress: 32/1000)
[2026-09-16 06:17:30]    Found 0 new candidates in Norwalk.
[2026-09-16 06:17:30] 
📍 Scanning Town: Oxford, CT (Progress: 32/1000)
[2026-09-16 06:17:41]    Found 0 new candidates in Oxford.
[2026-09-16 06:17:41] 
📍 Scanning Town: New Fairfield, CT (Progress: 32/1000)
[2026-09-16 06:17:52]    Found 0 new candidates in New Fairfield.
[2026-09-16 06:17:52] 
📍 Scanning Town: Southbury, CT (Progress: 32/1000)
[2026-09-16 06:18:02]    Found 0 new candidates in Southbury.
[2026-09-16 06:18:02] 
📍 Scanning Town: Newington, CT (Progress: 32/1000)
[2026-09-16 06:18:14]    Found 0 new candidates in Newington.
[2026-09-16 06:18:14] 
📍 Scanning Town: Manchester, CT (Progress: 32/1000)
[2026-09-16 06:18:25]    Found 0 new candidates in Manchester.
[2026-09-16 06:18:25] 
📍 Scanning Town: Mansfield, CT (Progress: 32/1000)
[2026-09-16 06:18:37]    Found 0 new candidates in Mansfield.
[2026-09-16 06:18:37] 
📍 Scanning Town: Waterford, CT (Progress: 32/1000)
[2026-09-16 06:18:48]    Found 0 new candidates in Waterford.
[2026-09-16 06:18:48] 
📍 Scanning Town: Trumbull, CT (Progress: 32/1000)
[2026-09-16 06:19:00]    Found 0 new candidates in Trumbull.
[2026-09-16 06:19:00] 
📍 Scanning Town: Waterbury, CT (Progress: 32/1000)
[2026-09-16 06:19:11]    Found 0 new candidates in Waterbury.
[2026-09-16 06:19:11] 
📍 Scanning Town: Newtown, CT (Progress: 32/1000)
[2026-09-16 06:19:22]    Found 0 new candidates in Newtown.
[2026-09-16 06:19:22] 
📍 Scanning Town: Bridgeport, CT (Progress: 32/1000)
[2026-09-16 06:19:34]    Found 0 new candidates in Bridgeport.
[2026-09-16 06:19:34] 
📍 Scanning Town: South Windsor, CT (Progress: 32/1000)
[2026-09-16 06:19:44]    Found 0 new candidates in South Windsor.
[2026-09-16 06:19:44] 
📍 Scanning Town: West Hartford, CT (Progress: 32/1000)
[2026-09-16 06:19:56]    Found 0 new candidates in West Hartford.
[2026-09-16 06:19:56] 
📍 Scanning Town: East Hartford, CT (Progress: 32/1000)
[2026-09-16 06:20:07]    Found 0 new candidates in East Hartford.
[2026-09-16 06:20:07] 
📍 Scanning Town: Naugatuck, CT (Progress: 32/1000)
[2026-09-16 06:20:18]    Found 0 new candidates in Naugatuck.
[2026-09-16 06:20:18] 
📍 Scanning Town: Simsbury, CT (Progress: 32/1000)
[2026-09-16 06:20:31]    Found 0 new candidates in Simsbury.
[2026-09-16 06:20:31] 
📍 Scanning Town: West Haven, CT (Progress: 32/1000)
[2026-09-16 06:20:41]    Found 0 new candidates in West Haven.
[2026-09-16 06:20:41] 
📍 Scanning Town: North Haven, CT (Progress: 32/1000)
[2026-09-16 06:20:52]    Found 0 new candidates in North Haven.
[2026-09-16 06:20:52] 
📍 Scanning Town: Berlin, CT (Progress: 32/1000)
[2026-09-16 06:21:04]    Found 0 new candidates in Berlin.
[2026-09-16 06:21:04] 
📍 Scanning Town: Derby, CT (Progress: 32/1000)
[2026-09-16 06:21:15]    Found 0 new candidates in Derby.
[2026-09-16 06:21:15] 
📍 Scanning Town: Watertown, CT (Progress: 32/1000)
[2026-09-16 06:21:27]    Found 0 new candidates in Watertown.
[2026-09-16 06:21:27] 
📍 Scanning Town: Cromwell, CT (Progress: 32/1000)
[2026-09-16 06:21:38]    Found 0 new candidates in Cromwell.
[2026-09-16 06:21:38] 
📍 Scanning Town: New Haven, CT (Progress: 32/1000)
[2026-09-16 06:21:49]    Found 0 new candidates in New Haven.
[2026-09-16 06:21:49] 
📍 Scanning Town: Rocky Hill, CT (Progress: 32/1000)
[2026-09-16 06:22:00]    Found 0 new candidates in Rocky Hill.
[2026-09-16 06:22:00] 
📍 Scanning Town: Ansonia, CT (Progress: 32/1000)
[2026-09-16 06:22:12]    Found 0 new candidates in Ansonia.
[2026-09-16 06:22:12] 
📍 Scanning Town: Woodbury, CT (Progress: 32/1000)
[2026-09-16 06:22:23]    Found 0 new candidates in Woodbury.
[2026-09-16 06:22:23] 
📍 Scanning Town: Torrington, CT (Progress: 32/1000)
[2026-09-16 06:22:34]    Found 0 new candidates in Torrington.
[2026-09-16 06:22:34] 
📍 Scanning Town: Stamford, CT (Progress: 32/1000)
[2026-09-16 06:22:45]    Found 0 new candidates in Stamford.
[2026-09-16 06:22:45] 
📍 Scanning Town: Stratford, CT (Progress: 32/1000)
[2026-09-16 06:22:56]    Found 0 new candidates in Stratford.
[2026-09-16 06:22:56] 
📍 Scanning Town: Cheshire, CT (Progress: 32/1000)
[2026-09-16 06:23:07]    Found 0 new candidates in Cheshire.
[2026-09-16 06:23:07] 
📍 Scanning Town: Danbury, CT (Progress: 32/1000)
[2026-09-16 06:23:18]    Found 0 new candidates in Danbury.
[2026-09-16 06:23:18] 
📍 Scanning Town: Bethel, CT (Progress: 32/1000)
[2026-09-16 06:23:29]    Found 0 new candidates in Bethel.
[2026-09-16 06:23:29] 
📍 Scanning Town: Windsor, CT (Progress: 32/1000)
[2026-09-16 06:23:41]    Found 0 new candidates in Windsor.
[2026-09-16 06:23:41] 
📍 Scanning Town: Seymour, CT (Progress: 32/1000)
[2026-09-16 06:23:53]    Found 0 new candidates in Seymour.
[2026-09-16 06:23:53] 
📍 Scanning Town: Wilton, CT (Progress: 32/1000)
[2026-09-16 06:24:04]    Found 0 new candidates in Wilton.
[2026-09-16 06:24:04] 
📍 Scanning Town: Brookfield, CT (Progress: 32/1000)
[2026-09-16 06:24:16]    Found 0 new candidates in Brookfield.
[2026-09-16 06:24:16] 
📍 Scanning Town: Guilford, CT (Progress: 32/1000)
[2026-09-16 06:24:26]    Found 0 new candidates in Guilford.
[2026-09-16 06:24:26] 
📍 Scanning Town: Bloomfield, CT (Progress: 32/1000)
[2026-09-16 06:24:37]    Found 0 new candidates in Bloomfield.
[2026-09-16 06:24:37] 
📍 Scanning Town: Prospect, CT (Progress: 32/1000)
[2026-09-16 06:24:48]    Found 0 new candidates in Prospect.
[2026-09-16 06:24:48] 
📍 Scanning Town: Norwich, CT (Progress: 32/1000)
[2026-09-16 06:24:59]    Found 0 new candidates in Norwich.
[2026-09-16 06:24:59] 
📍 Scanning Town: Shelton, CT (Progress: 32/1000)
[2026-09-16 06:25:11]    Found 0 new candidates in Shelton.
[2026-09-16 06:25:11] 
📍 Scanning Town: Groton, CT (Progress: 32/1000)
[2026-09-16 06:25:22]    Found 0 new candidates in Groton.
[2026-09-16 06:25:22] 
📍 Scanning Town: Bristol, CT (Progress: 32/1000)
[2026-09-16 06:25:34]    Found 0 new candidates in Bristol.
[2026-09-16 06:25:34] 
📍 Scanning Town: Milford, CT (Progress: 32/1000)
[2026-09-16 06:25:44]    Found 0 new candidates in Milford.
[2026-09-16 06:25:44] 
📍 Scanning Town: Westport, CT (Progress: 32/1000)
[2026-09-16 06:25:56]    Found 0 new candidates in Westport.
[2026-09-16 06:25:56] 
📍 Scanning Town: Middletown, CT (Progress: 32/1000)
[2026-09-16 06:26:18]    Found 0 new candidates in Middletown.
[2026-09-16 06:26:18] 
📍 Scanning Town: Plainville, CT (Progress: 32/1000)
[2026-09-16 06:26:29]    Found 0 new candidates in Plainville.
[2026-09-16 06:26:29] 
📍 Scanning Town: Norwalk, CT (Progress: 32/1000)
[2026-09-16 06:26:41]    Found 0 new candidates in Norwalk.
[2026-09-16 06:26:41] 
📍 Scanning Town: West Hartford, CT (Progress: 32/1000)
[2026-09-16 06:26:52]    Found 0 new candidates in West Hartford.
[2026-09-16 06:26:52] 
📍 Scanning Town: Greenwich, CT (Progress: 32/1000)
[2026-09-16 06:27:03]    Found 0 new candidates in Greenwich.
[2026-09-16 06:27:03] 
📍 Scanning Town: Avon, CT (Progress: 32/1000)
[2026-09-16 06:27:14]    Found 0 new candidates in Avon.
[2026-09-16 06:27:14] 
📍 Scanning Town: Fairfield, CT (Progress: 32/1000)
[2026-09-16 06:27:25]    Found 0 new candidates in Fairfield.
[2026-09-16 06:27:25] 
📍 Scanning Town: Guilford, CT (Progress: 32/1000)
[2026-09-16 06:27:37]    Found 0 new candidates in Guilford.
[2026-09-16 06:27:37] 
📍 Scanning Town: Orange, CT (Progress: 32/1000)
[2026-09-16 06:27:48]    Found 0 new candidates in Orange.
[2026-09-16 06:27:48] 
📍 Scanning Town: Windsor, CT (Progress: 32/1000)
[2026-09-16 06:27:59]    Found 0 new candidates in Windsor.
[2026-09-16 06:27:59] 
📍 Scanning Town: Vernon, CT (Progress: 32/1000)
[2026-09-16 06:28:10]    Found 0 new candidates in Vernon.
[2026-09-16 06:28:10] 
📍 Scanning Town: Cheshire, CT (Progress: 32/1000)
[2026-09-16 06:28:21]    Found 0 new candidates in Cheshire.
[2026-09-16 06:28:21] 
📍 Scanning Town: West Haven, CT (Progress: 32/1000)
[2026-09-16 06:28:32]    Found 0 new candidates in West Haven.
[2026-09-16 06:28:32] 
📍 Scanning Town: Bridgeport, CT (Progress: 32/1000)
[2026-09-16 06:28:43]    Found 0 new candidates in Bridgeport.
[2026-09-16 06:28:43] 
📍 Scanning Town: Watertown, CT (Progress: 32/1000)
[2026-09-16 06:28:54]    Found 0 new candidates in Watertown.
[2026-09-16 06:28:54] 
📍 Scanning Town: Shelton, CT (Progress: 32/1000)
[2026-09-16 06:29:05]    Found 0 new candidates in Shelton.
[2026-09-16 06:29:05] 
📍 Scanning Town: Waterbury, CT (Progress: 32/1000)
[2026-09-16 06:29:16]    Found 0 new candidates in Waterbury.
[2026-09-16 06:29:16] 
📍 Scanning Town: Southington, CT (Progress: 32/1000)
[2026-09-16 06:29:28]    Found 0 new candidates in Southington.
[2026-09-16 06:29:28] 
📍 Scanning Town: Waterford, CT (Progress: 32/1000)
[2026-09-16 06:29:39]    Found 0 new candidates in Waterford.
[2026-09-16 06:29:39] 
📍 Scanning Town: Southbury, CT (Progress: 32/1000)
[2026-09-16 06:29:51]    Found 0 new candidates in Southbury.
[2026-09-16 06:29:51] 
📍 Scanning Town: Milford, CT (Progress: 32/1000)
[2026-09-16 06:30:02]    Found 0 new candidates in Milford.
[2026-09-16 06:30:02] 
📍 Scanning Town: New Fairfield, CT (Progress: 32/1000)
[2026-09-16 06:30:12]    Found 0 new candidates in New Fairfield.
[2026-09-16 06:30:12] 
📍 Scanning Town: South Windsor, CT (Progress: 32/1000)
[2026-09-16 06:30:23]    Found 0 new candidates in South Windsor.
[2026-09-16 06:30:23] 
📍 Scanning Town: Plainville, CT (Progress: 32/1000)
[2026-09-16 06:30:35]    Found 0 new candidates in Plainville.
[2026-09-16 06:30:35] 
📍 Scanning Town: Oxford, CT (Progress: 32/1000)
[2026-09-16 06:30:47]    Found 0 new candidates in Oxford.
[2026-09-16 06:30:47] 
📍 Scanning Town: Meriden, CT (Progress: 32/1000)
[2026-09-16 06:30:59]    Found 0 new candidates in Meriden.
[2026-09-16 06:30:59] 
📍 Scanning Town: Ansonia, CT (Progress: 32/1000)
[2026-09-16 06:31:11]    Found 0 new candidates in Ansonia.
[2026-09-16 06:31:11] 
📍 Scanning Town: Prospect, CT (Progress: 32/1000)
[2026-09-16 06:31:22]    Found 0 new candidates in Prospect.
[2026-09-16 06:31:22] 
📍 Scanning Town: Glastonbury, CT (Progress: 32/1000)
[2026-09-16 06:31:33]    Found 0 new candidates in Glastonbury.
[2026-09-16 06:31:33] 
📍 Scanning Town: North Haven, CT (Progress: 32/1000)
[2026-09-16 06:31:47]    Found 0 new candidates in North Haven.
[2026-09-16 06:31:47] 
📍 Scanning Town: Seymour, CT (Progress: 32/1000)
[2026-09-16 06:31:59]    Found 0 new candidates in Seymour.
[2026-09-16 06:31:59] 
📍 Scanning Town: Berlin, CT (Progress: 32/1000)
[2026-09-16 06:32:10]    Found 0 new candidates in Berlin.
[2026-09-16 06:32:10] 
📍 Scanning Town: Brookfield, CT (Progress: 32/1000)
[2026-09-16 06:32:22]    Found 0 new candidates in Brookfield.
[2026-09-16 06:32:22] 
📍 Scanning Town: East Hartford, CT (Progress: 32/1000)
[2026-09-16 06:32:34]    Found 0 new candidates in East Hartford.
[2026-09-16 06:32:34] 
📍 Scanning Town: Derby, CT (Progress: 32/1000)
[2026-09-16 06:32:46]    Found 0 new candidates in Derby.
[2026-09-16 06:32:46] 
📍 Scanning Town: Branford, CT (Progress: 32/1000)
[2026-09-16 06:32:57]    Found 0 new candidates in Branford.
[2026-09-16 06:32:57] 
📍 Scanning Town: Torrington, CT (Progress: 32/1000)
[2026-09-16 06:33:08]    Found 0 new candidates in Torrington.
[2026-09-16 06:33:08] 
📍 Scanning Town: Bloomfield, CT (Progress: 32/1000)
[2026-09-16 06:33:19]    Found 0 new candidates in Bloomfield.
[2026-09-16 06:33:19] 
📍 Scanning Town: Rocky Hill, CT (Progress: 32/1000)
[2026-09-16 06:33:31]    Found 0 new candidates in Rocky Hill.
[2026-09-16 06:33:31] 
📍 Scanning Town: Ridgefield, CT (Progress: 32/1000)
[2026-09-16 06:33:43]    Found 0 new candidates in Ridgefield.
[2026-09-16 06:33:43] 
📍 Scanning Town: Cromwell, CT (Progress: 32/1000)
[2026-09-16 06:33:55]    Found 0 new candidates in Cromwell.
[2026-09-16 06:33:55] 
📍 Scanning Town: Simsbury, CT (Progress: 32/1000)
[2026-09-16 06:34:06]    Found 0 new candidates in Simsbury.
[2026-09-16 06:34:06] 
📍 Scanning Town: Groton, CT (Progress: 32/1000)
[2026-09-16 06:34:17]    Found 0 new candidates in Groton.
[2026-09-16 06:34:17] 
📍 Scanning Town: Stratford, CT (Progress: 32/1000)
[2026-09-16 06:34:43]    Found 0 new candidates in Stratford.
[2026-09-16 06:34:43] 
📍 Scanning Town: Farmington, CT (Progress: 32/1000)
[2026-09-16 06:34:55]    Found 0 new candidates in Farmington.
[2026-09-16 06:34:55] 
📍 Scanning Town: Trumbull, CT (Progress: 32/1000)
[2026-09-16 06:35:17]    Found 0 new candidates in Trumbull.
[2026-09-16 06:35:17] 
📍 Scanning Town: Bristol, CT (Progress: 32/1000)
[2026-09-16 06:35:29]    Found 0 new candidates in Bristol.
[2026-09-16 06:35:29] 
📍 Scanning Town: Monroe, CT (Progress: 32/1000)
[2026-09-16 06:35:40]    Found 0 new candidates in Monroe.
[2026-09-16 06:35:40] 
📍 Scanning Town: Bethel, CT (Progress: 32/1000)
[2026-09-16 06:35:51]    Found 0 new candidates in Bethel.
[2026-09-16 06:35:51] 
📍 Scanning Town: Wilton, CT (Progress: 32/1000)
[2026-09-16 06:36:02]    Found 0 new candidates in Wilton.
[2026-09-16 06:36:02] 
📍 Scanning Town: Manchester, CT (Progress: 32/1000)
[2026-09-16 06:36:13]    Found 0 new candidates in Manchester.
[2026-09-16 06:36:13] 
📍 Scanning Town: Newington, CT (Progress: 32/1000)
[2026-09-16 06:36:24]    Found 0 new candidates in Newington.
[2026-09-16 06:36:24] 
📍 Scanning Town: Naugatuck, CT (Progress: 32/1000)
[2026-09-16 06:36:35]    Found 0 new candidates in Naugatuck.
[2026-09-16 06:36:35] 
📍 Scanning Town: Wethersfield, CT (Progress: 32/1000)
[2026-09-16 06:36:56]    Found 0 new candidates in Wethersfield.
[2026-09-16 06:36:56] 
📍 Scanning Town: Hartford, CT (Progress: 32/1000)
[2026-09-16 06:37:07]    Found 0 new candidates in Hartford.
[2026-09-16 06:37:07] 
📍 Scanning Town: Westport, CT (Progress: 32/1000)
[2026-09-16 06:37:18]    Found 0 new candidates in Westport.
[2026-09-16 06:37:18] 
📍 Scanning Town: Norwich, CT (Progress: 32/1000)
[2026-09-16 06:37:29]    Found 0 new candidates in Norwich.
[2026-09-16 06:37:29] 
📍 Scanning Town: Enfield, CT (Progress: 32/1000)
[2026-09-16 06:37:41]    Found 0 new candidates in Enfield.
[2026-09-16 06:37:41] 
📍 Scanning Town: Hamden, CT (Progress: 32/1000)
[2026-09-16 06:37:52]    Found 0 new candidates in Hamden.
[2026-09-16 06:37:52] 
📍 Scanning Town: Middletown, CT (Progress: 32/1000)
[2026-09-16 06:38:03]    Found 0 new candidates in Middletown.
[2026-09-16 06:38:03] 
📍 Scanning Town: Darien, CT (Progress: 32/1000)
[2026-09-16 06:38:14]    Found 0 new candidates in Darien.
[2026-09-16 06:38:14] 
📍 Scanning Town: New Haven, CT (Progress: 32/1000)
[2026-09-16 06:38:25]    Found 0 new candidates in New Haven.
[2026-09-16 06:38:25] 
📍 Scanning Town: Stamford, CT (Progress: 32/1000)
[2026-09-16 06:38:36]    Found 0 new candidates in Stamford.
[2026-09-16 06:38:36] 
📍 Scanning Town: Danbury, CT (Progress: 32/1000)
[2026-09-16 06:38:48]    Found 0 new candidates in Danbury.
[2026-09-16 06:38:48] 
📍 Scanning Town: Woodbury, CT (Progress: 32/1000)
[2026-09-16 06:38:59]    Found 0 new candidates in Woodbury.
[2026-09-16 06:38:59] 
📍 Scanning Town: Mansfield, CT (Progress: 32/1000)
[2026-09-16 06:39:25]    Found 0 new candidates in Mansfield.
[2026-09-16 06:39:25] 
📍 Scanning Town: Newtown, CT (Progress: 32/1000)
[2026-09-16 06:39:35]    Found 0 new candidates in Newtown.
[2026-09-16 06:39:35] 
📍 Scanning Town: Watertown, CT (Progress: 32/1000)
[2026-09-16 06:39:46]    Found 0 new candidates in Watertown.
[2026-09-16 06:39:46] 
📍 Scanning Town: Enfield, CT (Progress: 32/1000)
[2026-09-16 06:39:57]    Found 0 new candidates in Enfield.
[2026-09-16 06:39:57] 
📍 Scanning Town: Avon, CT (Progress: 32/1000)
[2026-09-16 06:40:09]    Found 0 new candidates in Avon.
[2026-09-16 06:40:09] 
📍 Scanning Town: Manchester, CT (Progress: 32/1000)
[2026-09-16 06:40:19]    Found 0 new candidates in Manchester.
[2026-09-16 06:40:19] 
📍 Scanning Town: Norwich, CT (Progress: 32/1000)
[2026-09-16 06:40:30]    Found 0 new candidates in Norwich.
[2026-09-16 06:40:30] 
📍 Scanning Town: Mansfield, CT (Progress: 32/1000)
[2026-09-16 06:40:42]    Found 0 new candidates in Mansfield.
[2026-09-16 06:40:42] 
📍 Scanning Town: New Haven, CT (Progress: 32/1000)
[2026-09-16 06:40:53]    Found 0 new candidates in New Haven.
[2026-09-16 06:40:53] 
📍 Scanning Town: North Haven, CT (Progress: 32/1000)
[2026-09-16 06:41:04]    Found 0 new candidates in North Haven.
[2026-09-16 06:41:04] 
📍 Scanning Town: Ansonia, CT (Progress: 32/1000)
[2026-09-16 06:41:25]    Found 0 new candidates in Ansonia.
[2026-09-16 06:41:25] 
📍 Scanning Town: Plainville, CT (Progress: 32/1000)
[2026-09-16 06:41:36]    Found 0 new candidates in Plainville.
[2026-09-16 06:41:36] 
📍 Scanning Town: Simsbury, CT (Progress: 32/1000)
[2026-09-16 06:41:47]    Found 0 new candidates in Simsbury.
[2026-09-16 06:41:47] 
📍 Scanning Town: Darien, CT (Progress: 32/1000)
[2026-09-16 06:41:58]    Found 0 new candidates in Darien.
[2026-09-16 06:41:58] 
📍 Scanning Town: Norwalk, CT (Progress: 32/1000)
[2026-09-16 06:42:23]    Found 0 new candidates in Norwalk.
[2026-09-16 06:42:23] 
📍 Scanning Town: Bloomfield, CT (Progress: 32/1000)
[2026-09-16 06:42:33]    Found 0 new candidates in Bloomfield.
[2026-09-16 06:42:33] 
📍 Scanning Town: Brookfield, CT (Progress: 32/1000)
[2026-09-16 06:42:45]    Found 0 new candidates in Brookfield.
[2026-09-16 06:42:45] 
📍 Scanning Town: Danbury, CT (Progress: 32/1000)
[2026-09-16 06:42:56]    Found 0 new candidates in Danbury.
[2026-09-16 06:42:56] 
📍 Scanning Town: Greenwich, CT (Progress: 32/1000)
[2026-09-16 06:43:19]    Found 0 new candidates in Greenwich.
[2026-09-16 06:43:19] 
📍 Scanning Town: Rocky Hill, CT (Progress: 32/1000)
[2026-09-16 06:43:31]    Found 0 new candidates in Rocky Hill.
[2026-09-16 06:43:31] 
📍 Scanning Town: Torrington, CT (Progress: 32/1000)
[2026-09-16 06:43:41]    Found 0 new candidates in Torrington.
[2026-09-16 06:43:41] 
📍 Scanning Town: Orange, CT (Progress: 32/1000)
[2026-09-16 06:43:53]    Found 0 new candidates in Orange.
[2026-09-16 06:43:53] 
📍 Scanning Town: Glastonbury, CT (Progress: 32/1000)
[2026-09-16 06:44:15]    Found 0 new candidates in Glastonbury.
[2026-09-16 06:44:15] 
📍 Scanning Town: Newington, CT (Progress: 32/1000)
[2026-09-16 06:44:26]    Found 0 new candidates in Newington.
[2026-09-16 06:44:26] 
📍 Scanning Town: Berlin, CT (Progress: 32/1000)
[2026-09-16 06:44:37]    Found 0 new candidates in Berlin.
[2026-09-16 06:44:37] 
📍 Scanning Town: Hamden, CT (Progress: 32/1000)
[2026-09-16 06:44:48]    Found 0 new candidates in Hamden.
[2026-09-16 06:44:48] 
📍 Scanning Town: West Haven, CT (Progress: 32/1000)
[2026-09-16 06:44:59]    Found 0 new candidates in West Haven.
[2026-09-16 06:44:59] 
📍 Scanning Town: Farmington, CT (Progress: 32/1000)
[2026-09-16 06:45:11]    Found 0 new candidates in Farmington.
[2026-09-16 06:45:11] 
📍 Scanning Town: Westport, CT (Progress: 32/1000)
[2026-09-16 06:45:21]    Found 0 new candidates in Westport.
[2026-09-16 06:45:21] 
📍 Scanning Town: New Fairfield, CT (Progress: 32/1000)
[2026-09-16 06:45:32]    Found 0 new candidates in New Fairfield.
[2026-09-16 06:45:32] 
📍 Scanning Town: Branford, CT (Progress: 32/1000)
[2026-09-16 06:45:43]    Found 0 new candidates in Branford.
[2026-09-16 06:45:43] 
📍 Scanning Town: Bridgeport, CT (Progress: 32/1000)
[2026-09-16 06:45:55]    Found 0 new candidates in Bridgeport.
[2026-09-16 06:45:55] 
📍 Scanning Town: Groton, CT (Progress: 32/1000)
[2026-09-16 06:46:06]    Found 0 new candidates in Groton.
[2026-09-16 06:46:06] 
📍 Scanning Town: Shelton, CT (Progress: 32/1000)
[2026-09-16 06:46:17]    Found 0 new candidates in Shelton.
[2026-09-16 06:46:17] 
📍 Scanning Town: Wethersfield, CT (Progress: 32/1000)
[2026-09-16 06:46:29]    Found 0 new candidates in Wethersfield.
[2026-09-16 06:46:29] 
📍 Scanning Town: West Hartford, CT (Progress: 32/1000)
[2026-09-16 06:46:41]    Found 0 new candidates in West Hartford.
[2026-09-16 06:46:41] 
📍 Scanning Town: Waterbury, CT (Progress: 32/1000)
[2026-09-16 06:47:05]    Found 0 new candidates in Waterbury.
[2026-09-16 06:47:05] 
📍 Scanning Town: Monroe, CT (Progress: 32/1000)
[2026-09-16 06:47:35]    Found 0 new candidates in Monroe.
[2026-09-16 06:47:35] 
📍 Scanning Town: Southington, CT (Progress: 32/1000)
[2026-09-16 06:47:45]    Found 0 new candidates in Southington.
[2026-09-16 06:47:45] 
📍 Scanning Town: Middletown, CT (Progress: 32/1000)
[2026-09-16 06:47:57]    Found 0 new candidates in Middletown.
[2026-09-16 06:47:57] 
📍 Scanning Town: Cromwell, CT (Progress: 32/1000)
[2026-09-16 06:48:08]    Found 0 new candidates in Cromwell.
[2026-09-16 06:48:08] 
📍 Scanning Town: Stratford, CT (Progress: 32/1000)
[2026-09-16 06:48:20]    Found 0 new candidates in Stratford.
[2026-09-16 06:48:20] 
📍 Scanning Town: Prospect, CT (Progress: 32/1000)
[2026-09-16 06:48:31]    Found 0 new candidates in Prospect.
[2026-09-16 06:48:31] 
📍 Scanning Town: Guilford, CT (Progress: 32/1000)
[2026-09-16 06:48:43]    Found 0 new candidates in Guilford.
[2026-09-16 06:48:43] 
📍 Scanning Town: Bethel, CT (Progress: 32/1000)
[2026-09-16 06:49:10]    Found 0 new candidates in Bethel.
[2026-09-16 06:49:10] 
📍 Scanning Town: Milford, CT (Progress: 32/1000)
[2026-09-16 06:49:34]    Found 0 new candidates in Milford.
[2026-09-16 06:49:34] 
📍 Scanning Town: Fairfield, CT (Progress: 32/1000)
[2026-09-16 06:49:58]    Found 0 new candidates in Fairfield.
[2026-09-16 06:49:58] 
📍 Scanning Town: Stamford, CT (Progress: 32/1000)
[2026-09-16 06:50:08]    Found 0 new candidates in Stamford.
[2026-09-16 06:50:08] 
📍 Scanning Town: Vernon, CT (Progress: 32/1000)
[2026-09-16 06:50:20]    Found 0 new candidates in Vernon.
[2026-09-16 06:50:20] 
📍 Scanning Town: Ridgefield, CT (Progress: 32/1000)
[2026-09-16 06:50:31]    Found 0 new candidates in Ridgefield.
[2026-09-16 06:50:31] 
📍 Scanning Town: Cheshire, CT (Progress: 32/1000)
[2026-09-16 06:50:43]    Found 0 new candidates in Cheshire.
[2026-09-16 06:50:43] 
📍 Scanning Town: Trumbull, CT (Progress: 32/1000)
[2026-09-16 06:50:55]    Found 0 new candidates in Trumbull.
[2026-09-16 06:50:55] 
📍 Scanning Town: Windsor, CT (Progress: 32/1000)
[2026-09-16 06:51:06]    Found 0 new candidates in Windsor.
[2026-09-16 06:51:06] 
📍 Scanning Town: Meriden, CT (Progress: 32/1000)
[2026-09-16 06:51:26]    Found 0 new candidates in Meriden.
[2026-09-16 06:51:26] 
📍 Scanning Town: Newtown, CT (Progress: 32/1000)
[2026-09-16 06:51:52]    Found 0 new candidates in Newtown.
[2026-09-16 06:51:52] 
📍 Scanning Town: Seymour, CT (Progress: 32/1000)
[2026-09-16 06:52:04]    Found 0 new candidates in Seymour.
[2026-09-16 06:52:04] 
📍 Scanning Town: South Windsor, CT (Progress: 32/1000)
[2026-09-16 06:52:14]    Found 0 new candidates in South Windsor.
[2026-09-16 06:52:14] 
📍 Scanning Town: Hartford, CT (Progress: 32/1000)
[2026-09-16 06:52:37]    Found 0 new candidates in Hartford.
[2026-09-16 06:52:37] 
📍 Scanning Town: Oxford, CT (Progress: 32/1000)
[2026-09-16 06:53:05]    Found 0 new candidates in Oxford.
[2026-09-16 06:53:05] 
📍 Scanning Town: Waterford, CT (Progress: 32/1000)
[2026-09-16 06:53:30]    Found 0 new candidates in Waterford.
[2026-09-16 06:53:30] 
📍 Scanning Town: East Hartford, CT (Progress: 32/1000)
[2026-09-16 06:53:40]    Found 0 new candidates in East Hartford.
[2026-09-16 06:53:40] 
📍 Scanning Town: Derby, CT (Progress: 32/1000)
[2026-09-16 06:54:03]    Found 0 new candidates in Derby.
[2026-09-16 06:54:03] 
📍 Scanning Town: Southbury, CT (Progress: 32/1000)
[2026-09-16 06:54:27]    Found 0 new candidates in Southbury.
[2026-09-16 06:54:27] 
📍 Scanning Town: Naugatuck, CT (Progress: 32/1000)
[2026-09-16 06:54:38]    Found 0 new candidates in Naugatuck.
[2026-09-16 06:54:38] 
📍 Scanning Town: Woodbury, CT (Progress: 32/1000)
[2026-09-16 06:55:00]    Found 0 new candidates in Woodbury.
[2026-09-16 06:55:00] 
📍 Scanning Town: Bristol, CT (Progress: 32/1000)
[2026-09-16 06:55:25]    Found 0 new candidates in Bristol.
[2026-09-16 06:55:25] 
📍 Scanning Town: Wilton, CT (Progress: 32/1000)
[2026-09-16 06:55:50]    Found 0 new candidates in Wilton.
[2026-09-16 06:55:50] 
📍 Scanning Town: Cromwell, CT (Progress: 32/1000)
[2026-09-16 06:56:02]    Found 0 new candidates in Cromwell.
[2026-09-16 06:56:02] 
📍 Scanning Town: Berlin, CT (Progress: 32/1000)
[2026-09-16 06:56:13]    Found 0 new candidates in Berlin.
[2026-09-16 06:56:13] 
📍 Scanning Town: Derby, CT (Progress: 32/1000)
[2026-09-16 06:56:24]    Found 0 new candidates in Derby.
[2026-09-16 06:56:24] 
📍 Scanning Town: Newtown, CT (Progress: 32/1000)
[2026-09-16 06:56:36]    Found 0 new candidates in Newtown.
[2026-09-16 06:56:36] 
📍 Scanning Town: Southington, CT (Progress: 32/1000)
[2026-09-16 06:56:47]    Found 0 new candidates in Southington.
[2026-09-16 06:56:47] 
📍 Scanning Town: Mansfield, CT (Progress: 32/1000)
[2026-09-16 06:56:58]    Found 0 new candidates in Mansfield.
[2026-09-16 06:56:58] 
📍 Scanning Town: Manchester, CT (Progress: 32/1000)
[2026-09-16 06:57:23]    Found 0 new candidates in Manchester.
[2026-09-16 06:57:23] 
📍 Scanning Town: South Windsor, CT (Progress: 32/1000)
[2026-09-16 06:57:48]    Found 0 new candidates in South Windsor.
[2026-09-16 06:57:48] 
📍 Scanning Town: Stamford, CT (Progress: 32/1000)
[2026-09-16 06:58:10]    Found 0 new candidates in Stamford.
[2026-09-16 06:58:10] 
📍 Scanning Town: Rocky Hill, CT (Progress: 32/1000)
[2026-09-16 06:58:37]    Found 0 new candidates in Rocky Hill.
[2026-09-16 06:58:37] 
📍 Scanning Town: Trumbull, CT (Progress: 32/1000)
[2026-09-16 06:58:48]    Found 0 new candidates in Trumbull.
[2026-09-16 06:58:48] 
📍 Scanning Town: Bristol, CT (Progress: 32/1000)
[2026-09-16 06:59:00]    Found 0 new candidates in Bristol.
[2026-09-16 06:59:00] 
📍 Scanning Town: Darien, CT (Progress: 32/1000)
[2026-09-16 06:59:23]    Found 0 new candidates in Darien.
[2026-09-16 06:59:23] 
📍 Scanning Town: Newington, CT (Progress: 32/1000)
[2026-09-16 06:59:47]    Found 0 new candidates in Newington.
[2026-09-16 06:59:47] 
📍 Scanning Town: Oxford, CT (Progress: 32/1000)
[2026-09-16 06:59:57]    Found 0 new candidates in Oxford.
[2026-09-16 06:59:57] 
📍 Scanning Town: Avon, CT (Progress: 32/1000)
[2026-09-16 07:00:08]    Found 0 new candidates in Avon.
[2026-09-16 07:00:08] 
📍 Scanning Town: Cheshire, CT (Progress: 32/1000)
[2026-09-16 07:00:34]    Found 0 new candidates in Cheshire.
[2026-09-16 07:00:34] 
📍 Scanning Town: Bethel, CT (Progress: 32/1000)
[2026-09-16 07:00:45]    Found 0 new candidates in Bethel.
[2026-09-16 07:00:45] 
📍 Scanning Town: Shelton, CT (Progress: 32/1000)
[2026-09-16 07:01:08]    Found 0 new candidates in Shelton.
[2026-09-16 07:01:08] 
📍 Scanning Town: Waterbury, CT (Progress: 32/1000)
[2026-09-16 07:01:19]    Found 0 new candidates in Waterbury.
[2026-09-16 07:01:19] 
📍 Scanning Town: Seymour, CT (Progress: 32/1000)
[2026-09-16 07:01:43]    Found 0 new candidates in Seymour.
[2026-09-16 07:01:43] 
📍 Scanning Town: Groton, CT (Progress: 32/1000)
[2026-09-16 07:01:55]    Found 0 new candidates in Groton.
[2026-09-16 07:01:55] 
📍 Scanning Town: Farmington, CT (Progress: 32/1000)
[2026-09-16 07:02:06]    Found 0 new candidates in Farmington.
[2026-09-16 07:02:06] 
📍 Scanning Town: Torrington, CT (Progress: 32/1000)
[2026-09-16 07:02:18]    Found 0 new candidates in Torrington.
[2026-09-16 07:02:18] 
📍 Scanning Town: Naugatuck, CT (Progress: 32/1000)
[2026-09-16 07:02:41]    Found 0 new candidates in Naugatuck.
[2026-09-16 07:02:41] 
📍 Scanning Town: Bridgeport, CT (Progress: 32/1000)
[2026-09-16 07:02:52]    Found 0 new candidates in Bridgeport.
[2026-09-16 07:02:52] 
📍 Scanning Town: Glastonbury, CT (Progress: 32/1000)
[2026-09-16 07:03:03]    Found 0 new candidates in Glastonbury.
[2026-09-16 07:03:03] 
📍 Scanning Town: Norwich, CT (Progress: 32/1000)
[2026-09-16 07:03:14]    Found 0 new candidates in Norwich.
[2026-09-16 07:03:14] 
📍 Scanning Town: Wethersfield, CT (Progress: 32/1000)
[2026-09-16 07:03:26]    Found 0 new candidates in Wethersfield.
[2026-09-16 07:03:26] 
📍 Scanning Town: Meriden, CT (Progress: 32/1000)
[2026-09-16 07:03:38]    Found 0 new candidates in Meriden.
[2026-09-16 07:03:38] 
📍 Scanning Town: Fairfield, CT (Progress: 32/1000)
[2026-09-16 07:03:49]    Found 0 new candidates in Fairfield.
[2026-09-16 07:03:49] 
📍 Scanning Town: New Fairfield, CT (Progress: 32/1000)
[2026-09-16 07:04:16]    Found 0 new candidates in New Fairfield.
[2026-09-16 07:04:16] 
📍 Scanning Town: Branford, CT (Progress: 32/1000)
[2026-09-16 07:04:38]    Found 0 new candidates in Branford.
[2026-09-16 07:04:38] 
📍 Scanning Town: Wilton, CT (Progress: 32/1000)
[2026-09-16 07:04:49]    Found 0 new candidates in Wilton.
[2026-09-16 07:04:49] 
📍 Scanning Town: Milford, CT (Progress: 32/1000)
[2026-09-16 07:05:00]    Found 0 new candidates in Milford.
[2026-09-16 07:05:00] 
📍 Scanning Town: Orange, CT (Progress: 32/1000)
[2026-09-16 07:05:29]    Found 0 new candidates in Orange.
[2026-09-16 07:05:29] 
📍 Scanning Town: Simsbury, CT (Progress: 32/1000)
[2026-09-16 07:05:41]    Found 0 new candidates in Simsbury.
[2026-09-16 07:05:41] 
📍 Scanning Town: Vernon, CT (Progress: 32/1000)
[2026-09-16 07:06:05]    Found 0 new candidates in Vernon.
[2026-09-16 07:06:05] 
📍 Scanning Town: Prospect, CT (Progress: 32/1000)
[2026-09-16 07:06:33]    Found 0 new candidates in Prospect.
[2026-09-16 07:06:33] 
📍 Scanning Town: Plainville, CT (Progress: 32/1000)
[2026-09-16 07:06:54]    Found 0 new candidates in Plainville.
[2026-09-16 07:06:54] 
📍 Scanning Town: Brookfield, CT (Progress: 32/1000)
[2026-09-16 07:07:16]    Found 0 new candidates in Brookfield.
[2026-09-16 07:07:16] 
📍 Scanning Town: Woodbury, CT (Progress: 32/1000)
[2026-09-16 07:07:27]    Found 0 new candidates in Woodbury.
[2026-09-16 07:07:27] 
📍 Scanning Town: Westport, CT (Progress: 32/1000)
[2026-09-16 07:07:54]    Found 0 new candidates in Westport.
[2026-09-16 07:07:54] 
📍 Scanning Town: New Haven, CT (Progress: 32/1000)
[2026-09-16 07:08:20]    Found 0 new candidates in New Haven.
[2026-09-16 07:08:20] 
📍 Scanning Town: Enfield, CT (Progress: 32/1000)
[2026-09-16 07:08:44]    Found 0 new candidates in Enfield.
[2026-09-16 07:08:44] 
📍 Scanning Town: East Hartford, CT (Progress: 32/1000)
[2026-09-16 07:08:56]    Found 0 new candidates in East Hartford.
[2026-09-16 07:08:56] 
📍 Scanning Town: Windsor, CT (Progress: 32/1000)
[2026-09-16 07:09:21]    Found 0 new candidates in Windsor.
[2026-09-16 07:09:21] 
📍 Scanning Town: Guilford, CT (Progress: 32/1000)
[2026-09-16 07:09:43]    Found 0 new candidates in Guilford.
[2026-09-16 07:09:43] 
📍 Scanning Town: Hartford, CT (Progress: 32/1000)
[2026-09-16 07:09:55]    Found 0 new candidates in Hartford.
[2026-09-16 07:09:55] 
📍 Scanning Town: West Hartford, CT (Progress: 32/1000)
[2026-09-16 07:10:17]    Found 0 new candidates in West Hartford.
[2026-09-16 07:10:17] 
📍 Scanning Town: North Haven, CT (Progress: 32/1000)
[2026-09-16 07:10:46]    Found 0 new candidates in North Haven.
[2026-09-16 07:10:46] 
📍 Scanning Town: West Haven, CT (Progress: 32/1000)
[2026-09-16 07:11:11]    Found 0 new candidates in West Haven.
[2026-09-16 07:11:11] 
📍 Scanning Town: Norwalk, CT (Progress: 32/1000)
[2026-09-16 07:11:22]    Found 0 new candidates in Norwalk.
[2026-09-16 07:11:22] 
📍 Scanning Town: Stratford, CT (Progress: 32/1000)
[2026-09-16 07:11:34]    Found 0 new candidates in Stratford.
[2026-09-16 07:11:34] 
📍 Scanning Town: Watertown, CT (Progress: 32/1000)
[2026-09-16 07:11:58]    Found 0 new candidates in Watertown.
[2026-09-16 07:11:58] 
📍 Scanning Town: Monroe, CT (Progress: 32/1000)
[2026-09-16 07:12:09]    Found 0 new candidates in Monroe.
[2026-09-16 07:12:09] 
📍 Scanning Town: Greenwich, CT (Progress: 32/1000)
[2026-09-16 07:12:21]    Found 0 new candidates in Greenwich.
[2026-09-16 07:12:21] 
📍 Scanning Town: Ridgefield, CT (Progress: 32/1000)
[2026-09-16 07:12:41]    Found 0 new candidates in Ridgefield.
[2026-09-16 07:12:41] 
📍 Scanning Town: Ansonia, CT (Progress: 32/1000)
[2026-09-16 07:12:53]    Found 0 new candidates in Ansonia.
[2026-09-16 07:12:53] 
📍 Scanning Town: Middletown, CT (Progress: 32/1000)
[2026-09-16 07:13:03]    Found 0 new candidates in Middletown.
[2026-09-16 07:13:03] 
📍 Scanning Town: Waterford, CT (Progress: 32/1000)
[2026-09-16 07:13:16]    Found 0 new candidates in Waterford.
[2026-09-16 07:13:16] 
📍 Scanning Town: Hamden, CT (Progress: 32/1000)
[2026-09-16 07:13:37]    Found 0 new candidates in Hamden.
[2026-09-16 07:13:37] 
📍 Scanning Town: Southbury, CT (Progress: 32/1000)
[2026-09-16 07:13:50]    Found 0 new candidates in Southbury.
[2026-09-16 07:13:50] 
📍 Scanning Town: Bloomfield, CT (Progress: 32/1000)
[2026-09-16 07:14:13]    Found 0 new candidates in Bloomfield.
[2026-09-16 07:14:13] 
📍 Scanning Town: Danbury, CT (Progress: 32/1000)
[2026-09-16 07:14:38]    Found 0 new candidates in Danbury.
[2026-09-16 07:14:38] 
📍 Scanning Town: Prospect, CT (Progress: 32/1000)
[2026-09-16 07:14:49]    Found 0 new candidates in Prospect.
[2026-09-16 07:14:49] 
📍 Scanning Town: Bethel, CT (Progress: 32/1000)
[2026-09-16 07:15:00]    Found 0 new candidates in Bethel.
[2026-09-16 07:15:00] 
📍 Scanning Town: Southbury, CT (Progress: 32/1000)
[2026-09-16 07:15:11]    Found 0 new candidates in Southbury.
[2026-09-16 07:15:11] 
📍 Scanning Town: Ansonia, CT (Progress: 32/1000)
[2026-09-16 07:15:22]    Found 0 new candidates in Ansonia.
[2026-09-16 07:15:22] 
📍 Scanning Town: Orange, CT (Progress: 32/1000)
[2026-09-16 07:15:33]    Found 0 new candidates in Orange.
[2026-09-16 07:15:33] 
📍 Scanning Town: Newtown, CT (Progress: 32/1000)
[2026-09-16 07:15:44]    Found 0 new candidates in Newtown.
[2026-09-16 07:15:44] 
📍 Scanning Town: Norwich, CT (Progress: 32/1000)
[2026-09-16 07:16:09]    Found 0 new candidates in Norwich.
[2026-09-16 07:16:09] 
📍 Scanning Town: Bristol, CT (Progress: 32/1000)
[2026-09-16 07:16:21]    Found 0 new candidates in Bristol.
[2026-09-16 07:16:21] 
📍 Scanning Town: Wethersfield, CT (Progress: 32/1000)
[2026-09-16 07:16:33]    Found 0 new candidates in Wethersfield.
[2026-09-16 07:16:33] 
📍 Scanning Town: Danbury, CT (Progress: 32/1000)
[2026-09-16 07:16:44]    Found 0 new candidates in Danbury.
[2026-09-16 07:16:44] 
📍 Scanning Town: Torrington, CT (Progress: 32/1000)
[2026-09-16 07:17:06]    Found 0 new candidates in Torrington.
[2026-09-16 07:17:06] 
📍 Scanning Town: Bloomfield, CT (Progress: 32/1000)
[2026-09-16 07:17:17]    Found 0 new candidates in Bloomfield.
[2026-09-16 07:17:17] 
📍 Scanning Town: Greenwich, CT (Progress: 32/1000)
[2026-09-16 07:17:28]    Found 0 new candidates in Greenwich.
[2026-09-16 07:17:28] 
📍 Scanning Town: Simsbury, CT (Progress: 32/1000)
[2026-09-16 07:17:50]    Found 0 new candidates in Simsbury.
[2026-09-16 07:17:50] 
📍 Scanning Town: Darien, CT (Progress: 32/1000)
[2026-09-16 07:18:01]    Found 0 new candidates in Darien.
[2026-09-16 07:18:01] 
📍 Scanning Town: Hartford, CT (Progress: 32/1000)
[2026-09-16 07:18:12]    Found 0 new candidates in Hartford.
[2026-09-16 07:18:12] 
📍 Scanning Town: Groton, CT (Progress: 32/1000)
[2026-09-16 07:18:33]    Found 0 new candidates in Groton.
[2026-09-16 07:18:33] 
📍 Scanning Town: Waterbury, CT (Progress: 32/1000)
[2026-09-16 07:18:45]    Found 0 new candidates in Waterbury.
[2026-09-16 07:18:45] 
📍 Scanning Town: North Haven, CT (Progress: 32/1000)
[2026-09-16 07:18:56]    Found 0 new candidates in North Haven.
[2026-09-16 07:18:56] 
📍 Scanning Town: Fairfield, CT (Progress: 32/1000)
[2026-09-16 07:19:07]    Found 0 new candidates in Fairfield.
[2026-09-16 07:19:07] 
📍 Scanning Town: Monroe, CT (Progress: 32/1000)
[2026-09-16 07:19:17]    Found 0 new candidates in Monroe.
[2026-09-16 07:19:17] 
📍 Scanning Town: Derby, CT (Progress: 32/1000)
[2026-09-16 07:19:28]    Found 0 new candidates in Derby.
[2026-09-16 07:19:28] 
📍 Scanning Town: Farmington, CT (Progress: 32/1000)
[2026-09-16 07:19:54]    Found 0 new candidates in Farmington.
[2026-09-16 07:19:54] 
📍 Scanning Town: Rocky Hill, CT (Progress: 32/1000)
[2026-09-16 07:20:05]    Found 0 new candidates in Rocky Hill.
[2026-09-16 07:20:05] 
📍 Scanning Town: Milford, CT (Progress: 32/1000)
[2026-09-16 07:20:17]    Found 0 new candidates in Milford.
[2026-09-16 07:20:17] 
📍 Scanning Town: South Windsor, CT (Progress: 32/1000)
[2026-09-16 07:20:29]    Found 0 new candidates in South Windsor.
[2026-09-16 07:20:29] 
📍 Scanning Town: Waterford, CT (Progress: 32/1000)
[2026-09-16 07:20:40]    Found 0 new candidates in Waterford.
[2026-09-16 07:20:40] 
📍 Scanning Town: Guilford, CT (Progress: 32/1000)
[2026-09-16 07:20:52]    Found 0 new candidates in Guilford.
[2026-09-16 07:20:52] 
📍 Scanning Town: Plainville, CT (Progress: 32/1000)
[2026-09-16 07:21:03]    Found 0 new candidates in Plainville.
[2026-09-16 07:21:03] 
📍 Scanning Town: Trumbull, CT (Progress: 32/1000)
[2026-09-16 07:21:14]    Found 0 new candidates in Trumbull.
[2026-09-16 07:21:14] 
📍 Scanning Town: Newington, CT (Progress: 32/1000)
[2026-09-16 07:21:25]    Found 0 new candidates in Newington.
[2026-09-16 07:21:25] 
📍 Scanning Town: Brookfield, CT (Progress: 32/1000)
[2026-09-16 07:21:37]    Found 0 new candidates in Brookfield.
[2026-09-16 07:21:37] 
📍 Scanning Town: Hamden, CT (Progress: 32/1000)
[2026-09-16 07:21:47]    Found 0 new candidates in Hamden.
[2026-09-16 07:21:47] 
📍 Scanning Town: Shelton, CT (Progress: 32/1000)
[2026-09-16 07:21:59]    Found 0 new candidates in Shelton.
[2026-09-16 07:21:59] 
📍 Scanning Town: Avon, CT (Progress: 32/1000)
[2026-09-16 07:22:26]    Found 0 new candidates in Avon.
[2026-09-16 07:22:26] 
📍 Scanning Town: Naugatuck, CT (Progress: 32/1000)
[2026-09-16 07:22:38]    Found 0 new candidates in Naugatuck.
[2026-09-16 07:22:38] 
📍 Scanning Town: Watertown, CT (Progress: 32/1000)
[2026-09-16 07:22:49]    Found 0 new candidates in Watertown.
[2026-09-16 07:22:49] 
📍 Scanning Town: Stamford, CT (Progress: 32/1000)
[2026-09-16 07:23:00]    Found 0 new candidates in Stamford.
[2026-09-16 07:23:00] 
📍 Scanning Town: Cromwell, CT (Progress: 32/1000)
[2026-09-16 07:23:26]    Found 0 new candidates in Cromwell.
[2026-09-16 07:23:26] 
📍 Scanning Town: Vernon, CT (Progress: 32/1000)
[2026-09-16 07:23:37]    Found 0 new candidates in Vernon.
[2026-09-16 07:23:37] 
📍 Scanning Town: Berlin, CT (Progress: 32/1000)
[2026-09-16 07:24:01]    Found 0 new candidates in Berlin.
[2026-09-16 07:24:01] 
📍 Scanning Town: West Hartford, CT (Progress: 32/1000)
[2026-09-16 07:24:13]    Found 0 new candidates in West Hartford.
[2026-09-16 07:24:13] 
📍 Scanning Town: New Haven, CT (Progress: 32/1000)
[2026-09-16 07:24:23]    Found 0 new candidates in New Haven.
[2026-09-16 07:24:23] 
📍 Scanning Town: New Fairfield, CT (Progress: 32/1000)
[2026-09-16 07:24:35]    Found 0 new candidates in New Fairfield.
[2026-09-16 07:24:35] 
📍 Scanning Town: Branford, CT (Progress: 32/1000)
[2026-09-16 07:24:46]    Found 0 new candidates in Branford.
[2026-09-16 07:24:46] 
📍 Scanning Town: Glastonbury, CT (Progress: 32/1000)
[2026-09-16 07:24:57]    Found 0 new candidates in Glastonbury.
[2026-09-16 07:24:57] 
📍 Scanning Town: Seymour, CT (Progress: 32/1000)
[2026-09-16 07:25:08]    Found 0 new candidates in Seymour.
[2026-09-16 07:25:08] 
📍 Scanning Town: Middletown, CT (Progress: 32/1000)
[2026-09-16 07:25:20]    Found 0 new candidates in Middletown.
[2026-09-16 07:25:20] 
📍 Scanning Town: Westport, CT (Progress: 32/1000)
[2026-09-16 07:25:30]    Found 0 new candidates in Westport.
[2026-09-16 07:25:30] 
📍 Scanning Town: Norwalk, CT (Progress: 32/1000)
[2026-09-16 07:25:42]    Found 0 new candidates in Norwalk.
[2026-09-16 07:25:42] 
📍 Scanning Town: Meriden, CT (Progress: 32/1000)
[2026-09-16 07:25:53]    Found 0 new candidates in Meriden.
[2026-09-16 07:25:53] 
📍 Scanning Town: Southington, CT (Progress: 32/1000)
[2026-09-16 07:26:16]    Found 0 new candidates in Southington.
[2026-09-16 07:26:16] 
📍 Scanning Town: Manchester, CT (Progress: 32/1000)
[2026-09-16 07:26:27]    Found 0 new candidates in Manchester.
[2026-09-16 07:26:27] 
📍 Scanning Town: Woodbury, CT (Progress: 32/1000)
[2026-09-16 07:26:39]    Found 0 new candidates in Woodbury.
[2026-09-16 07:26:39] 
📍 Scanning Town: Windsor, CT (Progress: 32/1000)
[2026-09-16 07:26:50]    Found 0 new candidates in Windsor.
[2026-09-16 07:26:50] 
📍 Scanning Town: Wilton, CT (Progress: 32/1000)
[2026-09-16 07:27:02]    Found 0 new candidates in Wilton.
[2026-09-16 07:27:02] 
📍 Scanning Town: Mansfield, CT (Progress: 32/1000)
[2026-09-16 07:27:13]    Found 0 new candidates in Mansfield.
[2026-09-16 07:27:13] 
📍 Scanning Town: Oxford, CT (Progress: 32/1000)
[2026-09-16 07:27:25]    Found 0 new candidates in Oxford.
[2026-09-16 07:27:25] 
📍 Scanning Town: West Haven, CT (Progress: 32/1000)
[2026-09-16 07:27:37]    Found 0 new candidates in West Haven.
[2026-09-16 07:27:37] 
📍 Scanning Town: Ridgefield, CT (Progress: 32/1000)
[2026-09-16 07:27:48]    Found 0 new candidates in Ridgefield.
[2026-09-16 07:27:48] 
📍 Scanning Town: Enfield, CT (Progress: 32/1000)
[2026-09-16 07:27:59]    Found 0 new candidates in Enfield.
[2026-09-16 07:27:59] 
📍 Scanning Town: East Hartford, CT (Progress: 32/1000)
[2026-09-16 07:28:24]    Found 0 new candidates in East Hartford.
[2026-09-16 07:28:24] 
📍 Scanning Town: Stratford, CT (Progress: 32/1000)
[2026-09-16 07:28:35]    Found 0 new candidates in Stratford.
[2026-09-16 07:28:35] 
📍 Scanning Town: Cheshire, CT (Progress: 32/1000)
[2026-09-16 07:28:47]    Found 0 new candidates in Cheshire.
[2026-09-16 07:28:47] 
📍 Scanning Town: Bridgeport, CT (Progress: 32/1000)
[2026-09-16 07:29:14]    Found 0 new candidates in Bridgeport.
[2026-09-16 07:29:14] 
📍 Scanning Town: Westport, CT (Progress: 32/1000)
[2026-09-16 07:29:25]    Found 0 new candidates in Westport.
[2026-09-16 07:29:25] 
📍 Scanning Town: Enfield, CT (Progress: 32/1000)
[2026-09-16 07:29:36]    Found 0 new candidates in Enfield.
[2026-09-16 07:29:36] 
📍 Scanning Town: Windsor, CT (Progress: 32/1000)
[2026-09-16 07:29:46]    Found 0 new candidates in Windsor.
[2026-09-16 07:29:46] 
📍 Scanning Town: Fairfield, CT (Progress: 32/1000)
[2026-09-16 07:29:58]    Found 0 new candidates in Fairfield.
[2026-09-16 07:29:58] 
📍 Scanning Town: Oxford, CT (Progress: 32/1000)
[2026-09-16 07:30:09]    Found 0 new candidates in Oxford.
[2026-09-16 07:30:09] 
📍 Scanning Town: Naugatuck, CT (Progress: 32/1000)
[2026-09-16 07:30:20]    Found 0 new candidates in Naugatuck.
[2026-09-16 07:30:20] 
📍 Scanning Town: Plainville, CT (Progress: 32/1000)
[2026-09-16 07:30:32]    Found 0 new candidates in Plainville.
[2026-09-16 07:30:32] 
📍 Scanning Town: West Haven, CT (Progress: 32/1000)
[2026-09-16 07:30:43]    Found 0 new candidates in West Haven.
[2026-09-16 07:30:43] 
📍 Scanning Town: Manchester, CT (Progress: 32/1000)
[2026-09-16 07:30:55]    Found 0 new candidates in Manchester.
[2026-09-16 07:30:55] 
📍 Scanning Town: Shelton, CT (Progress: 32/1000)
[2026-09-16 07:31:06]    Found 0 new candidates in Shelton.
[2026-09-16 07:31:06] 
📍 Scanning Town: Newington, CT (Progress: 32/1000)
[2026-09-16 07:31:17]    Found 0 new candidates in Newington.
[2026-09-16 07:31:17] 
📍 Scanning Town: North Haven, CT (Progress: 32/1000)
[2026-09-16 07:31:28]    Found 0 new candidates in North Haven.
[2026-09-16 07:31:28] 
📍 Scanning Town: New Fairfield, CT (Progress: 32/1000)
[2026-09-16 07:31:40]    Found 0 new candidates in New Fairfield.
[2026-09-16 07:31:40] 
📍 Scanning Town: Hartford, CT (Progress: 32/1000)
[2026-09-16 07:31:51]    Found 0 new candidates in Hartford.
[2026-09-16 07:31:51] 
📍 Scanning Town: Cheshire, CT (Progress: 32/1000)
[2026-09-16 07:32:02]    Found 0 new candidates in Cheshire.
[2026-09-16 07:32:02] 
📍 Scanning Town: Watertown, CT (Progress: 32/1000)
[2026-09-16 07:32:14]    Found 0 new candidates in Watertown.
[2026-09-16 07:32:14] 
📍 Scanning Town: Newtown, CT (Progress: 32/1000)
[2026-09-16 07:32:26]    Found 0 new candidates in Newtown.
[2026-09-16 07:32:26] 
📍 Scanning Town: Greenwich, CT (Progress: 32/1000)
[2026-09-16 07:32:38]    Found 0 new candidates in Greenwich.
[2026-09-16 07:32:38] 
📍 Scanning Town: Guilford, CT (Progress: 32/1000)
[2026-09-16 07:32:49]    Found 0 new candidates in Guilford.
[2026-09-16 07:32:49] 
📍 Scanning Town: South Windsor, CT (Progress: 32/1000)
[2026-09-16 07:33:00]    Found 0 new candidates in South Windsor.
[2026-09-16 07:33:00] 
📍 Scanning Town: Monroe, CT (Progress: 32/1000)
[2026-09-16 07:33:11]    Found 0 new candidates in Monroe.
[2026-09-16 07:33:11] 
📍 Scanning Town: Derby, CT (Progress: 32/1000)
[2026-09-16 07:33:23]    Found 0 new candidates in Derby.
[2026-09-16 07:33:23] 
📍 Scanning Town: Simsbury, CT (Progress: 32/1000)
[2026-09-16 07:33:34]    Found 0 new candidates in Simsbury.
[2026-09-16 07:33:34] 
📍 Scanning Town: Norwalk, CT (Progress: 32/1000)
[2026-09-16 07:33:45]    Found 0 new candidates in Norwalk.
[2026-09-16 07:33:45] 
📍 Scanning Town: Danbury, CT (Progress: 32/1000)
[2026-09-16 07:33:57]    Found 0 new candidates in Danbury.
[2026-09-16 07:33:57] 
📍 Scanning Town: Ansonia, CT (Progress: 32/1000)
[2026-09-16 07:34:08]    Found 0 new candidates in Ansonia.
[2026-09-16 07:34:08] 
📍 Scanning Town: Hamden, CT (Progress: 32/1000)
[2026-09-16 07:34:20]    Found 0 new candidates in Hamden.
[2026-09-16 07:34:20] 
📍 Scanning Town: Avon, CT (Progress: 32/1000)
[2026-09-16 07:34:31]    Found 0 new candidates in Avon.
[2026-09-16 07:34:31] 
📍 Scanning Town: Bethel, CT (Progress: 32/1000)
[2026-09-16 07:34:43]    Found 0 new candidates in Bethel.
[2026-09-16 07:34:43] 
📍 Scanning Town: Cromwell, CT (Progress: 32/1000)
[2026-09-16 07:34:54]    Found 0 new candidates in Cromwell.
[2026-09-16 07:34:54] 
📍 Scanning Town: Orange, CT (Progress: 32/1000)
[2026-09-16 07:35:04]    Found 0 new candidates in Orange.
[2026-09-16 07:35:04] 
📍 Scanning Town: Stamford, CT (Progress: 32/1000)
[2026-09-16 07:35:15]    Found 0 new candidates in Stamford.
[2026-09-16 07:35:15] 
📍 Scanning Town: Torrington, CT (Progress: 32/1000)
[2026-09-16 07:35:26]    Found 0 new candidates in Torrington.
[2026-09-16 07:35:26] 
📍 Scanning Town: Southington, CT (Progress: 32/1000)
[2026-09-16 07:35:38]    Found 0 new candidates in Southington.
[2026-09-16 07:35:38] 
📍 Scanning Town: Trumbull, CT (Progress: 32/1000)
[2026-09-16 07:36:01]    Found 0 new candidates in Trumbull.
[2026-09-16 07:36:01] 
📍 Scanning Town: Waterbury, CT (Progress: 32/1000)
[2026-09-16 07:36:12]    Found 0 new candidates in Waterbury.
[2026-09-16 07:36:12] 
📍 Scanning Town: Glastonbury, CT (Progress: 32/1000)
[2026-09-16 07:36:24]    Found 0 new candidates in Glastonbury.
[2026-09-16 07:36:24] 
📍 Scanning Town: East Hartford, CT (Progress: 32/1000)
[2026-09-16 07:36:35]    Found 0 new candidates in East Hartford.
[2026-09-16 07:36:35] 
📍 Scanning Town: Seymour, CT (Progress: 32/1000)
[2026-09-16 07:36:46]    Found 0 new candidates in Seymour.
[2026-09-16 07:36:46] 
📍 Scanning Town: Southbury, CT (Progress: 32/1000)
[2026-09-16 07:36:57]    Found 0 new candidates in Southbury.
[2026-09-16 07:36:57] 
📍 Scanning Town: West Hartford, CT (Progress: 32/1000)
[2026-09-16 07:37:08]    Found 0 new candidates in West Hartford.
[2026-09-16 07:37:08] 
📍 Scanning Town: Milford, CT (Progress: 32/1000)
[2026-09-16 07:37:19]    Found 0 new candidates in Milford.
[2026-09-16 07:37:19] 
📍 Scanning Town: Wilton, CT (Progress: 32/1000)
[2026-09-16 07:37:31]    Found 0 new candidates in Wilton.
[2026-09-16 07:37:31] 
📍 Scanning Town: New Haven, CT (Progress: 32/1000)
[2026-09-16 07:37:41]    Found 0 new candidates in New Haven.
[2026-09-16 07:37:41] 
📍 Scanning Town: Norwich, CT (Progress: 32/1000)
[2026-09-16 07:37:52]    Found 0 new candidates in Norwich.
[2026-09-16 07:37:52] 
📍 Scanning Town: Bristol, CT (Progress: 32/1000)
[2026-09-16 07:38:03]    Found 0 new candidates in Bristol.
[2026-09-16 07:38:03] 
📍 Scanning Town: Groton, CT (Progress: 32/1000)
[2026-09-16 07:38:16]    Found 0 new candidates in Groton.
[2026-09-16 07:38:16] 
📍 Scanning Town: Bridgeport, CT (Progress: 32/1000)
[2026-09-16 07:38:27]    Found 0 new candidates in Bridgeport.
[2026-09-16 07:38:27] 
📍 Scanning Town: Wethersfield, CT (Progress: 32/1000)
[2026-09-16 07:38:49]    Found 0 new candidates in Wethersfield.
[2026-09-16 07:38:49] 
📍 Scanning Town: Waterford, CT (Progress: 32/1000)
[2026-09-16 07:39:01]    Found 0 new candidates in Waterford.
[2026-09-16 07:39:01] 
📍 Scanning Town: Rocky Hill, CT (Progress: 32/1000)
[2026-09-16 07:39:12]    Found 0 new candidates in Rocky Hill.
[2026-09-16 07:39:12] 
📍 Scanning Town: Stratford, CT (Progress: 32/1000)
[2026-09-16 07:39:37]    Found 0 new candidates in Stratford.
[2026-09-16 07:39:37] 
📍 Scanning Town: Middletown, CT (Progress: 32/1000)
[2026-09-16 07:39:46]    Found 0 new candidates in Middletown.
[2026-09-16 07:39:46] 
📍 Scanning Town: Mansfield, CT (Progress: 32/1000)
[2026-09-16 07:39:56]    Found 0 new candidates in Mansfield.
[2026-09-16 07:39:56] 
📍 Scanning Town: Vernon, CT (Progress: 32/1000)
[2026-09-16 07:40:05]    Found 0 new candidates in Vernon.
[2026-09-16 07:40:05] 
📍 Scanning Town: Brookfield, CT (Progress: 32/1000)
[2026-09-16 07:40:15]    Found 0 new candidates in Brookfield.
[2026-09-16 07:40:15] 
📍 Scanning Town: Meriden, CT (Progress: 32/1000)
[2026-09-16 07:40:23]    Found 0 new candidates in Meriden.
[2026-09-16 07:40:23] 
📍 Scanning Town: Berlin, CT (Progress: 32/1000)
[2026-09-16 07:40:33]    Found 0 new candidates in Berlin.
[2026-09-16 07:40:33] 
📍 Scanning Town: Ridgefield, CT (Progress: 32/1000)
[2026-09-16 07:40:43]    Found 0 new candidates in Ridgefield.
[2026-09-16 07:40:43] 
📍 Scanning Town: Darien, CT (Progress: 32/1000)
[2026-09-16 07:40:52]    Found 0 new candidates in Darien.
[2026-09-16 07:40:52] 
📍 Scanning Town: Woodbury, CT (Progress: 32/1000)
[2026-09-16 07:41:02]    Found 0 new candidates in Woodbury.
[2026-09-16 07:41:02] 
📍 Scanning Town: Farmington, CT (Progress: 32/1000)
[2026-09-16 07:41:11]    Found 0 new candidates in Farmington.
[2026-09-16 07:41:11] 
📍 Scanning Town: Bloomfield, CT (Progress: 32/1000)
[2026-09-16 07:41:20]    Found 0 new candidates in Bloomfield.
[2026-09-16 07:41:20] 
📍 Scanning Town: Prospect, CT (Progress: 32/1000)
[2026-09-16 07:41:30]    Found 0 new candidates in Prospect.
[2026-09-16 07:41:30] 
📍 Scanning Town: Branford, CT (Progress: 32/1000)
[2026-09-16 07:41:40]    Found 0 new candidates in Branford.
[2026-09-16 07:41:40] 
📍 Scanning Town: North Haven, CT (Progress: 32/1000)
[2026-09-16 07:41:50]    Found 0 new candidates in North Haven.
[2026-09-16 07:41:50] 
📍 Scanning Town: Wilton, CT (Progress: 32/1000)
[2026-09-16 07:42:00]    Found 0 new candidates in Wilton.
[2026-09-16 07:42:00] 
📍 Scanning Town: Waterbury, CT (Progress: 32/1000)
[2026-09-16 07:42:09]    Found 0 new candidates in Waterbury.
[2026-09-16 07:42:09] 
📍 Scanning Town: Westport, CT (Progress: 32/1000)
[2026-09-16 07:42:18]    Found 0 new candidates in Westport.
[2026-09-16 07:42:18] 
📍 Scanning Town: New Haven, CT (Progress: 32/1000)
[2026-09-16 07:42:27]    Found 0 new candidates in New Haven.
[2026-09-16 07:42:27] 
📍 Scanning Town: Groton, CT (Progress: 32/1000)
[2026-09-16 07:42:37]    Found 0 new candidates in Groton.
[2026-09-16 07:42:37] 
📍 Scanning Town: Newtown, CT (Progress: 32/1000)
[2026-09-16 07:42:46]    Found 0 new candidates in Newtown.
[2026-09-16 07:42:46] 
📍 Scanning Town: Meriden, CT (Progress: 32/1000)
[2026-09-16 07:42:56]    Found 0 new candidates in Meriden.
[2026-09-16 07:42:56] 
📍 Scanning Town: Stamford, CT (Progress: 32/1000)
[2026-09-16 07:43:05]    Found 0 new candidates in Stamford.
[2026-09-16 07:43:05] 
📍 Scanning Town: Plainville, CT (Progress: 32/1000)
[2026-09-16 07:43:13]    Found 0 new candidates in Plainville.
[2026-09-16 07:43:13] 
📍 Scanning Town: Norwalk, CT (Progress: 32/1000)
[2026-09-16 07:43:23]    Found 0 new candidates in Norwalk.
[2026-09-16 07:43:23] 
📍 Scanning Town: Greenwich, CT (Progress: 32/1000)
[2026-09-16 07:43:32]    Found 0 new candidates in Greenwich.
[2026-09-16 07:43:32] 
📍 Scanning Town: Hamden, CT (Progress: 32/1000)
[2026-09-16 07:43:43]    Found 0 new candidates in Hamden.
[2026-09-16 07:43:43] 
📍 Scanning Town: Avon, CT (Progress: 32/1000)
[2026-09-16 07:43:52]    Found 0 new candidates in Avon.
[2026-09-16 07:43:52] 
📍 Scanning Town: Enfield, CT (Progress: 32/1000)
[2026-09-16 07:44:01]    Found 0 new candidates in Enfield.
[2026-09-16 07:44:01] 
📍 Scanning Town: Southbury, CT (Progress: 32/1000)
[2026-09-16 07:44:10]    Found 0 new candidates in Southbury.
[2026-09-16 07:44:10] 
📍 Scanning Town: Bloomfield, CT (Progress: 32/1000)
[2026-09-16 07:44:20]    Found 0 new candidates in Bloomfield.
[2026-09-16 07:44:20] 
📍 Scanning Town: New Fairfield, CT (Progress: 32/1000)
[2026-09-16 07:44:30]    Found 0 new candidates in New Fairfield.
[2026-09-16 07:44:30] 
📍 Scanning Town: Southington, CT (Progress: 32/1000)
[2026-09-16 07:44:39]    Found 0 new candidates in Southington.
[2026-09-16 07:44:39] 
📍 Scanning Town: Wethersfield, CT (Progress: 32/1000)
[2026-09-16 07:44:48]    Found 0 new candidates in Wethersfield.
[2026-09-16 07:44:48] 
📍 Scanning Town: Ridgefield, CT (Progress: 32/1000)
[2026-09-16 07:44:58]    Found 0 new candidates in Ridgefield.
[2026-09-16 07:44:58] 
📍 Scanning Town: Brookfield, CT (Progress: 32/1000)
[2026-09-16 07:45:07]    Found 0 new candidates in Brookfield.
[2026-09-16 07:45:07] 
📍 Scanning Town: Vernon, CT (Progress: 32/1000)
[2026-09-16 07:45:17]    Found 0 new candidates in Vernon.
[2026-09-16 07:45:17] 
📍 Scanning Town: Berlin, CT (Progress: 32/1000)
[2026-09-16 07:45:27]    Found 0 new candidates in Berlin.
[2026-09-16 07:45:27] 
📍 Scanning Town: Monroe, CT (Progress: 32/1000)
[2026-09-16 07:45:36]    Found 0 new candidates in Monroe.
[2026-09-16 07:45:36] 
📍 Scanning Town: Cheshire, CT (Progress: 32/1000)
[2026-09-16 07:45:45]    Found 0 new candidates in Cheshire.
[2026-09-16 07:45:45] 
📍 Scanning Town: Torrington, CT (Progress: 32/1000)
[2026-09-16 07:45:55]    Found 0 new candidates in Torrington.
[2026-09-16 07:45:55] 
📍 Scanning Town: Prospect, CT (Progress: 32/1000)
[2026-09-16 07:46:04]    Found 0 new candidates in Prospect.
[2026-09-16 07:46:04] 
📍 Scanning Town: Bristol, CT (Progress: 32/1000)
[2026-09-16 07:46:13]    Found 0 new candidates in Bristol.
[2026-09-16 07:46:13] 
📍 Scanning Town: Danbury, CT (Progress: 32/1000)
[2026-09-16 07:46:22]    Found 0 new candidates in Danbury.
[2026-09-16 07:46:22] 
📍 Scanning Town: Hartford, CT (Progress: 32/1000)
[2026-09-16 07:46:32]    Found 0 new candidates in Hartford.
[2026-09-16 07:46:32] 
📍 Scanning Town: Mansfield, CT (Progress: 32/1000)
[2026-09-16 07:46:42]    Found 0 new candidates in Mansfield.
[2026-09-16 07:46:42] 
📍 Scanning Town: South Windsor, CT (Progress: 32/1000)
[2026-09-16 07:46:52]    Found 0 new candidates in South Windsor.
[2026-09-16 07:46:52] 
📍 Scanning Town: Stratford, CT (Progress: 32/1000)
[2026-09-16 07:47:01]    Found 0 new candidates in Stratford.
[2026-09-16 07:47:01] 
📍 Scanning Town: Simsbury, CT (Progress: 32/1000)
[2026-09-16 07:47:11]    Found 0 new candidates in Simsbury.
[2026-09-16 07:47:11] 
📍 Scanning Town: Naugatuck, CT (Progress: 32/1000)
[2026-09-16 07:47:20]    Found 0 new candidates in Naugatuck.
[2026-09-16 07:47:20] 
📍 Scanning Town: Waterford, CT (Progress: 32/1000)
[2026-09-16 07:47:30]    Found 0 new candidates in Waterford.
[2026-09-16 07:47:30] 
📍 Scanning Town: Glastonbury, CT (Progress: 32/1000)
[2026-09-16 07:47:39]    Found 0 new candidates in Glastonbury.
[2026-09-16 07:47:39] 
📍 Scanning Town: Rocky Hill, CT (Progress: 32/1000)
[2026-09-16 07:47:48]    Found 0 new candidates in Rocky Hill.
[2026-09-16 07:47:48] 
📍 Scanning Town: Manchester, CT (Progress: 32/1000)
[2026-09-16 07:47:58]    Found 0 new candidates in Manchester.
[2026-09-16 07:47:58] 
📍 Scanning Town: Cromwell, CT (Progress: 32/1000)
[2026-09-16 07:48:07]    Found 0 new candidates in Cromwell.
[2026-09-16 07:48:07] 
📍 Scanning Town: West Haven, CT (Progress: 32/1000)
[2026-09-16 07:48:16]    Found 0 new candidates in West Haven.
[2026-09-16 07:48:16] 
📍 Scanning Town: West Hartford, CT (Progress: 32/1000)
[2026-09-16 07:48:26]    Found 0 new candidates in West Hartford.
[2026-09-16 07:48:26] 
📍 Scanning Town: Watertown, CT (Progress: 32/1000)
[2026-09-16 07:48:35]    Found 0 new candidates in Watertown.
[2026-09-16 07:48:35] 
📍 Scanning Town: Shelton, CT (Progress: 32/1000)
[2026-09-16 07:48:45]    Found 0 new candidates in Shelton.
[2026-09-16 07:48:45] 
📍 Scanning Town: Milford, CT (Progress: 32/1000)
[2026-09-16 07:48:54]    Found 0 new candidates in Milford.
[2026-09-16 07:48:54] 
📍 Scanning Town: Oxford, CT (Progress: 32/1000)
[2026-09-16 07:49:04]    Found 0 new candidates in Oxford.
[2026-09-16 07:49:04] 
📍 Scanning Town: Newington, CT (Progress: 32/1000)
[2026-09-16 07:49:14]    Found 0 new candidates in Newington.
[2026-09-16 07:49:14] 
📍 Scanning Town: Darien, CT (Progress: 32/1000)
[2026-09-16 07:49:23]    Found 0 new candidates in Darien.
[2026-09-16 07:49:23] 
📍 Scanning Town: Seymour, CT (Progress: 32/1000)
[2026-09-16 07:49:33]    Found 0 new candidates in Seymour.
[2026-09-16 07:49:33] 
📍 Scanning Town: Branford, CT (Progress: 32/1000)
[2026-09-16 07:49:42]    Found 0 new candidates in Branford.
[2026-09-16 07:49:42] 
📍 Scanning Town: East Hartford, CT (Progress: 32/1000)
[2026-09-16 07:49:51]    Found 0 new candidates in East Hartford.
[2026-09-16 07:49:51] 
📍 Scanning Town: Ansonia, CT (Progress: 32/1000)
[2026-09-16 07:50:01]    Found 0 new candidates in Ansonia.
[2026-09-16 07:50:01] 
📍 Scanning Town: Windsor, CT (Progress: 32/1000)
[2026-09-16 07:50:11]    Found 0 new candidates in Windsor.
[2026-09-16 07:50:11] 
📍 Scanning Town: Guilford, CT (Progress: 32/1000)
[2026-09-16 07:50:21]    Found 0 new candidates in Guilford.
[2026-09-16 07:50:21] 
📍 Scanning Town: Derby, CT (Progress: 32/1000)
[2026-09-16 07:50:30]    Found 0 new candidates in Derby.
[2026-09-16 07:50:30] 
📍 Scanning Town: Bethel, CT (Progress: 32/1000)
[2026-09-16 07:50:39]    Found 0 new candidates in Bethel.
[2026-09-16 07:50:39] 
📍 Scanning Town: Fairfield, CT (Progress: 32/1000)
[2026-09-16 07:50:48]    Found 0 new candidates in Fairfield.
[2026-09-16 07:50:48] 
📍 Scanning Town: Farmington, CT (Progress: 32/1000)
[2026-09-16 07:50:58]    Found 0 new candidates in Farmington.
[2026-09-16 07:50:58] 
📍 Scanning Town: Woodbury, CT (Progress: 32/1000)
[2026-09-16 07:51:08]    Found 0 new candidates in Woodbury.
[2026-09-16 07:51:08] 
📍 Scanning Town: Norwich, CT (Progress: 32/1000)
[2026-09-16 07:51:18]    Found 0 new candidates in Norwich.
[2026-09-16 07:51:18] 
📍 Scanning Town: Orange, CT (Progress: 32/1000)
[2026-09-16 07:51:28]    Found 0 new candidates in Orange.
[2026-09-16 07:51:28] 
📍 Scanning Town: Bridgeport, CT (Progress: 32/1000)
[2026-09-16 07:51:38]    Found 0 new candidates in Bridgeport.
[2026-09-16 07:51:38] 
📍 Scanning Town: Middletown, CT (Progress: 32/1000)
[2026-09-16 07:51:48]    Found 0 new candidates in Middletown.
[2026-09-16 07:51:48] 
📍 Scanning Town: Trumbull, CT (Progress: 32/1000)
[2026-09-16 07:51:58]    Found 0 new candidates in Trumbull.
[2026-09-16 07:51:58] 
📍 Scanning Town: Shelton, CT (Progress: 32/1000)
[2026-09-16 07:52:07]    Found 0 new candidates in Shelton.
[2026-09-16 07:52:07] 
📍 Scanning Town: Wethersfield, CT (Progress: 32/1000)
[2026-09-16 07:52:16]    Found 0 new candidates in Wethersfield.
[2026-09-16 07:52:16] 
📍 Scanning Town: Seymour, CT (Progress: 32/1000)
[2026-09-16 07:52:26]    Found 0 new candidates in Seymour.
[2026-09-16 07:52:26] 
📍 Scanning Town: Woodbury, CT (Progress: 32/1000)
[2026-09-16 07:52:36]    Found 0 new candidates in Woodbury.
[2026-09-16 07:52:36] 
📍 Scanning Town: Bristol, CT (Progress: 32/1000)
[2026-09-16 07:52:45]    Found 0 new candidates in Bristol.
[2026-09-16 07:52:45] 
📍 Scanning Town: Manchester, CT (Progress: 32/1000)
[2026-09-16 07:52:55]    Found 0 new candidates in Manchester.
[2026-09-16 07:52:55] 
📍 Scanning Town: Farmington, CT (Progress: 32/1000)
[2026-09-16 07:53:04]    Found 0 new candidates in Farmington.
[2026-09-16 07:53:04] 
📍 Scanning Town: Cheshire, CT (Progress: 32/1000)
[2026-09-16 07:53:13]    Found 0 new candidates in Cheshire.
[2026-09-16 07:53:13] 
📍 Scanning Town: South Windsor, CT (Progress: 32/1000)
[2026-09-16 07:53:23]    Found 0 new candidates in South Windsor.
[2026-09-16 07:53:23] 
📍 Scanning Town: Brookfield, CT (Progress: 32/1000)
[2026-09-16 07:53:33]    Found 0 new candidates in Brookfield.
[2026-09-16 07:53:33] 
📍 Scanning Town: Derby, CT (Progress: 32/1000)
[2026-09-16 07:53:42]    Found 0 new candidates in Derby.
[2026-09-16 07:53:42] 
📍 Scanning Town: Middletown, CT (Progress: 32/1000)
[2026-09-16 07:53:52]    Found 0 new candidates in Middletown.
[2026-09-16 07:53:52] 
📍 Scanning Town: Greenwich, CT (Progress: 32/1000)
[2026-09-16 07:54:02]    Found 0 new candidates in Greenwich.
[2026-09-16 07:54:02] 
📍 Scanning Town: Avon, CT (Progress: 32/1000)
[2026-09-16 07:54:12]    Found 0 new candidates in Avon.
[2026-09-16 07:54:12] 
📍 Scanning Town: Branford, CT (Progress: 32/1000)
[2026-09-16 07:54:23]    Found 0 new candidates in Branford.
[2026-09-16 07:54:23] 
📍 Scanning Town: Ansonia, CT (Progress: 32/1000)
[2026-09-16 07:54:32]    Found 0 new candidates in Ansonia.
[2026-09-16 07:54:32] 
📍 Scanning Town: Vernon, CT (Progress: 32/1000)
[2026-09-16 07:54:42]    Found 0 new candidates in Vernon.
[2026-09-16 07:54:42] 
📍 Scanning Town: Hartford, CT (Progress: 32/1000)
[2026-09-16 07:54:52]    Found 0 new candidates in Hartford.
[2026-09-16 07:54:52] 
📍 Scanning Town: Danbury, CT (Progress: 32/1000)
[2026-09-16 07:55:02]    Found 0 new candidates in Danbury.
[2026-09-16 07:55:02] 
📍 Scanning Town: Southington, CT (Progress: 32/1000)
[2026-09-16 07:55:11]    Found 0 new candidates in Southington.
[2026-09-16 07:55:11] 
📍 Scanning Town: Stamford, CT (Progress: 32/1000)
[2026-09-16 07:55:22]    Found 0 new candidates in Stamford.
[2026-09-16 07:55:22] 
📍 Scanning Town: Westport, CT (Progress: 32/1000)
[2026-09-16 07:55:32]    Found 0 new candidates in Westport.
[2026-09-16 07:55:32] 
📍 Scanning Town: Norwalk, CT (Progress: 32/1000)
[2026-09-16 07:55:42]    Found 0 new candidates in Norwalk.
[2026-09-16 07:55:42] 
📍 Scanning Town: Oxford, CT (Progress: 32/1000)
[2026-09-16 07:55:52]    Found 0 new candidates in Oxford.
[2026-09-16 07:55:52] 
📍 Scanning Town: Berlin, CT (Progress: 32/1000)
[2026-09-16 07:56:03]    Found 0 new candidates in Berlin.
[2026-09-16 07:56:03] 
📍 Scanning Town: Monroe, CT (Progress: 32/1000)
[2026-09-16 07:56:12]    Found 0 new candidates in Monroe.
[2026-09-16 07:56:12] 
📍 Scanning Town: Windsor, CT (Progress: 32/1000)
[2026-09-16 07:56:21]    Found 0 new candidates in Windsor.
[2026-09-16 07:56:21] 
📍 Scanning Town: Hamden, CT (Progress: 32/1000)
[2026-09-16 07:56:31]    Found 0 new candidates in Hamden.
[2026-09-16 07:56:31] 
📍 Scanning Town: New Haven, CT (Progress: 32/1000)
[2026-09-16 07:56:40]    Found 0 new candidates in New Haven.
[2026-09-16 07:56:40] 
📍 Scanning Town: Trumbull, CT (Progress: 32/1000)
[2026-09-16 07:56:50]    Found 0 new candidates in Trumbull.
[2026-09-16 07:56:50] 
📍 Scanning Town: Stratford, CT (Progress: 32/1000)
[2026-09-16 07:57:00]    Found 0 new candidates in Stratford.
[2026-09-16 07:57:00] 
📍 Scanning Town: Cromwell, CT (Progress: 32/1000)
[2026-09-16 07:57:10]    Found 0 new candidates in Cromwell.
[2026-09-16 07:57:10] 
📍 Scanning Town: Bethel, CT (Progress: 32/1000)
[2026-09-16 07:57:20]    Found 0 new candidates in Bethel.
[2026-09-16 07:57:20] 
📍 Scanning Town: Waterbury, CT (Progress: 32/1000)
[2026-09-16 07:57:30]    Found 0 new candidates in Waterbury.
[2026-09-16 07:57:30] 
📍 Scanning Town: Plainville, CT (Progress: 32/1000)
[2026-09-16 07:57:39]    Found 0 new candidates in Plainville.
[2026-09-16 07:57:39] 
📍 Scanning Town: Simsbury, CT (Progress: 32/1000)
[2026-09-16 07:57:49]    Found 0 new candidates in Simsbury.
[2026-09-16 07:57:49] 
📍 Scanning Town: North Haven, CT (Progress: 32/1000)
[2026-09-16 07:57:59]    Found 0 new candidates in North Haven.
[2026-09-16 07:57:59] 
📍 Scanning Town: Darien, CT (Progress: 32/1000)
[2026-09-16 07:58:09]    Found 0 new candidates in Darien.
[2026-09-16 07:58:09] 
📍 Scanning Town: Naugatuck, CT (Progress: 32/1000)
[2026-09-16 07:58:18]    Found 0 new candidates in Naugatuck.
[2026-09-16 07:58:18] 
📍 Scanning Town: Waterford, CT (Progress: 32/1000)
[2026-09-16 07:58:28]    Found 0 new candidates in Waterford.
[2026-09-16 07:58:28] 
📍 Scanning Town: Watertown, CT (Progress: 32/1000)
[2026-09-16 07:58:37]    Found 0 new candidates in Watertown.
[2026-09-16 07:58:37] 
📍 Scanning Town: Groton, CT (Progress: 32/1000)
[2026-09-16 07:58:47]    Found 0 new candidates in Groton.
[2026-09-16 07:58:47] 
📍 Scanning Town: Wilton, CT (Progress: 32/1000)
[2026-09-16 07:58:57]    Found 0 new candidates in Wilton.
[2026-09-16 07:58:57] 
📍 Scanning Town: Enfield, CT (Progress: 32/1000)
[2026-09-16 07:59:07]    Found 0 new candidates in Enfield.
[2026-09-16 07:59:07] 
📍 Scanning Town: Southbury, CT (Progress: 32/1000)
[2026-09-16 07:59:16]    Found 0 new candidates in Southbury.
[2026-09-16 07:59:16] 
📍 Scanning Town: Bloomfield, CT (Progress: 32/1000)
[2026-09-16 07:59:26]    Found 0 new candidates in Bloomfield.
[2026-09-16 07:59:26] 
📍 Scanning Town: Fairfield, CT (Progress: 32/1000)
[2026-09-16 07:59:36]    Found 0 new candidates in Fairfield.
[2026-09-16 07:59:36] 
📍 Scanning Town: Glastonbury, CT (Progress: 32/1000)
[2026-09-16 07:59:46]    Found 0 new candidates in Glastonbury.
[2026-09-16 07:59:46] 
📍 Scanning Town: Bridgeport, CT (Progress: 32/1000)
[2026-09-16 07:59:56]    Found 0 new candidates in Bridgeport.
[2026-09-16 07:59:56] 
📍 Scanning Town: Rocky Hill, CT (Progress: 32/1000)
[2026-09-16 08:00:05]    Found 0 new candidates in Rocky Hill.
[2026-09-16 08:00:05] 
📍 Scanning Town: Prospect, CT (Progress: 32/1000)
[2026-09-16 08:00:15]    Found 0 new candidates in Prospect.
[2026-09-16 08:00:15] 
📍 Scanning Town: East Hartford, CT (Progress: 32/1000)
[2026-09-16 08:00:24]    Found 0 new candidates in East Hartford.
[2026-09-16 08:00:24] 
📍 Scanning Town: West Haven, CT (Progress: 32/1000)
[2026-09-16 08:00:33]    Found 0 new candidates in West Haven.
[2026-09-16 08:00:33] 
📍 Scanning Town: Torrington, CT (Progress: 32/1000)
[2026-09-16 08:00:43]    Found 0 new candidates in Torrington.
[2026-09-16 08:00:43] 
📍 Scanning Town: Mansfield, CT (Progress: 32/1000)
[2026-09-16 08:01:03]    Found 0 new candidates in Mansfield.
[2026-09-16 08:01:03] 
📍 Scanning Town: Newtown, CT (Progress: 32/1000)
[2026-09-16 08:01:50]    Found 0 new candidates in Newtown.
[2026-09-16 08:01:50] 
📍 Scanning Town: Meriden, CT (Progress: 32/1000)
[2026-09-16 08:02:33]    Found 0 new candidates in Meriden.
[2026-09-16 08:02:33] 
📍 Scanning Town: Guilford, CT (Progress: 32/1000)
[2026-09-16 08:03:02]    Found 0 new candidates in Guilford.
[2026-09-16 08:03:02] 
📍 Scanning Town: Norwich, CT (Progress: 32/1000)
[2026-09-16 08:03:42]    Found 0 new candidates in Norwich.
[2026-09-16 08:03:42] 
📍 Scanning Town: Newington, CT (Progress: 32/1000)
[2026-09-16 08:04:39]    Found 0 new candidates in Newington.
[2026-09-16 08:04:39] 
📍 Scanning Town: Ridgefield, CT (Progress: 32/1000)
[2026-09-16 08:05:15]    Found 0 new candidates in Ridgefield.
[2026-09-16 08:05:15] 
📍 Scanning Town: Milford, CT (Progress: 32/1000)
[2026-09-16 08:05:45]    Found 0 new candidates in Milford.
[2026-09-16 08:05:45] 
📍 Scanning Town: West Hartford, CT (Progress: 32/1000)
[2026-09-16 08:06:25]    Found 0 new candidates in West Hartford.
[2026-09-16 08:06:25] 
📍 Scanning Town: Orange, CT (Progress: 32/1000)
[2026-09-16 08:07:04]    Found 0 new candidates in Orange.
[2026-09-16 08:07:04] 
📍 Scanning Town: New Fairfield, CT (Progress: 32/1000)
[2026-09-16 08:07:41]    Found 0 new candidates in New Fairfield.
[2026-09-16 08:07:41] 
📍 Scanning Town: Shelton, CT (Progress: 32/1000)
[2026-09-16 08:08:23]    Found 0 new candidates in Shelton.
[2026-09-16 08:08:23] 
📍 Scanning Town: North Haven, CT (Progress: 32/1000)
[2026-09-16 08:09:18]    Found 0 new candidates in North Haven.
[2026-09-16 08:09:18] 
📍 Scanning Town: Branford, CT (Progress: 32/1000)
[2026-09-16 08:09:44]    Found 0 new candidates in Branford.
[2026-09-16 08:09:44] 
📍 Scanning Town: Oxford, CT (Progress: 32/1000)
[2026-09-16 08:10:36]    Found 0 new candidates in Oxford.
[2026-09-16 08:10:36] 
📍 Scanning Town: Fairfield, CT (Progress: 32/1000)
[2026-09-16 08:11:23]    Found 0 new candidates in Fairfield.
[2026-09-16 08:11:23] 
📍 Scanning Town: Middletown, CT (Progress: 32/1000)
[2026-09-16 08:12:02]    Found 0 new candidates in Middletown.
[2026-09-16 08:12:02] 
📍 Scanning Town: Hartford, CT (Progress: 32/1000)
[2026-09-16 08:12:37]    Found 0 new candidates in Hartford.
[2026-09-16 08:12:37] 
📍 Scanning Town: Meriden, CT (Progress: 32/1000)
[2026-09-16 08:12:46]    Found 0 new candidates in Meriden.
[2026-09-16 08:12:46] 
📍 Scanning Town: Farmington, CT (Progress: 32/1000)
[2026-09-16 08:13:15]    Found 0 new candidates in Farmington.
[2026-09-16 08:13:15] 
📍 Scanning Town: East Hartford, CT (Progress: 32/1000)
[2026-09-16 08:13:54]    Found 0 new candidates in East Hartford.
[2026-09-16 08:13:54] 
📍 Scanning Town: Stamford, CT (Progress: 32/1000)
[2026-09-16 08:14:36]    Found 0 new candidates in Stamford.
[2026-09-16 08:14:36] 
📍 Scanning Town: Guilford, CT (Progress: 32/1000)
[2026-09-16 08:14:45]    Found 0 new candidates in Guilford.
[2026-09-16 08:14:45] 
📍 Scanning Town: Bethel, CT (Progress: 32/1000)
[2026-09-16 08:15:11]    Found 0 new candidates in Bethel.
[2026-09-16 08:15:11] 
📍 Scanning Town: Glastonbury, CT (Progress: 32/1000)
[2026-09-16 08:15:34]    Found 0 new candidates in Glastonbury.
[2026-09-16 08:15:34] 
📍 Scanning Town: Windsor, CT (Progress: 32/1000)
[2026-09-16 08:16:01]    Found 0 new candidates in Windsor.
[2026-09-16 08:16:01] 
📍 Scanning Town: Orange, CT (Progress: 32/1000)
[2026-09-16 08:16:11]    Found 0 new candidates in Orange.
[2026-09-16 08:16:11] 
📍 Scanning Town: Westport, CT (Progress: 32/1000)
[2026-09-16 08:16:31]    Found 0 new candidates in Westport.
[2026-09-16 08:16:31] 
📍 Scanning Town: Milford, CT (Progress: 32/1000)
[2026-09-16 08:16:41]    Found 0 new candidates in Milford.
[2026-09-16 08:16:41] 
📍 Scanning Town: Groton, CT (Progress: 32/1000)
[2026-09-16 08:17:03]    Found 0 new candidates in Groton.
[2026-09-16 08:17:03] 
📍 Scanning Town: South Windsor, CT (Progress: 32/1000)
[2026-09-16 08:17:25]    Found 0 new candidates in South Windsor.
[2026-09-16 08:17:25] 
📍 Scanning Town: Bristol, CT (Progress: 32/1000)
[2026-09-16 08:17:51]    Found 0 new candidates in Bristol.
[2026-09-16 08:17:51] 
📍 Scanning Town: Torrington, CT (Progress: 32/1000)
[2026-09-16 08:18:11]    Found 0 new candidates in Torrington.
[2026-09-16 08:18:11] 
📍 Scanning Town: Seymour, CT (Progress: 32/1000)
[2026-09-16 08:18:32]    Found 0 new candidates in Seymour.
[2026-09-16 08:18:32] 
📍 Scanning Town: Berlin, CT (Progress: 32/1000)
[2026-09-16 08:18:59]    Found 0 new candidates in Berlin.
[2026-09-16 08:18:59] 
📍 Scanning Town: Bloomfield, CT (Progress: 32/1000)
[2026-09-16 08:19:20]    Found 0 new candidates in Bloomfield.
[2026-09-16 08:19:20] 
📍 Scanning Town: Southington, CT (Progress: 32/1000)
[2026-09-16 08:19:39]    Found 0 new candidates in Southington.
[2026-09-16 08:19:39] 
📍 Scanning Town: Waterbury, CT (Progress: 32/1000)
[2026-09-16 08:20:02]    Found 0 new candidates in Waterbury.
[2026-09-16 08:20:02] 
📍 Scanning Town: Naugatuck, CT (Progress: 32/1000)
[2026-09-16 08:20:26]    Found 0 new candidates in Naugatuck.
[2026-09-16 08:20:26] 
📍 Scanning Town: Avon, CT (Progress: 32/1000)
[2026-09-16 08:20:51]    Found 0 new candidates in Avon.
[2026-09-16 08:20:51] 
📍 Scanning Town: Trumbull, CT (Progress: 32/1000)
[2026-09-16 08:21:13]    Found 0 new candidates in Trumbull.
[2026-09-16 08:21:13] 
📍 Scanning Town: Newtown, CT (Progress: 32/1000)
[2026-09-16 08:21:23]    Found 0 new candidates in Newtown.
[2026-09-16 08:21:23] 
📍 Scanning Town: Wilton, CT (Progress: 32/1000)
[2026-09-16 08:21:46]    Found 0 new candidates in Wilton.
[2026-09-16 08:21:46] 
📍 Scanning Town: Monroe, CT (Progress: 32/1000)
[2026-09-16 08:22:16]    Found 0 new candidates in Monroe.
[2026-09-16 08:22:16] 
📍 Scanning Town: Stratford, CT (Progress: 32/1000)
[2026-09-16 08:22:39]    Found 0 new candidates in Stratford.
[2026-09-16 08:22:39] 
📍 Scanning Town: Enfield, CT (Progress: 32/1000)
[2026-09-16 08:23:02]    Found 0 new candidates in Enfield.
[2026-09-16 08:23:02] 
📍 Scanning Town: Ansonia, CT (Progress: 32/1000)
[2026-09-16 08:23:21]    Found 0 new candidates in Ansonia.
[2026-09-16 08:23:21] 
📍 Scanning Town: Mansfield, CT (Progress: 32/1000)
[2026-09-16 08:23:37]    Found 0 new candidates in Mansfield.
[2026-09-16 08:23:37] 
📍 Scanning Town: Greenwich, CT (Progress: 32/1000)
[2026-09-16 08:24:00]    Found 0 new candidates in Greenwich.
[2026-09-16 08:24:00] 
📍 Scanning Town: Derby, CT (Progress: 32/1000)
[2026-09-16 08:24:24]    Found 0 new candidates in Derby.
[2026-09-16 08:24:24] 
📍 Scanning Town: New Haven, CT (Progress: 32/1000)
[2026-09-16 08:24:47]    Found 0 new candidates in New Haven.
[2026-09-16 08:24:47] 
📍 Scanning Town: Norwich, CT (Progress: 32/1000)
[2026-09-16 08:24:57]    Found 0 new candidates in Norwich.
[2026-09-16 08:24:57] 
📍 Scanning Town: Danbury, CT (Progress: 32/1000)
[2026-09-16 08:25:18]    Found 0 new candidates in Danbury.
[2026-09-16 08:25:18] 
📍 Scanning Town: Wethersfield, CT (Progress: 32/1000)
[2026-09-16 08:25:39]    Found 0 new candidates in Wethersfield.
[2026-09-16 08:25:39] 
📍 Scanning Town: West Haven, CT (Progress: 32/1000)
[2026-09-16 08:26:06]    Found 0 new candidates in West Haven.
[2026-09-16 08:26:06] 
📍 Scanning Town: New Fairfield, CT (Progress: 32/1000)
[2026-09-16 08:26:18]    Found 0 new candidates in New Fairfield.
[2026-09-16 08:26:18] 
📍 Scanning Town: Ridgefield, CT (Progress: 32/1000)
[2026-09-16 08:26:28]    Found 0 new candidates in Ridgefield.
[2026-09-16 08:26:28] 
📍 Scanning Town: Cromwell, CT (Progress: 32/1000)
[2026-09-16 08:26:52]    Found 0 new candidates in Cromwell.
[2026-09-16 08:26:52] 
📍 Scanning Town: Waterford, CT (Progress: 32/1000)
[2026-09-16 08:27:13]    Found 0 new candidates in Waterford.
[2026-09-16 08:27:13] 
📍 Scanning Town: Newington, CT (Progress: 32/1000)
[2026-09-16 08:27:25]    Found 0 new candidates in Newington.
[2026-09-16 08:27:25] 
📍 Scanning Town: Rocky Hill, CT (Progress: 32/1000)
[2026-09-16 08:27:48]    Found 0 new candidates in Rocky Hill.
[2026-09-16 08:27:48] 
📍 Scanning Town: Plainville, CT (Progress: 32/1000)
[2026-09-16 08:28:07]    Found 0 new candidates in Plainville.
[2026-09-16 08:28:07] 
📍 Scanning Town: Cheshire, CT (Progress: 32/1000)
[2026-09-16 08:28:29]    Found 0 new candidates in Cheshire.
[2026-09-16 08:28:29] 
📍 Scanning Town: Vernon, CT (Progress: 32/1000)
[2026-09-16 08:28:52]    Found 0 new candidates in Vernon.
[2026-09-16 08:28:52] 
📍 Scanning Town: Woodbury, CT (Progress: 32/1000)
[2026-09-16 08:29:13]    Found 0 new candidates in Woodbury.
[2026-09-16 08:29:13] 
📍 Scanning Town: Watertown, CT (Progress: 32/1000)
[2026-09-16 08:29:36]    Found 0 new candidates in Watertown.
[2026-09-16 08:29:36] 
📍 Scanning Town: Darien, CT (Progress: 32/1000)
[2026-09-16 08:29:59]    Found 0 new candidates in Darien.
[2026-09-16 08:29:59] 
📍 Scanning Town: Brookfield, CT (Progress: 32/1000)
[2026-09-16 08:30:25]    Found 0 new candidates in Brookfield.
[2026-09-16 08:30:25] 
📍 Scanning Town: Hamden, CT (Progress: 32/1000)
[2026-09-16 08:30:44]    Found 0 new candidates in Hamden.
[2026-09-16 08:30:44] 
📍 Scanning Town: Simsbury, CT (Progress: 32/1000)
[2026-09-16 08:31:02]    Found 0 new candidates in Simsbury.
[2026-09-16 08:31:02] 
📍 Scanning Town: Prospect, CT (Progress: 32/1000)
[2026-09-16 08:31:31]    Found 0 new candidates in Prospect.
[2026-09-16 08:31:31] 
📍 Scanning Town: Southbury, CT (Progress: 32/1000)
[2026-09-16 08:31:53]    Found 0 new candidates in Southbury.
[2026-09-16 08:31:53] 
📍 Scanning Town: Norwalk, CT (Progress: 32/1000)
[2026-09-16 08:32:13]    Found 0 new candidates in Norwalk.
[2026-09-16 08:32:13] 
📍 Scanning Town: Bridgeport, CT (Progress: 32/1000)
[2026-09-16 08:32:34]    Found 0 new candidates in Bridgeport.
[2026-09-16 08:32:34] 
📍 Scanning Town: West Hartford, CT (Progress: 32/1000)
[2026-09-16 08:32:44]    Found 0 new candidates in West Hartford.
[2026-09-16 08:32:44] 
📍 Scanning Town: Manchester, CT (Progress: 32/1000)
[2026-09-16 08:33:08]    Found 0 new candidates in Manchester.
[2026-09-16 08:33:08] 
📍 Scanning Town: West Hartford, CT (Progress: 32/1000)
[2026-09-16 08:33:18]    Found 0 new candidates in West Hartford.
[2026-09-16 08:33:18] 
📍 Scanning Town: Danbury, CT (Progress: 32/1000)
[2026-09-16 08:33:28]    Found 0 new candidates in Danbury.
[2026-09-16 08:33:28] 
📍 Scanning Town: Bethel, CT (Progress: 32/1000)
[2026-09-16 08:33:38]    Found 0 new candidates in Bethel.
[2026-09-16 08:33:38] 
📍 Scanning Town: South Windsor, CT (Progress: 32/1000)
[2026-09-16 08:33:48]    Found 0 new candidates in South Windsor.
[2026-09-16 08:33:48] 
📍 Scanning Town: Rocky Hill, CT (Progress: 32/1000)
[2026-09-16 08:33:58]    Found 0 new candidates in Rocky Hill.
[2026-09-16 08:33:58] 
📍 Scanning Town: Branford, CT (Progress: 32/1000)
[2026-09-16 08:34:09]    Found 0 new candidates in Branford.
[2026-09-16 08:34:09] 
📍 Scanning Town: Hartford, CT (Progress: 32/1000)
[2026-09-16 08:34:19]    Found 0 new candidates in Hartford.
[2026-09-16 08:34:19] 
📍 Scanning Town: Orange, CT (Progress: 32/1000)
[2026-09-16 08:34:30]    Found 0 new candidates in Orange.
[2026-09-16 08:34:30] 
📍 Scanning Town: Berlin, CT (Progress: 32/1000)
[2026-09-16 08:34:40]    Found 0 new candidates in Berlin.
[2026-09-16 08:34:40] 
📍 Scanning Town: Monroe, CT (Progress: 32/1000)
[2026-09-16 08:34:50]    Found 0 new candidates in Monroe.
[2026-09-16 08:34:50] 
📍 Scanning Town: North Haven, CT (Progress: 32/1000)
[2026-09-16 08:34:59]    Found 0 new candidates in North Haven.
[2026-09-16 08:34:59] 
📍 Scanning Town: Brookfield, CT (Progress: 32/1000)
[2026-09-16 08:35:09]    Found 0 new candidates in Brookfield.
[2026-09-16 08:35:09] 
📍 Scanning Town: Waterford, CT (Progress: 32/1000)
[2026-09-16 08:35:19]    Found 0 new candidates in Waterford.
[2026-09-16 08:35:19] 
📍 Scanning Town: Vernon, CT (Progress: 32/1000)
[2026-09-16 08:35:29]    Found 0 new candidates in Vernon.
[2026-09-16 08:35:29] 
📍 Scanning Town: Greenwich, CT (Progress: 32/1000)
[2026-09-16 08:35:39]    Found 0 new candidates in Greenwich.
[2026-09-16 08:35:39] 
📍 Scanning Town: Fairfield, CT (Progress: 32/1000)
[2026-09-16 08:35:48]    Found 0 new candidates in Fairfield.
[2026-09-16 08:35:48] 
📍 Scanning Town: Shelton, CT (Progress: 32/1000)
[2026-09-16 08:35:59]    Found 0 new candidates in Shelton.
[2026-09-16 08:35:59] 
📍 Scanning Town: Trumbull, CT (Progress: 32/1000)
[2026-09-16 08:36:09]    Found 0 new candidates in Trumbull.
[2026-09-16 08:36:09] 
📍 Scanning Town: Southbury, CT (Progress: 32/1000)
[2026-09-16 08:36:19]    Found 0 new candidates in Southbury.
[2026-09-16 08:36:19] 
📍 Scanning Town: Meriden, CT (Progress: 32/1000)
[2026-09-16 08:36:30]    Found 0 new candidates in Meriden.
[2026-09-16 08:36:30] 
📍 Scanning Town: Bristol, CT (Progress: 32/1000)
[2026-09-16 08:36:40]    Found 0 new candidates in Bristol.
[2026-09-16 08:36:40] 
📍 Scanning Town: Enfield, CT (Progress: 32/1000)
[2026-09-16 08:36:51]    Found 0 new candidates in Enfield.
[2026-09-16 08:36:51] 
📍 Scanning Town: Hamden, CT (Progress: 32/1000)
[2026-09-16 08:37:01]    Found 0 new candidates in Hamden.
[2026-09-16 08:37:01] 
📍 Scanning Town: Stamford, CT (Progress: 32/1000)
[2026-09-16 08:37:11]    Found 0 new candidates in Stamford.
[2026-09-16 08:37:11] 
📍 Scanning Town: Avon, CT (Progress: 32/1000)
[2026-09-16 08:37:22]    Found 0 new candidates in Avon.
[2026-09-16 08:37:22] 
📍 Scanning Town: Newington, CT (Progress: 32/1000)
[2026-09-16 08:37:33]    Found 0 new candidates in Newington.
[2026-09-16 08:37:33] 
📍 Scanning Town: New Fairfield, CT (Progress: 32/1000)
[2026-09-16 08:37:44]    Found 0 new candidates in New Fairfield.
[2026-09-16 08:37:44] 
📍 Scanning Town: Stratford, CT (Progress: 32/1000)
[2026-09-16 08:37:54]    Found 0 new candidates in Stratford.
[2026-09-16 08:37:54] 
📍 Scanning Town: Cromwell, CT (Progress: 32/1000)
[2026-09-16 08:38:03]    Found 0 new candidates in Cromwell.
[2026-09-16 08:38:03] 
📍 Scanning Town: Woodbury, CT (Progress: 32/1000)
[2026-09-16 08:38:14]    Found 0 new candidates in Woodbury.
[2026-09-16 08:38:14] 
📍 Scanning Town: Prospect, CT (Progress: 32/1000)
[2026-09-16 08:38:25]    Found 0 new candidates in Prospect.
[2026-09-16 08:38:25] 
📍 Scanning Town: Ansonia, CT (Progress: 32/1000)
[2026-09-16 08:38:35]    Found 0 new candidates in Ansonia.
[2026-09-16 08:38:35] 
📍 Scanning Town: Groton, CT (Progress: 32/1000)
[2026-09-16 08:38:46]    Found 0 new candidates in Groton.
[2026-09-16 08:38:46] 
📍 Scanning Town: Westport, CT (Progress: 32/1000)
[2026-09-16 08:38:56]    Found 0 new candidates in Westport.
[2026-09-16 08:38:56] 
📍 Scanning Town: Seymour, CT (Progress: 32/1000)
[2026-09-16 08:39:07]    Found 0 new candidates in Seymour.
[2026-09-16 08:39:07] 
📍 Scanning Town: Waterbury, CT (Progress: 32/1000)
[2026-09-16 08:39:17]    Found 0 new candidates in Waterbury.
[2026-09-16 08:39:17] 
📍 Scanning Town: Norwalk, CT (Progress: 32/1000)
[2026-09-16 08:39:28]    Found 0 new candidates in Norwalk.
[2026-09-16 08:39:28] 
📍 Scanning Town: Glastonbury, CT (Progress: 32/1000)
[2026-09-16 08:39:40]    Found 0 new candidates in Glastonbury.
[2026-09-16 08:39:40] 
📍 Scanning Town: Ridgefield, CT (Progress: 32/1000)
[2026-09-16 08:39:50]    Found 0 new candidates in Ridgefield.
[2026-09-16 08:39:50] 
📍 Scanning Town: Guilford, CT (Progress: 32/1000)
[2026-09-16 08:40:00]    Found 0 new candidates in Guilford.
[2026-09-16 08:40:00] 
📍 Scanning Town: Farmington, CT (Progress: 32/1000)
[2026-09-16 08:40:11]    Found 0 new candidates in Farmington.
[2026-09-16 08:40:11] 
📍 Scanning Town: New Haven, CT (Progress: 32/1000)
[2026-09-16 08:40:22]    Found 0 new candidates in New Haven.
[2026-09-16 08:40:22] 
📍 Scanning Town: Simsbury, CT (Progress: 32/1000)
[2026-09-16 08:40:32]    Found 0 new candidates in Simsbury.
[2026-09-16 08:40:32] 
📍 Scanning Town: West Haven, CT (Progress: 32/1000)
[2026-09-16 08:40:42]    Found 0 new candidates in West Haven.
[2026-09-16 08:40:42] 
📍 Scanning Town: Plainville, CT (Progress: 32/1000)
[2026-09-16 08:40:52]    Found 0 new candidates in Plainville.
[2026-09-16 08:40:52] 
📍 Scanning Town: East Hartford, CT (Progress: 32/1000)
[2026-09-16 08:41:03]    Found 0 new candidates in East Hartford.
[2026-09-16 08:41:03] 
📍 Scanning Town: Oxford, CT (Progress: 32/1000)
[2026-09-16 08:41:12]    Found 0 new candidates in Oxford.
[2026-09-16 08:41:12] 
📍 Scanning Town: Cheshire, CT (Progress: 32/1000)
[2026-09-16 08:41:21]    Found 0 new candidates in Cheshire.
[2026-09-16 08:41:21] 
📍 Scanning Town: Newtown, CT (Progress: 32/1000)
[2026-09-16 08:41:31]    Found 0 new candidates in Newtown.
[2026-09-16 08:41:31] 
📍 Scanning Town: Wethersfield, CT (Progress: 32/1000)
[2026-09-16 08:41:42]    Found 0 new candidates in Wethersfield.
[2026-09-16 08:41:42] 
📍 Scanning Town: Norwich, CT (Progress: 32/1000)
[2026-09-16 08:41:52]    Found 0 new candidates in Norwich.
[2026-09-16 08:41:52] 
📍 Scanning Town: Southington, CT (Progress: 32/1000)
[2026-09-16 08:42:02]    Found 0 new candidates in Southington.
[2026-09-16 08:42:02] 
📍 Scanning Town: Wilton, CT (Progress: 32/1000)
[2026-09-16 08:42:13]    Found 0 new candidates in Wilton.
[2026-09-16 08:42:13] 
📍 Scanning Town: Windsor, CT (Progress: 32/1000)
[2026-09-16 08:42:23]    Found 0 new candidates in Windsor.
[2026-09-16 08:42:23] 
📍 Scanning Town: Middletown, CT (Progress: 32/1000)
[2026-09-16 08:42:33]    Found 0 new candidates in Middletown.
[2026-09-16 08:42:33] 
📍 Scanning Town: Derby, CT (Progress: 32/1000)
[2026-09-16 08:42:43]    Found 0 new candidates in Derby.
[2026-09-16 08:42:43] 
📍 Scanning Town: Darien, CT (Progress: 32/1000)
[2026-09-16 08:42:54]    Found 0 new candidates in Darien.
[2026-09-16 08:42:54] 
📍 Scanning Town: Torrington, CT (Progress: 32/1000)
[2026-09-16 08:43:03]    Found 0 new candidates in Torrington.
[2026-09-16 08:43:03] 
📍 Scanning Town: Bloomfield, CT (Progress: 32/1000)
[2026-09-16 08:43:13]    Found 0 new candidates in Bloomfield.
[2026-09-16 08:43:13] 
📍 Scanning Town: Bridgeport, CT (Progress: 32/1000)
[2026-09-16 08:43:23]    Found 0 new candidates in Bridgeport.
[2026-09-16 08:43:23] 
📍 Scanning Town: Mansfield, CT (Progress: 32/1000)
[2026-09-16 08:43:33]    Found 0 new candidates in Mansfield.
[2026-09-16 08:43:33] 
📍 Scanning Town: Naugatuck, CT (Progress: 32/1000)
[2026-09-16 08:43:43]    Found 0 new candidates in Naugatuck.
[2026-09-16 08:43:43] 
📍 Scanning Town: Manchester, CT (Progress: 32/1000)
[2026-09-16 08:43:52]    Found 0 new candidates in Manchester.
[2026-09-16 08:43:52] 
📍 Scanning Town: Watertown, CT (Progress: 32/1000)
[2026-09-16 08:44:02]    Found 0 new candidates in Watertown.
[2026-09-16 08:44:02] 
📍 Scanning Town: Milford, CT (Progress: 32/1000)
[2026-09-16 08:44:13]    Found 0 new candidates in Milford.
[2026-09-16 08:44:13] 
📍 Scanning Town: Manchester, CT (Progress: 32/1000)
[2026-09-16 08:44:23]    Found 0 new candidates in Manchester.
[2026-09-16 08:44:23] 
📍 Scanning Town: Newtown, CT (Progress: 32/1000)
[2026-09-16 08:44:33]    Found 0 new candidates in Newtown.
[2026-09-16 08:44:33] 
📍 Scanning Town: Glastonbury, CT (Progress: 32/1000)
[2026-09-16 08:44:43]    Found 0 new candidates in Glastonbury.
[2026-09-16 08:44:43] 
📍 Scanning Town: Meriden, CT (Progress: 32/1000)
[2026-09-16 08:44:54]    Found 0 new candidates in Meriden.
[2026-09-16 08:44:54] 
📍 Scanning Town: Groton, CT (Progress: 32/1000)
[2026-09-16 08:45:05]    Found 0 new candidates in Groton.
[2026-09-16 08:45:05] 
📍 Scanning Town: Brookfield, CT (Progress: 32/1000)
[2026-09-16 08:45:16]    Found 0 new candidates in Brookfield.
[2026-09-16 08:45:16] 
📍 Scanning Town: Westport, CT (Progress: 32/1000)
[2026-09-16 08:45:26]    Found 0 new candidates in Westport.
[2026-09-16 08:45:26] 
📍 Scanning Town: Bristol, CT (Progress: 32/1000)
[2026-09-16 08:45:35]    Found 0 new candidates in Bristol.
[2026-09-16 08:45:35] 
📍 Scanning Town: Stratford, CT (Progress: 32/1000)
[2026-09-16 08:45:46]    Found 0 new candidates in Stratford.
[2026-09-16 08:45:46] 
📍 Scanning Town: Woodbury, CT (Progress: 32/1000)
[2026-09-16 08:45:57]    Found 0 new candidates in Woodbury.
[2026-09-16 08:45:57] 
📍 Scanning Town: South Windsor, CT (Progress: 32/1000)
[2026-09-16 08:46:07]    Found 0 new candidates in South Windsor.
[2026-09-16 08:46:07] 
📍 Scanning Town: Simsbury, CT (Progress: 32/1000)
[2026-09-16 08:46:17]    Found 0 new candidates in Simsbury.
[2026-09-16 08:46:17] 
📍 Scanning Town: Trumbull, CT (Progress: 32/1000)
[2026-09-16 08:46:28]    Found 0 new candidates in Trumbull.
[2026-09-16 08:46:28] 
📍 Scanning Town: Wilton, CT (Progress: 32/1000)
[2026-09-16 08:46:37]    Found 0 new candidates in Wilton.
[2026-09-16 08:46:37] 
📍 Scanning Town: Windsor, CT (Progress: 32/1000)
[2026-09-16 08:46:48]    Found 0 new candidates in Windsor.
[2026-09-16 08:46:48] 
📍 Scanning Town: Ridgefield, CT (Progress: 32/1000)
[2026-09-16 08:46:58]    Found 0 new candidates in Ridgefield.
[2026-09-16 08:46:58] 
📍 Scanning Town: Waterbury, CT (Progress: 32/1000)
[2026-09-16 08:47:09]    Found 0 new candidates in Waterbury.
[2026-09-16 08:47:09] 
📍 Scanning Town: Hartford, CT (Progress: 32/1000)
[2026-09-16 08:47:19]    Found 0 new candidates in Hartford.
[2026-09-16 08:47:19] 
📍 Scanning Town: Monroe, CT (Progress: 32/1000)
[2026-09-16 08:47:31]    Found 0 new candidates in Monroe.
[2026-09-16 08:47:31] 
📍 Scanning Town: Guilford, CT (Progress: 32/1000)
[2026-09-16 08:47:40]    Found 0 new candidates in Guilford.
[2026-09-16 08:47:40] 
📍 Scanning Town: West Haven, CT (Progress: 32/1000)
[2026-09-16 08:47:50]    Found 0 new candidates in West Haven.
[2026-09-16 08:47:50] 
📍 Scanning Town: Watertown, CT (Progress: 32/1000)
[2026-09-16 08:48:01]    Found 0 new candidates in Watertown.
[2026-09-16 08:48:01] 
📍 Scanning Town: West Hartford, CT (Progress: 32/1000)
[2026-09-16 08:48:11]    Found 0 new candidates in West Hartford.
[2026-09-16 08:48:11] 
📍 Scanning Town: Branford, CT (Progress: 32/1000)
[2026-09-16 08:48:21]    Found 0 new candidates in Branford.
[2026-09-16 08:48:21] 
📍 Scanning Town: Orange, CT (Progress: 32/1000)
[2026-09-16 08:48:32]    Found 0 new candidates in Orange.
[2026-09-16 08:48:32] 
📍 Scanning Town: Mansfield, CT (Progress: 32/1000)
[2026-09-16 08:48:42]    Found 0 new candidates in Mansfield.
[2026-09-16 08:48:42] 
📍 Scanning Town: Cromwell, CT (Progress: 32/1000)
[2026-09-16 08:48:52]    Found 0 new candidates in Cromwell.
[2026-09-16 08:48:52] 
📍 Scanning Town: North Haven, CT (Progress: 32/1000)
[2026-09-16 08:49:03]    Found 0 new candidates in North Haven.
[2026-09-16 08:49:03] 
📍 Scanning Town: Norwich, CT (Progress: 32/1000)
[2026-09-16 08:49:12]    Found 0 new candidates in Norwich.
[2026-09-16 08:49:12] 
📍 Scanning Town: Enfield, CT (Progress: 32/1000)
[2026-09-16 08:49:24]    Found 0 new candidates in Enfield.
[2026-09-16 08:49:24] 
📍 Scanning Town: Darien, CT (Progress: 32/1000)
[2026-09-16 08:49:34]    Found 0 new candidates in Darien.
[2026-09-16 08:49:34] 
📍 Scanning Town: Shelton, CT (Progress: 32/1000)
[2026-09-16 08:49:44]    Found 0 new candidates in Shelton.
[2026-09-16 08:49:44] 
📍 Scanning Town: Plainville, CT (Progress: 32/1000)
[2026-09-16 08:49:53]    Found 0 new candidates in Plainville.
[2026-09-16 08:49:53] 
📍 Scanning Town: Wethersfield, CT (Progress: 32/1000)
[2026-09-16 08:50:03]    Found 0 new candidates in Wethersfield.
[2026-09-16 08:50:03] 
📍 Scanning Town: Norwalk, CT (Progress: 32/1000)
[2026-09-16 08:50:13]    Found 0 new candidates in Norwalk.
[2026-09-16 08:50:13] 
📍 Scanning Town: Bridgeport, CT (Progress: 32/1000)
[2026-09-16 08:50:23]    Found 0 new candidates in Bridgeport.
[2026-09-16 08:50:23] 
📍 Scanning Town: Rocky Hill, CT (Progress: 32/1000)
[2026-09-16 08:50:32]    Found 0 new candidates in Rocky Hill.
[2026-09-16 08:50:32] 
📍 Scanning Town: Greenwich, CT (Progress: 32/1000)
[2026-09-16 08:50:42]    Found 0 new candidates in Greenwich.
[2026-09-16 08:50:42] 
📍 Scanning Town: Fairfield, CT (Progress: 32/1000)
[2026-09-16 08:50:52]    Found 0 new candidates in Fairfield.
[2026-09-16 08:50:52] 
📍 Scanning Town: Southbury, CT (Progress: 32/1000)
[2026-09-16 08:51:02]    Found 0 new candidates in Southbury.
[2026-09-16 08:51:02] 
📍 Scanning Town: Cheshire, CT (Progress: 32/1000)
[2026-09-16 08:51:12]    Found 0 new candidates in Cheshire.
[2026-09-16 08:51:12] 
📍 Scanning Town: Farmington, CT (Progress: 32/1000)
[2026-09-16 08:51:22]    Found 0 new candidates in Farmington.
[2026-09-16 08:51:22] 
📍 Scanning Town: Naugatuck, CT (Progress: 32/1000)
[2026-09-16 08:51:32]    Found 0 new candidates in Naugatuck.
[2026-09-16 08:51:32] 
📍 Scanning Town: East Hartford, CT (Progress: 32/1000)
[2026-09-16 08:51:41]    Found 0 new candidates in East Hartford.
[2026-09-16 08:51:41] 
📍 Scanning Town: Middletown, CT (Progress: 32/1000)
[2026-09-16 08:51:52]    Found 0 new candidates in Middletown.
[2026-09-16 08:51:52] 
📍 Scanning Town: Prospect, CT (Progress: 32/1000)
[2026-09-16 08:52:02]    Found 0 new candidates in Prospect.
[2026-09-16 08:52:02] 
📍 Scanning Town: Berlin, CT (Progress: 32/1000)
[2026-09-16 08:52:11]    Found 0 new candidates in Berlin.
[2026-09-16 08:52:11] 
📍 Scanning Town: Avon, CT (Progress: 32/1000)
[2026-09-16 08:52:22]    Found 0 new candidates in Avon.
[2026-09-16 08:52:22] 
📍 Scanning Town: Milford, CT (Progress: 32/1000)
[2026-09-16 08:52:32]    Found 0 new candidates in Milford.
[2026-09-16 08:52:32] 
📍 Scanning Town: Torrington, CT (Progress: 32/1000)
[2026-09-16 08:52:42]    Found 0 new candidates in Torrington.
[2026-09-16 08:52:42] 
📍 Scanning Town: New Fairfield, CT (Progress: 32/1000)
[2026-09-16 08:52:53]    Found 0 new candidates in New Fairfield.
[2026-09-16 08:52:53] 
📍 Scanning Town: Seymour, CT (Progress: 32/1000)
[2026-09-16 08:53:02]    Found 0 new candidates in Seymour.
[2026-09-16 08:53:02] 
📍 Scanning Town: Waterford, CT (Progress: 32/1000)
[2026-09-16 08:53:12]    Found 0 new candidates in Waterford.
[2026-09-16 08:53:12] 
📍 Scanning Town: Ansonia, CT (Progress: 32/1000)
[2026-09-16 08:53:22]    Found 0 new candidates in Ansonia.
[2026-09-16 08:53:22] 
📍 Scanning Town: Bethel, CT (Progress: 32/1000)
[2026-09-16 08:53:33]    Found 0 new candidates in Bethel.
[2026-09-16 08:53:33] 
📍 Scanning Town: Stamford, CT (Progress: 32/1000)
[2026-09-16 08:53:45]    Found 0 new candidates in Stamford.
[2026-09-16 08:53:45] 
📍 Scanning Town: New Haven, CT (Progress: 32/1000)
[2026-09-16 08:53:54]    Found 0 new candidates in New Haven.
[2026-09-16 08:53:54] 
📍 Scanning Town: Southington, CT (Progress: 32/1000)
[2026-09-16 08:54:05]    Found 0 new candidates in Southington.
[2026-09-16 08:54:05] 
📍 Scanning Town: Danbury, CT (Progress: 32/1000)
[2026-09-16 08:54:15]    Found 0 new candidates in Danbury.
[2026-09-16 08:54:15] 
📍 Scanning Town: Vernon, CT (Progress: 32/1000)
[2026-09-16 08:54:24]    Found 0 new candidates in Vernon.
[2026-09-16 08:54:24] 
📍 Scanning Town: Hamden, CT (Progress: 32/1000)
[2026-09-16 08:54:34]    Found 0 new candidates in Hamden.
[2026-09-16 08:54:34] 
📍 Scanning Town: Bloomfield, CT (Progress: 32/1000)
[2026-09-16 08:54:43]    Found 0 new candidates in Bloomfield.
[2026-09-16 08:54:43] 
📍 Scanning Town: Derby, CT (Progress: 32/1000)
[2026-09-16 08:54:53]    Found 0 new candidates in Derby.
[2026-09-16 08:54:53] 
📍 Scanning Town: Newington, CT (Progress: 32/1000)
[2026-09-16 08:55:03]    Found 0 new candidates in Newington.
[2026-09-16 08:55:03] 
📍 Scanning Town: Oxford, CT (Progress: 32/1000)
[2026-09-16 08:55:13]    Found 0 new candidates in Oxford.
[2026-09-16 08:55:13] 
📍 Scanning Town: Ridgefield, CT (Progress: 32/1000)
[2026-09-16 08:55:23]    Found 0 new candidates in Ridgefield.
[2026-09-16 08:55:23] 
📍 Scanning Town: Orange, CT (Progress: 32/1000)
[2026-09-16 08:55:33]    Found 0 new candidates in Orange.
[2026-09-16 08:55:33] 
📍 Scanning Town: Danbury, CT (Progress: 32/1000)
[2026-09-16 08:55:43]    Found 0 new candidates in Danbury.
[2026-09-16 08:55:43] 
📍 Scanning Town: South Windsor, CT (Progress: 32/1000)
[2026-09-16 08:55:52]    Found 0 new candidates in South Windsor.
[2026-09-16 08:55:52] 
📍 Scanning Town: Bristol, CT (Progress: 32/1000)
[2026-09-16 08:56:03]    Found 0 new candidates in Bristol.
[2026-09-16 08:56:03] 
📍 Scanning Town: Manchester, CT (Progress: 32/1000)
[2026-09-16 08:56:12]    Found 0 new candidates in Manchester.
[2026-09-16 08:56:12] 
📍 Scanning Town: Newtown, CT (Progress: 32/1000)
[2026-09-16 08:56:21]    Found 0 new candidates in Newtown.
[2026-09-16 08:56:21] 
📍 Scanning Town: Stratford, CT (Progress: 32/1000)
[2026-09-16 08:56:32]    Found 0 new candidates in Stratford.
[2026-09-16 08:56:32] 
📍 Scanning Town: Cromwell, CT (Progress: 32/1000)
[2026-09-16 08:56:42]    Found 0 new candidates in Cromwell.
[2026-09-16 08:56:42] 
📍 Scanning Town: Fairfield, CT (Progress: 32/1000)
[2026-09-16 08:56:52]    Found 0 new candidates in Fairfield.
[2026-09-16 08:56:52] 
📍 Scanning Town: West Haven, CT (Progress: 32/1000)
[2026-09-16 08:57:02]    Found 0 new candidates in West Haven.
[2026-09-16 08:57:02] 
📍 Scanning Town: Seymour, CT (Progress: 32/1000)
[2026-09-16 08:57:11]    Found 0 new candidates in Seymour.
[2026-09-16 08:57:11] 
📍 Scanning Town: Darien, CT (Progress: 32/1000)
[2026-09-16 08:57:21]    Found 0 new candidates in Darien.
[2026-09-16 08:57:21] 
📍 Scanning Town: Prospect, CT (Progress: 32/1000)
[2026-09-16 08:57:30]    Found 0 new candidates in Prospect.
[2026-09-16 08:57:30] 
📍 Scanning Town: West Hartford, CT (Progress: 32/1000)
[2026-09-16 08:57:39]    Found 0 new candidates in West Hartford.
[2026-09-16 08:57:39] 
📍 Scanning Town: Meriden, CT (Progress: 32/1000)
[2026-09-16 08:57:49]    Found 0 new candidates in Meriden.
[2026-09-16 08:57:49] 
📍 Scanning Town: Woodbury, CT (Progress: 32/1000)
[2026-09-16 08:58:00]    Found 0 new candidates in Woodbury.
[2026-09-16 08:58:00] 
📍 Scanning Town: Brookfield, CT (Progress: 32/1000)
[2026-09-16 08:58:10]    Found 0 new candidates in Brookfield.
[2026-09-16 08:58:10] 
📍 Scanning Town: Greenwich, CT (Progress: 32/1000)
[2026-09-16 08:58:21]    Found 0 new candidates in Greenwich.
[2026-09-16 08:58:21] 
📍 Scanning Town: Ansonia, CT (Progress: 32/1000)
[2026-09-16 08:58:32]    Found 0 new candidates in Ansonia.
[2026-09-16 08:58:32] 
📍 Scanning Town: North Haven, CT (Progress: 32/1000)
[2026-09-16 08:58:42]    Found 0 new candidates in North Haven.
[2026-09-16 08:58:42] 
📍 Scanning Town: Milford, CT (Progress: 32/1000)
[2026-09-16 08:58:52]    Found 0 new candidates in Milford.
[2026-09-16 08:58:52] 
📍 Scanning Town: Shelton, CT (Progress: 32/1000)
[2026-09-16 08:59:02]    Found 0 new candidates in Shelton.
[2026-09-16 08:59:02] 
📍 Scanning Town: Rocky Hill, CT (Progress: 32/1000)
[2026-09-16 08:59:12]    Found 0 new candidates in Rocky Hill.
[2026-09-16 08:59:12] 
📍 Scanning Town: Cheshire, CT (Progress: 32/1000)
[2026-09-16 08:59:22]    Found 0 new candidates in Cheshire.
[2026-09-16 08:59:22] 
📍 Scanning Town: New Haven, CT (Progress: 32/1000)
[2026-09-16 08:59:33]    Found 0 new candidates in New Haven.
[2026-09-16 08:59:33] 
📍 Scanning Town: Plainville, CT (Progress: 32/1000)
[2026-09-16 08:59:43]    Found 0 new candidates in Plainville.
[2026-09-16 08:59:43] 
📍 Scanning Town: Branford, CT (Progress: 32/1000)
[2026-09-16 08:59:53]    Found 0 new candidates in Branford.
[2026-09-16 08:59:53] 
📍 Scanning Town: Southington, CT (Progress: 32/1000)
[2026-09-16 09:00:03]    Found 0 new candidates in Southington.
[2026-09-16 09:00:03] 
📍 Scanning Town: Farmington, CT (Progress: 32/1000)
[2026-09-16 09:00:14]    Found 0 new candidates in Farmington.
[2026-09-16 09:00:14] 
📍 Scanning Town: Stamford, CT (Progress: 32/1000)
[2026-09-16 09:00:24]    Found 0 new candidates in Stamford.
[2026-09-16 09:00:24] 
📍 Scanning Town: East Hartford, CT (Progress: 32/1000)
[2026-09-16 09:00:35]    Found 0 new candidates in East Hartford.
[2026-09-16 09:00:35] 
📍 Scanning Town: Wethersfield, CT (Progress: 32/1000)
[2026-09-16 09:00:45]    Found 0 new candidates in Wethersfield.
[2026-09-16 09:00:45] 
📍 Scanning Town: Norwich, CT (Progress: 32/1000)
[2026-09-16 09:00:55]    Found 0 new candidates in Norwich.
[2026-09-16 09:00:55] 
📍 Scanning Town: Berlin, CT (Progress: 32/1000)
[2026-09-16 09:01:05]    Found 0 new candidates in Berlin.
[2026-09-16 09:01:05] 
📍 Scanning Town: Hartford, CT (Progress: 32/1000)
[2026-09-16 09:01:15]    Found 0 new candidates in Hartford.
[2026-09-16 09:01:15] 
📍 Scanning Town: Waterbury, CT (Progress: 32/1000)
[2026-09-16 09:01:25]    Found 0 new candidates in Waterbury.
[2026-09-16 09:01:25] 
📍 Scanning Town: Enfield, CT (Progress: 32/1000)
[2026-09-16 09:01:35]    Found 0 new candidates in Enfield.
[2026-09-16 09:01:35] 
📍 Scanning Town: Bethel, CT (Progress: 32/1000)
[2026-09-16 09:01:45]    Found 0 new candidates in Bethel.
[2026-09-16 09:01:45] 
📍 Scanning Town: Wilton, CT (Progress: 32/1000)
[2026-09-16 09:01:55]    Found 0 new candidates in Wilton.
[2026-09-16 09:01:55] 
📍 Scanning Town: Hamden, CT (Progress: 32/1000)
[2026-09-16 09:02:07]    Found 0 new candidates in Hamden.
[2026-09-16 09:02:07] 
📍 Scanning Town: Groton, CT (Progress: 32/1000)
[2026-09-16 09:02:17]    Found 0 new candidates in Groton.
[2026-09-16 09:02:17] 
📍 Scanning Town: Oxford, CT (Progress: 32/1000)
[2026-09-16 09:02:28]    Found 0 new candidates in Oxford.
[2026-09-16 09:02:28] 
📍 Scanning Town: Westport, CT (Progress: 32/1000)
[2026-09-16 09:02:38]    Found 0 new candidates in Westport.
[2026-09-16 09:02:38] 
📍 Scanning Town: Glastonbury, CT (Progress: 32/1000)
[2026-09-16 09:02:48]    Found 0 new candidates in Glastonbury.
[2026-09-16 09:02:48] 
📍 Scanning Town: Derby, CT (Progress: 32/1000)
[2026-09-16 09:02:58]    Found 0 new candidates in Derby.
[2026-09-16 09:02:58] 
📍 Scanning Town: Bloomfield, CT (Progress: 32/1000)
[2026-09-16 09:03:08]    Found 0 new candidates in Bloomfield.
[2026-09-16 09:03:08] 
📍 Scanning Town: Avon, CT (Progress: 32/1000)
[2026-09-16 09:03:19]    Found 0 new candidates in Avon.
[2026-09-16 09:03:19] 
📍 Scanning Town: Newington, CT (Progress: 32/1000)
[2026-09-16 09:03:30]    Found 0 new candidates in Newington.
[2026-09-16 09:03:30] 
📍 Scanning Town: Guilford, CT (Progress: 32/1000)
[2026-09-16 09:04:09]    Found 0 new candidates in Guilford.
[2026-09-16 09:04:09] 
📍 Scanning Town: Monroe, CT (Progress: 32/1000)
[2026-09-16 09:04:21]    Found 0 new candidates in Monroe.
[2026-09-16 09:04:21] 
📍 Scanning Town: New Fairfield, CT (Progress: 32/1000)
[2026-09-16 09:04:32]    Found 0 new candidates in New Fairfield.
[2026-09-16 09:04:32] 
📍 Scanning Town: Watertown, CT (Progress: 32/1000)
[2026-09-16 09:04:42]    Found 0 new candidates in Watertown.
[2026-09-16 09:04:42] 
📍 Scanning Town: Middletown, CT (Progress: 32/1000)
[2026-09-16 09:04:52]    Found 0 new candidates in Middletown.
[2026-09-16 09:04:52] 
📍 Scanning Town: Norwalk, CT (Progress: 32/1000)
[2026-09-16 09:05:02]    Found 0 new candidates in Norwalk.
[2026-09-16 09:05:02] 
📍 Scanning Town: Torrington, CT (Progress: 32/1000)
[2026-09-16 09:05:12]    Found 0 new candidates in Torrington.
[2026-09-16 09:05:12] 
📍 Scanning Town: Windsor, CT (Progress: 32/1000)
[2026-09-16 09:05:23]    Found 0 new candidates in Windsor.
[2026-09-16 09:05:23] 
📍 Scanning Town: Vernon, CT (Progress: 32/1000)
[2026-09-16 09:05:32]    Found 0 new candidates in Vernon.
[2026-09-16 09:05:32] 
📍 Scanning Town: Bridgeport, CT (Progress: 32/1000)
[2026-09-16 09:05:42]    Found 0 new candidates in Bridgeport.
[2026-09-16 09:05:42] 
📍 Scanning Town: Naugatuck, CT (Progress: 32/1000)
[2026-09-16 09:05:52]    Found 0 new candidates in Naugatuck.
[2026-09-16 09:05:52] 
📍 Scanning Town: Waterford, CT (Progress: 32/1000)
[2026-09-16 09:06:02]    Found 0 new candidates in Waterford.
[2026-09-16 09:06:02] 
📍 Scanning Town: Mansfield, CT (Progress: 32/1000)
[2026-09-16 09:06:18]    Found 0 new candidates in Mansfield.
[2026-09-16 09:06:18] 
📍 Scanning Town: Simsbury, CT (Progress: 32/1000)
[2026-09-16 09:06:28]    Found 0 new candidates in Simsbury.
[2026-09-16 09:06:28] 
📍 Scanning Town: Southbury, CT (Progress: 32/1000)
[2026-09-16 09:06:39]    Found 0 new candidates in Southbury.
[2026-09-16 09:06:39] 
📍 Scanning Town: Trumbull, CT (Progress: 32/1000)
[2026-09-16 09:06:49]    Found 0 new candidates in Trumbull.
[2026-09-16 09:06:49] 
📍 Scanning Town: Waterford, CT (Progress: 32/1000)
[2026-09-16 09:06:58]    Found 0 new candidates in Waterford.
[2026-09-16 09:06:58] 
📍 Scanning Town: North Haven, CT (Progress: 32/1000)
[2026-09-16 09:07:08]    Found 0 new candidates in North Haven.
[2026-09-16 09:07:08] 
📍 Scanning Town: Seymour, CT (Progress: 32/1000)
[2026-09-16 09:07:18]    Found 0 new candidates in Seymour.
[2026-09-16 09:07:18] 
📍 Scanning Town: Torrington, CT (Progress: 32/1000)
[2026-09-16 09:07:29]    Found 0 new candidates in Torrington.
[2026-09-16 09:07:29] 
📍 Scanning Town: Wethersfield, CT (Progress: 32/1000)
[2026-09-16 09:07:39]    Found 0 new candidates in Wethersfield.
[2026-09-16 09:07:39] 
📍 Scanning Town: Newtown, CT (Progress: 32/1000)
[2026-09-16 09:08:02]    Found 0 new candidates in Newtown.
[2026-09-16 09:08:02] 
📍 Scanning Town: West Hartford, CT (Progress: 32/1000)
[2026-09-16 09:08:25]    Found 0 new candidates in West Hartford.
[2026-09-16 09:08:25] 
📍 Scanning Town: Danbury, CT (Progress: 32/1000)
[2026-09-16 09:08:36]    Found 0 new candidates in Danbury.
[2026-09-16 09:08:36] 
📍 Scanning Town: Simsbury, CT (Progress: 32/1000)
[2026-09-16 09:08:46]    Found 0 new candidates in Simsbury.
[2026-09-16 09:08:46] 
📍 Scanning Town: Vernon, CT (Progress: 32/1000)
[2026-09-16 09:08:56]    Found 0 new candidates in Vernon.
[2026-09-16 09:08:56] 
📍 Scanning Town: Rocky Hill, CT (Progress: 32/1000)
[2026-09-16 09:09:06]    Found 0 new candidates in Rocky Hill.
[2026-09-16 09:09:06] 
📍 Scanning Town: Manchester, CT (Progress: 32/1000)
[2026-09-16 09:09:16]    Found 0 new candidates in Manchester.
[2026-09-16 09:09:16] 
📍 Scanning Town: Oxford, CT (Progress: 32/1000)
[2026-09-16 09:09:27]    Found 0 new candidates in Oxford.
[2026-09-16 09:09:27] 
📍 Scanning Town: Trumbull, CT (Progress: 32/1000)
[2026-09-16 09:09:38]    Found 0 new candidates in Trumbull.
[2026-09-16 09:09:38] 
📍 Scanning Town: Farmington, CT (Progress: 32/1000)
[2026-09-16 09:09:48]    Found 0 new candidates in Farmington.
[2026-09-16 09:09:48] 
📍 Scanning Town: Glastonbury, CT (Progress: 32/1000)
[2026-09-16 09:10:00]    Found 0 new candidates in Glastonbury.
[2026-09-16 09:10:00] 
📍 Scanning Town: Bethel, CT (Progress: 32/1000)
[2026-09-16 09:10:10]    Found 0 new candidates in Bethel.
[2026-09-16 09:10:10] 
📍 Scanning Town: Hamden, CT (Progress: 32/1000)
[2026-09-16 09:10:21]    Found 0 new candidates in Hamden.
[2026-09-16 09:10:21] 
📍 Scanning Town: Berlin, CT (Progress: 32/1000)
[2026-09-16 09:10:31]    Found 0 new candidates in Berlin.
[2026-09-16 09:10:31] 
📍 Scanning Town: Newington, CT (Progress: 32/1000)
[2026-09-16 09:10:52]    Found 0 new candidates in Newington.
[2026-09-16 09:10:52] 
📍 Scanning Town: Windsor, CT (Progress: 32/1000)
[2026-09-16 09:11:02]    Found 0 new candidates in Windsor.
[2026-09-16 09:11:02] 
📍 Scanning Town: Waterbury, CT (Progress: 32/1000)
[2026-09-16 09:11:12]    Found 0 new candidates in Waterbury.
[2026-09-16 09:11:12] 
📍 Scanning Town: Southington, CT (Progress: 32/1000)
[2026-09-16 09:11:22]    Found 0 new candidates in Southington.
[2026-09-16 09:11:22] 
📍 Scanning Town: Southbury, CT (Progress: 32/1000)
[2026-09-16 09:11:33]    Found 0 new candidates in Southbury.
[2026-09-16 09:11:33] 
📍 Scanning Town: Ansonia, CT (Progress: 32/1000)
[2026-09-16 09:11:44]    Found 0 new candidates in Ansonia.
[2026-09-16 09:11:44] 
📍 Scanning Town: Hartford, CT (Progress: 32/1000)
[2026-09-16 09:11:54]    Found 0 new candidates in Hartford.
[2026-09-16 09:11:54] 
📍 Scanning Town: Middletown, CT (Progress: 32/1000)
[2026-09-16 09:12:14]    Found 0 new candidates in Middletown.
[2026-09-16 09:12:14] 
📍 Scanning Town: Enfield, CT (Progress: 32/1000)
[2026-09-16 09:12:24]    Found 0 new candidates in Enfield.
[2026-09-16 09:12:24] 
📍 Scanning Town: Groton, CT (Progress: 32/1000)
[2026-09-16 09:12:34]    Found 0 new candidates in Groton.
[2026-09-16 09:12:34] 
📍 Scanning Town: Milford, CT (Progress: 32/1000)
[2026-09-16 09:12:56]    Found 0 new candidates in Milford.
[2026-09-16 09:12:56] 
📍 Scanning Town: Brookfield, CT (Progress: 32/1000)
[2026-09-16 09:13:06]    Found 0 new candidates in Brookfield.
[2026-09-16 09:13:06] 
📍 Scanning Town: Derby, CT (Progress: 32/1000)
[2026-09-16 09:13:20]    Found 0 new candidates in Derby.
[2026-09-16 09:13:20] 
📍 Scanning Town: East Hartford, CT (Progress: 32/1000)
[2026-09-16 09:13:31]    Found 0 new candidates in East Hartford.
[2026-09-16 09:13:31] 
📍 Scanning Town: Norwalk, CT (Progress: 32/1000)
[2026-09-16 09:13:42]    Found 0 new candidates in Norwalk.
[2026-09-16 09:13:42] 
📍 Scanning Town: Norwich, CT (Progress: 32/1000)
[2026-09-16 09:14:03]    Found 0 new candidates in Norwich.
[2026-09-16 09:14:03] 
📍 Scanning Town: Meriden, CT (Progress: 32/1000)
[2026-09-16 09:14:24]    Found 0 new candidates in Meriden.
[2026-09-16 09:14:24] 
📍 Scanning Town: Stamford, CT (Progress: 32/1000)
[2026-09-16 09:14:44]    Found 0 new candidates in Stamford.
[2026-09-16 09:14:44] 
📍 Scanning Town: Woodbury, CT (Progress: 32/1000)
[2026-09-16 09:14:55]    Found 0 new candidates in Woodbury.
[2026-09-16 09:14:55] 
📍 Scanning Town: Bristol, CT (Progress: 32/1000)
[2026-09-16 09:15:06]    Found 0 new candidates in Bristol.
[2026-09-16 09:15:06] 
📍 Scanning Town: Mansfield, CT (Progress: 32/1000)
[2026-09-16 09:15:16]    Found 0 new candidates in Mansfield.
[2026-09-16 09:15:16] 
📍 Scanning Town: Avon, CT (Progress: 32/1000)
[2026-09-16 09:15:27]    Found 0 new candidates in Avon.
[2026-09-16 09:15:27] 
📍 Scanning Town: Prospect, CT (Progress: 32/1000)
[2026-09-16 09:15:38]    Found 0 new candidates in Prospect.
[2026-09-16 09:15:38] 
📍 Scanning Town: Cromwell, CT (Progress: 32/1000)
[2026-09-16 09:15:48]    Found 0 new candidates in Cromwell.
[2026-09-16 09:15:48] 
📍 Scanning Town: Stratford, CT (Progress: 32/1000)
[2026-09-16 09:15:58]    Found 0 new candidates in Stratford.
[2026-09-16 09:15:58] 
📍 Scanning Town: Greenwich, CT (Progress: 32/1000)
[2026-09-16 09:16:09]    Found 0 new candidates in Greenwich.
[2026-09-16 09:16:09] 
📍 Scanning Town: Ridgefield, CT (Progress: 32/1000)
[2026-09-16 09:16:30]    Found 0 new candidates in Ridgefield.
[2026-09-16 09:16:30] 
📍 Scanning Town: Shelton, CT (Progress: 32/1000)
[2026-09-16 09:16:50]    Found 0 new candidates in Shelton.
[2026-09-16 09:16:50] 
📍 Scanning Town: Plainville, CT (Progress: 32/1000)
[2026-09-16 09:17:00]    Found 0 new candidates in Plainville.
[2026-09-16 09:17:00] 
📍 Scanning Town: Branford, CT (Progress: 32/1000)
[2026-09-16 09:17:20]    Found 0 new candidates in Branford.
[2026-09-16 09:17:20] 
📍 Scanning Town: Naugatuck, CT (Progress: 32/1000)
[2026-09-16 09:17:30]    Found 0 new candidates in Naugatuck.
[2026-09-16 09:17:30] 
📍 Scanning Town: New Fairfield, CT (Progress: 32/1000)
[2026-09-16 09:17:52]    Found 0 new candidates in New Fairfield.
[2026-09-16 09:17:52] 
📍 Scanning Town: Westport, CT (Progress: 32/1000)
[2026-09-16 09:18:15]    Found 0 new candidates in Westport.
[2026-09-16 09:18:15] 
📍 Scanning Town: Orange, CT (Progress: 32/1000)
[2026-09-16 09:18:40]    Found 0 new candidates in Orange.
[2026-09-16 09:18:40] 
📍 Scanning Town: Watertown, CT (Progress: 32/1000)
[2026-09-16 09:18:51]    Found 0 new candidates in Watertown.
[2026-09-16 09:18:51] 
📍 Scanning Town: West Haven, CT (Progress: 32/1000)
[2026-09-16 09:19:01]    Found 0 new candidates in West Haven.
[2026-09-16 09:19:01] 
📍 Scanning Town: Wilton, CT (Progress: 32/1000)
[2026-09-16 09:19:10]    Found 0 new candidates in Wilton.
[2026-09-16 09:19:10] 
📍 Scanning Town: Cheshire, CT (Progress: 32/1000)
[2026-09-16 09:19:21]    Found 0 new candidates in Cheshire.
[2026-09-16 09:19:21] 
📍 Scanning Town: Fairfield, CT (Progress: 32/1000)
[2026-09-16 09:19:42]    Found 0 new candidates in Fairfield.
[2026-09-16 09:19:42] 
📍 Scanning Town: Bridgeport, CT (Progress: 32/1000)
[2026-09-16 09:19:53]    Found 0 new candidates in Bridgeport.
[2026-09-16 09:19:53] 
📍 Scanning Town: Bloomfield, CT (Progress: 32/1000)
[2026-09-16 09:20:15]    Found 0 new candidates in Bloomfield.
[2026-09-16 09:20:15] 
📍 Scanning Town: New Haven, CT (Progress: 32/1000)
[2026-09-16 09:20:26]    Found 0 new candidates in New Haven.
[2026-09-16 09:20:26] 
📍 Scanning Town: Guilford, CT (Progress: 32/1000)
[2026-09-16 09:20:36]    Found 0 new candidates in Guilford.
[2026-09-16 09:20:36] 
📍 Scanning Town: Darien, CT (Progress: 32/1000)
[2026-09-16 09:20:46]    Found 0 new candidates in Darien.
[2026-09-16 09:20:46] 
📍 Scanning Town: South Windsor, CT (Progress: 32/1000)
[2026-09-16 09:21:13]    Found 0 new candidates in South Windsor.
[2026-09-16 09:21:13] 
📍 Scanning Town: Monroe, CT (Progress: 32/1000)
[2026-09-16 09:21:24]    Found 0 new candidates in Monroe.
[2026-09-16 09:21:24] 
📍 Scanning Town: Vernon, CT (Progress: 32/1000)
[2026-09-16 09:21:34]    Found 0 new candidates in Vernon.
[2026-09-16 09:21:34] 
📍 Scanning Town: East Hartford, CT (Progress: 32/1000)
[2026-09-16 09:21:55]    Found 0 new candidates in East Hartford.
[2026-09-16 09:21:55] 
📍 Scanning Town: Greenwich, CT (Progress: 32/1000)
[2026-09-16 09:22:04]    Found 0 new candidates in Greenwich.
[2026-09-16 09:22:04] 
📍 Scanning Town: Watertown, CT (Progress: 32/1000)
[2026-09-16 09:22:15]    Found 0 new candidates in Watertown.
[2026-09-16 09:22:15] 
📍 Scanning Town: South Windsor, CT (Progress: 32/1000)
[2026-09-16 09:22:25]    Found 0 new candidates in South Windsor.
[2026-09-16 09:22:25] 
📍 Scanning Town: Bloomfield, CT (Progress: 32/1000)
[2026-09-16 09:22:36]    Found 0 new candidates in Bloomfield.
[2026-09-16 09:22:36] 
📍 Scanning Town: Waterbury, CT (Progress: 32/1000)
[2026-09-16 09:22:55]    Found 0 new candidates in Waterbury.
[2026-09-16 09:22:55] 
📍 Scanning Town: Manchester, CT (Progress: 32/1000)
[2026-09-16 09:23:06]    Found 0 new candidates in Manchester.
[2026-09-16 09:23:06] 
📍 Scanning Town: Orange, CT (Progress: 32/1000)
[2026-09-16 09:23:16]    Found 0 new candidates in Orange.
[2026-09-16 09:23:16] 
📍 Scanning Town: Prospect, CT (Progress: 32/1000)
[2026-09-16 09:23:25]    Found 0 new candidates in Prospect.
[2026-09-16 09:23:25] 
📍 Scanning Town: Torrington, CT (Progress: 32/1000)
[2026-09-16 09:23:44]    Found 0 new candidates in Torrington.
[2026-09-16 09:23:44] 
📍 Scanning Town: Oxford, CT (Progress: 32/1000)
[2026-09-16 09:24:08]    Found 0 new candidates in Oxford.
[2026-09-16 09:24:08] 
📍 Scanning Town: Trumbull, CT (Progress: 32/1000)
[2026-09-16 09:24:30]    Found 0 new candidates in Trumbull.
[2026-09-16 09:24:30] 
📍 Scanning Town: Milford, CT (Progress: 32/1000)
[2026-09-16 09:24:41]    Found 0 new candidates in Milford.
[2026-09-16 09:24:41] 
📍 Scanning Town: Stamford, CT (Progress: 32/1000)
[2026-09-16 09:24:51]    Found 0 new candidates in Stamford.
[2026-09-16 09:24:51] 
📍 Scanning Town: Darien, CT (Progress: 32/1000)
[2026-09-16 09:25:01]    Found 0 new candidates in Darien.
[2026-09-16 09:25:01] 
📍 Scanning Town: Mansfield, CT (Progress: 32/1000)
[2026-09-16 09:25:19]    Found 0 new candidates in Mansfield.
[2026-09-16 09:25:19] 
📍 Scanning Town: Glastonbury, CT (Progress: 32/1000)
[2026-09-16 09:25:39]    Found 0 new candidates in Glastonbury.
[2026-09-16 09:25:39] 
📍 Scanning Town: Brookfield, CT (Progress: 32/1000)
[2026-09-16 09:25:49]    Found 0 new candidates in Brookfield.
[2026-09-16 09:25:49] 
📍 Scanning Town: North Haven, CT (Progress: 32/1000)
[2026-09-16 09:26:16]    Found 0 new candidates in North Haven.
[2026-09-16 09:26:16] 
📍 Scanning Town: Rocky Hill, CT (Progress: 32/1000)
[2026-09-16 09:26:26]    Found 0 new candidates in Rocky Hill.
[2026-09-16 09:26:26] 
📍 Scanning Town: New Fairfield, CT (Progress: 32/1000)
[2026-09-16 09:26:38]    Found 0 new candidates in New Fairfield.
[2026-09-16 09:26:38] 
📍 Scanning Town: Westport, CT (Progress: 32/1000)
[2026-09-16 09:26:49]    Found 0 new candidates in Westport.
[2026-09-16 09:26:49] 
📍 Scanning Town: Danbury, CT (Progress: 32/1000)
[2026-09-16 09:27:13]    Found 0 new candidates in Danbury.
[2026-09-16 09:27:13] 
📍 Scanning Town: Naugatuck, CT (Progress: 32/1000)
[2026-09-16 09:27:34]    Found 0 new candidates in Naugatuck.
[2026-09-16 09:27:34] 
📍 Scanning Town: Avon, CT (Progress: 32/1000)
[2026-09-16 09:27:57]    Found 0 new candidates in Avon.
[2026-09-16 09:27:57] 
📍 Scanning Town: Monroe, CT (Progress: 32/1000)
[2026-09-16 09:28:22]    Found 0 new candidates in Monroe.
[2026-09-16 09:28:22] 
📍 Scanning Town: Waterford, CT (Progress: 32/1000)
[2026-09-16 09:28:45]    Found 0 new candidates in Waterford.
[2026-09-16 09:28:45] 
📍 Scanning Town: Derby, CT (Progress: 32/1000)
[2026-09-16 09:29:12]    Found 0 new candidates in Derby.
[2026-09-16 09:29:12] 
📍 Scanning Town: Woodbury, CT (Progress: 32/1000)
[2026-09-16 09:29:34]    Found 0 new candidates in Woodbury.
[2026-09-16 09:29:34] 
📍 Scanning Town: Bridgeport, CT (Progress: 32/1000)
[2026-09-16 09:29:44]    Found 0 new candidates in Bridgeport.
[2026-09-16 09:29:44] 
📍 Scanning Town: Ansonia, CT (Progress: 32/1000)
[2026-09-16 09:30:03]    Found 0 new candidates in Ansonia.
[2026-09-16 09:30:03] 
📍 Scanning Town: Bethel, CT (Progress: 32/1000)
[2026-09-16 09:30:49]    Found 0 new candidates in Bethel.
[2026-09-16 09:30:49] 
📍 Scanning Town: Branford, CT (Progress: 32/1000)
[2026-09-16 09:31:00]    Found 0 new candidates in Branford.
[2026-09-16 09:31:00] 
📍 Scanning Town: Newington, CT (Progress: 32/1000)
[2026-09-16 09:31:11]    Found 0 new candidates in Newington.
[2026-09-16 09:31:11] 
📍 Scanning Town: Hamden, CT (Progress: 32/1000)
[2026-09-16 09:31:35]    Found 0 new candidates in Hamden.
[2026-09-16 09:31:35] 
📍 Scanning Town: Newtown, CT (Progress: 32/1000)
[2026-09-16 09:31:45]    Found 0 new candidates in Newtown.
[2026-09-16 09:31:45] 
📍 Scanning Town: Meriden, CT (Progress: 32/1000)
[2026-09-16 09:31:55]    Found 0 new candidates in Meriden.
[2026-09-16 09:31:55] 
📍 Scanning Town: Windsor, CT (Progress: 32/1000)
[2026-09-16 09:32:52]    Found 0 new candidates in Windsor.
[2026-09-16 09:32:52] 
📍 Scanning Town: Groton, CT (Progress: 32/1000)
[2026-09-16 09:33:39]    Found 0 new candidates in Groton.
[2026-09-16 09:33:39] 
📍 Scanning Town: New Haven, CT (Progress: 32/1000)
[2026-09-16 09:34:19]    Found 0 new candidates in New Haven.
[2026-09-16 09:34:19] 
📍 Scanning Town: Norwalk, CT (Progress: 32/1000)
[2026-09-16 09:35:10]    Found 0 new candidates in Norwalk.
[2026-09-16 09:35:10] 
📍 Scanning Town: Guilford, CT (Progress: 32/1000)
[2026-09-16 09:35:21]    Found 0 new candidates in Guilford.
[2026-09-16 09:35:21] 
📍 Scanning Town: Wethersfield, CT (Progress: 32/1000)
[2026-09-16 09:36:09]    Found 0 new candidates in Wethersfield.
[2026-09-16 09:36:09] 
📍 Scanning Town: Cromwell, CT (Progress: 32/1000)
[2026-09-16 09:37:10]    Found 0 new candidates in Cromwell.
[2026-09-16 09:37:10] 
📍 Scanning Town: Cheshire, CT (Progress: 32/1000)
[2026-09-16 09:37:52]    Found 0 new candidates in Cheshire.
[2026-09-16 09:37:52] 
📍 Scanning Town: Hartford, CT (Progress: 32/1000)
[2026-09-16 09:38:28]    Found 0 new candidates in Hartford.
[2026-09-16 09:38:28] 
📍 Scanning Town: Southbury, CT (Progress: 32/1000)
[2026-09-16 09:38:58]    Found 0 new candidates in Southbury.
[2026-09-16 09:38:58] 
📍 Scanning Town: Wilton, CT (Progress: 32/1000)
[2026-09-16 09:39:37]    Found 0 new candidates in Wilton.
[2026-09-16 09:39:37] 
📍 Scanning Town: Plainville, CT (Progress: 32/1000)
[2026-09-16 09:40:00]    Found 0 new candidates in Plainville.
[2026-09-16 09:40:00] 
📍 Scanning Town: Southington, CT (Progress: 32/1000)
[2026-09-16 09:40:20]    Found 0 new candidates in Southington.
[2026-09-16 09:40:20] 
📍 Scanning Town: Norwich, CT (Progress: 32/1000)
[2026-09-16 09:40:30]    Found 0 new candidates in Norwich.
[2026-09-16 09:40:30] 
📍 Scanning Town: Berlin, CT (Progress: 32/1000)
[2026-09-16 09:41:18]    Found 0 new candidates in Berlin.
[2026-09-16 09:41:18] 
📍 Scanning Town: Fairfield, CT (Progress: 32/1000)
[2026-09-16 09:41:29]    Found 0 new candidates in Fairfield.
[2026-09-16 09:41:29] 
📍 Scanning Town: Enfield, CT (Progress: 32/1000)
[2026-09-16 09:42:02]    Found 0 new candidates in Enfield.
[2026-09-16 09:42:02] 
📍 Scanning Town: Stratford, CT (Progress: 32/1000)
[2026-09-16 09:42:44]    Found 0 new candidates in Stratford.
[2026-09-16 09:42:44] 
📍 Scanning Town: Middletown, CT (Progress: 32/1000)
[2026-09-16 09:42:55]    Found 0 new candidates in Middletown.
[2026-09-16 09:42:55] 
📍 Scanning Town: Bristol, CT (Progress: 32/1000)
[2026-09-16 09:43:53]    Found 0 new candidates in Bristol.
[2026-09-16 09:43:53] 
📍 Scanning Town: West Hartford, CT (Progress: 32/1000)
[2026-09-16 09:44:05]    Found 0 new candidates in West Hartford.
[2026-09-16 09:44:05] 
📍 Scanning Town: Shelton, CT (Progress: 32/1000)
[2026-09-16 09:44:15]    Found 0 new candidates in Shelton.
[2026-09-16 09:44:15] 
📍 Scanning Town: Ridgefield, CT (Progress: 32/1000)
[2026-09-16 09:44:25]    Found 0 new candidates in Ridgefield.
[2026-09-16 09:44:25] 
📍 Scanning Town: Simsbury, CT (Progress: 32/1000)
[2026-09-16 09:44:46]    Found 0 new candidates in Simsbury.
[2026-09-16 09:44:46] 
📍 Scanning Town: Seymour, CT (Progress: 32/1000)
[2026-09-16 09:46:05]    Found 0 new candidates in Seymour.
[2026-09-16 09:46:05] 
📍 Scanning Town: Farmington, CT (Progress: 32/1000)
[2026-09-16 09:46:56]    Found 0 new candidates in Farmington.
[2026-09-16 09:46:56] 
📍 Scanning Town: West Haven, CT (Progress: 32/1000)
[2026-09-16 09:47:40]    Found 0 new candidates in West Haven.
[2026-09-16 09:47:40] 
📍 Scanning Town: West Hartford, CT (Progress: 32/1000)
[2026-09-16 09:47:51]    Found 0 new candidates in West Hartford.
[2026-09-16 09:47:51] 
📍 Scanning Town: Torrington, CT (Progress: 32/1000)
[2026-09-16 09:48:01]    Found 0 new candidates in Torrington.
[2026-09-16 09:48:01] 
📍 Scanning Town: Norwalk, CT (Progress: 32/1000)
[2026-09-16 09:48:12]    Found 0 new candidates in Norwalk.
[2026-09-16 09:48:12] 
📍 Scanning Town: Waterbury, CT (Progress: 32/1000)
[2026-09-16 09:48:23]    Found 0 new candidates in Waterbury.
[2026-09-16 09:48:23] 
📍 Scanning Town: Southington, CT (Progress: 32/1000)
[2026-09-16 09:48:33]    Found 0 new candidates in Southington.
[2026-09-16 09:48:33] 
📍 Scanning Town: Branford, CT (Progress: 32/1000)
[2026-09-16 09:48:43]    Found 0 new candidates in Branford.
[2026-09-16 09:48:43] 
📍 Scanning Town: Greenwich, CT (Progress: 32/1000)
[2026-09-16 09:49:30]    Found 0 new candidates in Greenwich.
[2026-09-16 09:49:30] 
📍 Scanning Town: Brookfield, CT (Progress: 32/1000)
[2026-09-16 09:50:30]    Found 0 new candidates in Brookfield.
[2026-09-16 09:50:30] 
📍 Scanning Town: Hamden, CT (Progress: 32/1000)
[2026-09-16 09:50:39]    Found 0 new candidates in Hamden.
[2026-09-16 09:50:39] 
📍 Scanning Town: Southbury, CT (Progress: 32/1000)
[2026-09-16 09:50:49]    Found 0 new candidates in Southbury.
[2026-09-16 09:50:49] 
📍 Scanning Town: Glastonbury, CT (Progress: 32/1000)
[2026-09-16 09:50:59]    Found 0 new candidates in Glastonbury.
[2026-09-16 09:50:59] 
📍 Scanning Town: Westport, CT (Progress: 32/1000)
[2026-09-16 09:51:10]    Found 0 new candidates in Westport.
[2026-09-16 09:51:10] 
📍 Scanning Town: Farmington, CT (Progress: 32/1000)
[2026-09-16 09:51:20]    Found 0 new candidates in Farmington.
[2026-09-16 09:51:20] 
📍 Scanning Town: Cheshire, CT (Progress: 32/1000)
[2026-09-16 09:51:30]    Found 0 new candidates in Cheshire.
[2026-09-16 09:51:30] 
📍 Scanning Town: New Haven, CT (Progress: 32/1000)
[2026-09-16 09:51:40]    Found 0 new candidates in New Haven.
[2026-09-16 09:51:40] 
📍 Scanning Town: Shelton, CT (Progress: 32/1000)
[2026-09-16 09:51:51]    Found 0 new candidates in Shelton.
[2026-09-16 09:51:51] 
📍 Scanning Town: Avon, CT (Progress: 32/1000)
[2026-09-16 09:52:01]    Found 0 new candidates in Avon.
[2026-09-16 09:52:01] 
📍 Scanning Town: Watertown, CT (Progress: 32/1000)
[2026-09-16 09:52:23]    Found 0 new candidates in Watertown.
[2026-09-16 09:52:23] 
📍 Scanning Town: Wethersfield, CT (Progress: 32/1000)
[2026-09-16 09:52:33]    Found 0 new candidates in Wethersfield.
[2026-09-16 09:52:33] 
📍 Scanning Town: Windsor, CT (Progress: 32/1000)
[2026-09-16 09:52:50]    Found 0 new candidates in Windsor.
[2026-09-16 09:52:50] 
📍 Scanning Town: Bethel, CT (Progress: 32/1000)
[2026-09-16 09:53:00]    Found 0 new candidates in Bethel.
[2026-09-16 09:53:00] 
📍 Scanning Town: East Hartford, CT (Progress: 32/1000)
[2026-09-16 09:53:16]    Found 0 new candidates in East Hartford.
[2026-09-16 09:53:16] 
📍 Scanning Town: Mansfield, CT (Progress: 32/1000)
[2026-09-16 09:53:25]    Found 0 new candidates in Mansfield.
[2026-09-16 09:53:25] 
📍 Scanning Town: Darien, CT (Progress: 32/1000)
[2026-09-16 09:53:53]    Found 0 new candidates in Darien.
[2026-09-16 09:53:53] 
📍 Scanning Town: Guilford, CT (Progress: 32/1000)
[2026-09-16 09:54:03]    Found 0 new candidates in Guilford.
[2026-09-16 09:54:03] 
📍 Scanning Town: Hartford, CT (Progress: 32/1000)
[2026-09-16 09:54:14]    Found 0 new candidates in Hartford.
[2026-09-16 09:54:14] 
📍 Scanning Town: New Fairfield, CT (Progress: 32/1000)
[2026-09-16 09:54:24]    Found 0 new candidates in New Fairfield.
[2026-09-16 09:54:24] 
📍 Scanning Town: Manchester, CT (Progress: 32/1000)
[2026-09-16 09:55:12]    Found 0 new candidates in Manchester.
[2026-09-16 09:55:12] 
📍 Scanning Town: Norwich, CT (Progress: 32/1000)
[2026-09-16 09:55:22]    Found 0 new candidates in Norwich.
[2026-09-16 09:55:22] 
📍 Scanning Town: Monroe, CT (Progress: 32/1000)
[2026-09-16 09:55:33]    Found 0 new candidates in Monroe.
[2026-09-16 09:55:33] 
📍 Scanning Town: Ansonia, CT (Progress: 32/1000)
[2026-09-16 09:55:43]    Found 0 new candidates in Ansonia.
[2026-09-16 09:55:43] 
📍 Scanning Town: North Haven, CT (Progress: 32/1000)
[2026-09-16 09:55:54]    Found 0 new candidates in North Haven.
[2026-09-16 09:55:54] 
📍 Scanning Town: Wilton, CT (Progress: 32/1000)
[2026-09-16 09:56:04]    Found 0 new candidates in Wilton.
[2026-09-16 09:56:04] 
📍 Scanning Town: South Windsor, CT (Progress: 32/1000)
[2026-09-16 09:56:15]    Found 0 new candidates in South Windsor.
[2026-09-16 09:56:15] 
📍 Scanning Town: Derby, CT (Progress: 32/1000)
[2026-09-16 09:56:25]    Found 0 new candidates in Derby.
[2026-09-16 09:56:25] 
📍 Scanning Town: Danbury, CT (Progress: 32/1000)
[2026-09-16 09:56:34]    Found 0 new candidates in Danbury.
[2026-09-16 09:56:34] 
📍 Scanning Town: Groton, CT (Progress: 32/1000)
[2026-09-16 09:56:44]    Found 0 new candidates in Groton.
[2026-09-16 09:56:44] 
📍 Scanning Town: Stratford, CT (Progress: 32/1000)
[2026-09-16 09:56:54]    Found 0 new candidates in Stratford.
[2026-09-16 09:56:54] 
📍 Scanning Town: Ridgefield, CT (Progress: 32/1000)
[2026-09-16 09:57:05]    Found 0 new candidates in Ridgefield.
[2026-09-16 09:57:05] 
📍 Scanning Town: Fairfield, CT (Progress: 32/1000)
[2026-09-16 09:57:15]    Found 0 new candidates in Fairfield.
[2026-09-16 09:57:15] 
📍 Scanning Town: Rocky Hill, CT (Progress: 32/1000)
[2026-09-16 09:57:52]    Found 0 new candidates in Rocky Hill.
[2026-09-16 09:57:52] 
📍 Scanning Town: Vernon, CT (Progress: 32/1000)
[2026-09-16 09:58:40]    Found 0 new candidates in Vernon.
[2026-09-16 09:58:40] 
📍 Scanning Town: Newtown, CT (Progress: 32/1000)
[2026-09-16 09:58:50]    Found 0 new candidates in Newtown.
[2026-09-16 09:58:50] 
📍 Scanning Town: Waterford, CT (Progress: 32/1000)
[2026-09-16 09:59:01]    Found 0 new candidates in Waterford.
[2026-09-16 09:59:01] 
📍 Scanning Town: Plainville, CT (Progress: 32/1000)
[2026-09-16 09:59:12]    Found 0 new candidates in Plainville.
[2026-09-16 09:59:12] 
📍 Scanning Town: Oxford, CT (Progress: 32/1000)
[2026-09-16 09:59:23]    Found 0 new candidates in Oxford.
[2026-09-16 09:59:23] 
📍 Scanning Town: Orange, CT (Progress: 32/1000)
[2026-09-16 09:59:33]    Found 0 new candidates in Orange.
[2026-09-16 09:59:33] 
📍 Scanning Town: Bristol, CT (Progress: 32/1000)
[2026-09-16 09:59:43]    Found 0 new candidates in Bristol.
[2026-09-16 09:59:43] 
📍 Scanning Town: Cromwell, CT (Progress: 32/1000)
[2026-09-16 09:59:54]    Found 0 new candidates in Cromwell.
[2026-09-16 09:59:54] 
📍 Scanning Town: Naugatuck, CT (Progress: 32/1000)
[2026-09-16 10:00:03]    Found 0 new candidates in Naugatuck.
[2026-09-16 10:00:03] 
📍 Scanning Town: Seymour, CT (Progress: 32/1000)
[2026-09-16 10:00:20]    Found 0 new candidates in Seymour.
[2026-09-16 10:00:20] 
📍 Scanning Town: Prospect, CT (Progress: 32/1000)
[2026-09-16 10:01:29]    Found 0 new candidates in Prospect.
[2026-09-16 10:01:29] 
📍 Scanning Town: Trumbull, CT (Progress: 32/1000)
[2026-09-16 10:01:39]    Found 0 new candidates in Trumbull.
[2026-09-16 10:01:39] 
📍 Scanning Town: Simsbury, CT (Progress: 32/1000)
[2026-09-16 10:01:49]    Found 0 new candidates in Simsbury.
[2026-09-16 10:01:49] 
📍 Scanning Town: Bloomfield, CT (Progress: 32/1000)
[2026-09-16 10:01:59]    Found 0 new candidates in Bloomfield.
[2026-09-16 10:01:59] 
📍 Scanning Town: West Haven, CT (Progress: 32/1000)
[2026-09-16 10:02:10]    Found 0 new candidates in West Haven.
[2026-09-16 10:02:10] 
📍 Scanning Town: Enfield, CT (Progress: 32/1000)
[2026-09-16 10:02:20]    Found 0 new candidates in Enfield.
[2026-09-16 10:02:20] 
📍 Scanning Town: Meriden, CT (Progress: 32/1000)
[2026-09-16 10:02:30]    Found 0 new candidates in Meriden.
[2026-09-16 10:02:30] 
📍 Scanning Town: Stamford, CT (Progress: 32/1000)
[2026-09-16 10:02:41]    Found 0 new candidates in Stamford.
[2026-09-16 10:02:41] 
📍 Scanning Town: Woodbury, CT (Progress: 32/1000)
[2026-09-16 10:02:52]    Found 0 new candidates in Woodbury.
[2026-09-16 10:02:52] 
📍 Scanning Town: Milford, CT (Progress: 32/1000)
[2026-09-16 10:03:03]    Found 0 new candidates in Milford.
[2026-09-16 10:03:03] 
📍 Scanning Town: Berlin, CT (Progress: 32/1000)
[2026-09-16 10:03:20]    Found 0 new candidates in Berlin.
[2026-09-16 10:03:20] 
📍 Scanning Town: Newington, CT (Progress: 32/1000)
[2026-09-16 10:03:33]    Found 0 new candidates in Newington.
[2026-09-16 10:03:33] 
📍 Scanning Town: Bridgeport, CT (Progress: 32/1000)
[2026-09-16 10:04:15]    Found 0 new candidates in Bridgeport.
[2026-09-16 10:04:15] 
📍 Scanning Town: Middletown, CT (Progress: 32/1000)
[2026-09-16 10:04:24]    Found 0 new candidates in Middletown.
[2026-09-16 10:04:24] 
📍 Scanning Town: Newington, CT (Progress: 32/1000)
[2026-09-16 10:04:34]    Found 0 new candidates in Newington.
[2026-09-16 10:04:34] 
📍 Scanning Town: Glastonbury, CT (Progress: 32/1000)
[2026-09-16 10:04:44]    Found 0 new candidates in Glastonbury.
[2026-09-16 10:04:44] 
📍 Scanning Town: Wethersfield, CT (Progress: 32/1000)
[2026-09-16 10:04:55]    Found 0 new candidates in Wethersfield.
[2026-09-16 10:04:55] 
📍 Scanning Town: Orange, CT (Progress: 32/1000)
[2026-09-16 10:05:04]    Found 0 new candidates in Orange.
[2026-09-16 10:05:04] 
📍 Scanning Town: Newtown, CT (Progress: 32/1000)
[2026-09-16 10:05:14]    Found 0 new candidates in Newtown.
[2026-09-16 10:05:14] 
📍 Scanning Town: Hamden, CT (Progress: 32/1000)
[2026-09-16 10:05:24]    Found 0 new candidates in Hamden.
[2026-09-16 10:05:24] 
📍 Scanning Town: Woodbury, CT (Progress: 32/1000)
[2026-09-16 10:05:33]    Found 0 new candidates in Woodbury.
[2026-09-16 10:05:33] 
📍 Scanning Town: New Haven, CT (Progress: 32/1000)
[2026-09-16 10:05:44]    Found 0 new candidates in New Haven.
[2026-09-16 10:05:44] 
📍 Scanning Town: Branford, CT (Progress: 32/1000)
[2026-09-16 10:05:55]    Found 0 new candidates in Branford.
[2026-09-16 10:05:55] 
📍 Scanning Town: Plainville, CT (Progress: 32/1000)
[2026-09-16 10:06:05]    Found 0 new candidates in Plainville.
[2026-09-16 10:06:05] 
📍 Scanning Town: Cromwell, CT (Progress: 32/1000)
[2026-09-16 10:06:15]    Found 0 new candidates in Cromwell.
[2026-09-16 10:06:15] 
📍 Scanning Town: Norwalk, CT (Progress: 32/1000)
[2026-09-16 10:06:24]    Found 0 new candidates in Norwalk.
[2026-09-16 10:06:24] 
📍 Scanning Town: Groton, CT (Progress: 32/1000)
[2026-09-16 10:06:34]    Found 0 new candidates in Groton.
[2026-09-16 10:06:34] 
📍 Scanning Town: Southbury, CT (Progress: 32/1000)
[2026-09-16 10:06:44]    Found 0 new candidates in Southbury.
[2026-09-16 10:06:44] 
📍 Scanning Town: Bethel, CT (Progress: 32/1000)
[2026-09-16 10:06:54]    Found 0 new candidates in Bethel.
[2026-09-16 10:06:54] 
📍 Scanning Town: Southington, CT (Progress: 32/1000)
[2026-09-16 10:07:04]    Found 0 new candidates in Southington.
[2026-09-16 10:07:04] 
📍 Scanning Town: Middletown, CT (Progress: 32/1000)
[2026-09-16 10:07:14]    Found 0 new candidates in Middletown.
[2026-09-16 10:07:14] 
📍 Scanning Town: Manchester, CT (Progress: 32/1000)
[2026-09-16 10:07:23]    Found 0 new candidates in Manchester.
[2026-09-16 10:07:23] 
📍 Scanning Town: Meriden, CT (Progress: 32/1000)
[2026-09-16 10:07:33]    Found 0 new candidates in Meriden.
[2026-09-16 10:07:33] 
📍 Scanning Town: Milford, CT (Progress: 32/1000)
[2026-09-16 10:07:43]    Found 0 new candidates in Milford.
[2026-09-16 10:07:43] 
📍 Scanning Town: Monroe, CT (Progress: 32/1000)
[2026-09-16 10:07:53]    Found 0 new candidates in Monroe.
[2026-09-16 10:07:53] 
📍 Scanning Town: Norwich, CT (Progress: 32/1000)
[2026-09-16 10:08:03]    Found 0 new candidates in Norwich.
[2026-09-16 10:08:03] 
📍 Scanning Town: West Haven, CT (Progress: 32/1000)
[2026-09-16 10:08:13]    Found 0 new candidates in West Haven.
[2026-09-16 10:08:13] 
📍 Scanning Town: Danbury, CT (Progress: 32/1000)
[2026-09-16 10:08:24]    Found 0 new candidates in Danbury.
[2026-09-16 10:08:24] 
📍 Scanning Town: Vernon, CT (Progress: 32/1000)
[2026-09-16 10:08:34]    Found 0 new candidates in Vernon.
[2026-09-16 10:08:34] 
📍 Scanning Town: Hartford, CT (Progress: 32/1000)
[2026-09-16 10:08:44]    Found 0 new candidates in Hartford.
[2026-09-16 10:08:44] 
📍 Scanning Town: Berlin, CT (Progress: 32/1000)
[2026-09-16 10:08:55]    Found 0 new candidates in Berlin.
[2026-09-16 10:08:55] 
📍 Scanning Town: Waterford, CT (Progress: 32/1000)
[2026-09-16 10:09:06]    Found 0 new candidates in Waterford.
[2026-09-16 10:09:06] 
📍 Scanning Town: Derby, CT (Progress: 32/1000)
[2026-09-16 10:09:15]    Found 0 new candidates in Derby.
[2026-09-16 10:09:15] 
📍 Scanning Town: Fairfield, CT (Progress: 32/1000)
[2026-09-16 10:09:26]    Found 0 new candidates in Fairfield.
[2026-09-16 10:09:26] 
📍 Scanning Town: Stamford, CT (Progress: 32/1000)
[2026-09-16 10:09:36]    Found 0 new candidates in Stamford.
[2026-09-16 10:09:36] 
📍 Scanning Town: Torrington, CT (Progress: 32/1000)
[2026-09-16 10:09:46]    Found 0 new candidates in Torrington.
[2026-09-16 10:09:46] 
📍 Scanning Town: Seymour, CT (Progress: 32/1000)
[2026-09-16 10:09:56]    Found 0 new candidates in Seymour.
[2026-09-16 10:09:56] 
📍 Scanning Town: Shelton, CT (Progress: 32/1000)
[2026-09-16 10:10:06]    Found 0 new candidates in Shelton.
[2026-09-16 10:10:06] 
📍 Scanning Town: Simsbury, CT (Progress: 32/1000)
[2026-09-16 10:10:17]    Found 0 new candidates in Simsbury.
[2026-09-16 10:10:17] 
📍 Scanning Town: Waterbury, CT (Progress: 32/1000)
[2026-09-16 10:10:26]    Found 0 new candidates in Waterbury.
[2026-09-16 10:10:26] 
📍 Scanning Town: Darien, CT (Progress: 32/1000)
[2026-09-16 10:10:36]    Found 0 new candidates in Darien.
[2026-09-16 10:10:36] 
📍 Scanning Town: Westport, CT (Progress: 32/1000)
[2026-09-16 10:10:46]    Found 0 new candidates in Westport.
[2026-09-16 10:10:46] 
📍 Scanning Town: Watertown, CT (Progress: 32/1000)
[2026-09-16 10:10:56]    Found 0 new candidates in Watertown.
[2026-09-16 10:10:56] 
📍 Scanning Town: Rocky Hill, CT (Progress: 32/1000)
[2026-09-16 10:11:05]    Found 0 new candidates in Rocky Hill.
[2026-09-16 10:11:05] 
📍 Scanning Town: New Fairfield, CT (Progress: 32/1000)
[2026-09-16 10:11:16]    Found 0 new candidates in New Fairfield.
[2026-09-16 10:11:16] 
📍 Scanning Town: Mansfield, CT (Progress: 32/1000)
[2026-09-16 10:11:36]    Found 0 new candidates in Mansfield.
[2026-09-16 10:11:36] 
📍 Scanning Town: Ridgefield, CT (Progress: 32/1000)
[2026-09-16 10:11:47]    Found 0 new candidates in Ridgefield.
[2026-09-16 10:11:47] 
📍 Scanning Town: Windsor, CT (Progress: 32/1000)
[2026-09-16 10:11:59]    Found 0 new candidates in Windsor.
[2026-09-16 10:11:59] 
📍 Scanning Town: Naugatuck, CT (Progress: 32/1000)
[2026-09-16 10:12:08]    Found 0 new candidates in Naugatuck.
[2026-09-16 10:12:08] 
📍 Scanning Town: West Hartford, CT (Progress: 32/1000)
[2026-09-16 10:13:04]    Found 0 new candidates in West Hartford.
[2026-09-16 10:13:04] 
📍 Scanning Town: Oxford, CT (Progress: 32/1000)
[2026-09-16 10:13:15]    Found 0 new candidates in Oxford.
[2026-09-16 10:13:15] 
📍 Scanning Town: Guilford, CT (Progress: 32/1000)
[2026-09-16 10:14:26]    Found 0 new candidates in Guilford.
[2026-09-16 10:14:26] 
📍 Scanning Town: Cheshire, CT (Progress: 32/1000)
[2026-09-16 10:14:37]    Found 0 new candidates in Cheshire.
[2026-09-16 10:14:37] 
📍 Scanning Town: Bloomfield, CT (Progress: 32/1000)
[2026-09-16 10:14:47]    Found 0 new candidates in Bloomfield.
[2026-09-16 10:14:47] 
📍 Scanning Town: Bridgeport, CT (Progress: 32/1000)
[2026-09-16 10:14:57]    Found 0 new candidates in Bridgeport.
[2026-09-16 10:14:57] 
📍 Scanning Town: South Windsor, CT (Progress: 32/1000)
[2026-09-16 10:15:07]    Found 0 new candidates in South Windsor.
[2026-09-16 10:15:07] 
📍 Scanning Town: Bristol, CT (Progress: 32/1000)
[2026-09-16 10:15:17]    Found 0 new candidates in Bristol.
[2026-09-16 10:15:17] 
📍 Scanning Town: Ansonia, CT (Progress: 32/1000)
[2026-09-16 10:15:27]    Found 0 new candidates in Ansonia.
[2026-09-16 10:15:27] 
📍 Scanning Town: Enfield, CT (Progress: 32/1000)
[2026-09-16 10:15:38]    Found 0 new candidates in Enfield.
[2026-09-16 10:15:38] 
📍 Scanning Town: Greenwich, CT (Progress: 32/1000)
[2026-09-16 10:15:48]    Found 0 new candidates in Greenwich.
[2026-09-16 10:15:48] 
📍 Scanning Town: Wilton, CT (Progress: 32/1000)
[2026-09-16 10:15:59]    Found 0 new candidates in Wilton.
[2026-09-16 10:15:59] 
📍 Scanning Town: Prospect, CT (Progress: 32/1000)
[2026-09-16 10:16:19]    Found 0 new candidates in Prospect.
[2026-09-16 10:16:19] 
📍 Scanning Town: Avon, CT (Progress: 32/1000)
[2026-09-16 10:16:28]    Found 0 new candidates in Avon.
[2026-09-16 10:16:28] 
📍 Scanning Town: Brookfield, CT (Progress: 32/1000)
[2026-09-16 10:16:39]    Found 0 new candidates in Brookfield.
[2026-09-16 10:16:39] 
📍 Scanning Town: North Haven, CT (Progress: 32/1000)
[2026-09-16 10:16:49]    Found 0 new candidates in North Haven.
[2026-09-16 10:16:49] 
📍 Scanning Town: Stratford, CT (Progress: 32/1000)
[2026-09-16 10:17:00]    Found 0 new candidates in Stratford.
[2026-09-16 10:17:00] 
📍 Scanning Town: Farmington, CT (Progress: 32/1000)
[2026-09-16 10:17:10]    Found 0 new candidates in Farmington.
[2026-09-16 10:17:10] 
📍 Scanning Town: East Hartford, CT (Progress: 32/1000)
[2026-09-16 10:17:21]    Found 0 new candidates in East Hartford.
[2026-09-16 10:17:21] 
📍 Scanning Town: Trumbull, CT (Progress: 32/1000)
[2026-09-16 10:17:32]    Found 0 new candidates in Trumbull.
[2026-09-16 10:17:32] 
📍 Scanning Town: Seymour, CT (Progress: 32/1000)
[2026-09-16 10:17:42]    Found 0 new candidates in Seymour.
[2026-09-16 10:17:42] 
📍 Scanning Town: Stratford, CT (Progress: 32/1000)
[2026-09-16 10:17:51]    Found 0 new candidates in Stratford.
[2026-09-16 10:17:51] 
📍 Scanning Town: Shelton, CT (Progress: 32/1000)
[2026-09-16 10:18:50]    Found 0 new candidates in Shelton.
[2026-09-16 10:18:50] 
📍 Scanning Town: Manchester, CT (Progress: 32/1000)
[2026-09-16 10:19:00]    Found 0 new candidates in Manchester.
[2026-09-16 10:19:00] 
📍 Scanning Town: Orange, CT (Progress: 32/1000)
[2026-09-16 10:19:46]    Found 0 new candidates in Orange.
[2026-09-16 10:19:46] 
📍 Scanning Town: Prospect, CT (Progress: 32/1000)
[2026-09-16 10:19:57]    Found 0 new candidates in Prospect.
[2026-09-16 10:19:57] 
📍 Scanning Town: Oxford, CT (Progress: 32/1000)
[2026-09-16 10:20:07]    Found 0 new candidates in Oxford.
[2026-09-16 10:20:07] 
📍 Scanning Town: Westport, CT (Progress: 32/1000)
[2026-09-16 10:20:49]    Found 0 new candidates in Westport.
[2026-09-16 10:20:49] 
📍 Scanning Town: Cheshire, CT (Progress: 32/1000)
[2026-09-16 10:20:59]    Found 0 new candidates in Cheshire.
[2026-09-16 10:20:59] 
📍 Scanning Town: Vernon, CT (Progress: 32/1000)
[2026-09-16 10:21:10]    Found 0 new candidates in Vernon.
[2026-09-16 10:21:10] 
📍 Scanning Town: Milford, CT (Progress: 32/1000)
[2026-09-16 10:22:10]    Found 0 new candidates in Milford.
[2026-09-16 10:22:10] 
📍 Scanning Town: West Hartford, CT (Progress: 32/1000)
[2026-09-16 10:22:21]    Found 0 new candidates in West Hartford.
[2026-09-16 10:22:21] 
📍 Scanning Town: Torrington, CT (Progress: 32/1000)
[2026-09-16 10:22:31]    Found 0 new candidates in Torrington.
[2026-09-16 10:22:31] 
📍 Scanning Town: Farmington, CT (Progress: 32/1000)
[2026-09-16 10:22:41]    Found 0 new candidates in Farmington.
[2026-09-16 10:22:41] 
📍 Scanning Town: Ridgefield, CT (Progress: 32/1000)
[2026-09-16 10:23:21]    Found 0 new candidates in Ridgefield.
[2026-09-16 10:23:21] 
📍 Scanning Town: Southington, CT (Progress: 32/1000)
[2026-09-16 10:23:31]    Found 0 new candidates in Southington.
[2026-09-16 10:23:31] 
📍 Scanning Town: Bristol, CT (Progress: 32/1000)
[2026-09-16 10:23:41]    Found 0 new candidates in Bristol.
[2026-09-16 10:23:41] 
📍 Scanning Town: Stamford, CT (Progress: 32/1000)
[2026-09-16 10:24:38]    Found 0 new candidates in Stamford.
[2026-09-16 10:24:38] 
📍 Scanning Town: Ansonia, CT (Progress: 32/1000)
[2026-09-16 10:24:49]    Found 0 new candidates in Ansonia.
[2026-09-16 10:24:49] 
📍 Scanning Town: Southbury, CT (Progress: 32/1000)
[2026-09-16 10:24:59]    Found 0 new candidates in Southbury.
[2026-09-16 10:24:59] 
📍 Scanning Town: Simsbury, CT (Progress: 32/1000)
[2026-09-16 10:25:09]    Found 0 new candidates in Simsbury.
[2026-09-16 10:25:09] 
📍 Scanning Town: Bloomfield, CT (Progress: 32/1000)
[2026-09-16 10:26:22]    Found 0 new candidates in Bloomfield.
[2026-09-16 10:26:22] 
📍 Scanning Town: Trumbull, CT (Progress: 32/1000)
[2026-09-16 10:26:52]    Found 0 new candidates in Trumbull.
[2026-09-16 10:26:52] 
📍 Scanning Town: Middletown, CT (Progress: 32/1000)
[2026-09-16 10:27:39]    Found 0 new candidates in Middletown.
[2026-09-16 10:27:39] 
📍 Scanning Town: Groton, CT (Progress: 32/1000)
[2026-09-16 10:27:49]    Found 0 new candidates in Groton.
[2026-09-16 10:27:49] 
📍 Scanning Town: East Hartford, CT (Progress: 32/1000)
[2026-09-16 10:28:34]    Found 0 new candidates in East Hartford.
[2026-09-16 10:28:34] 
📍 Scanning Town: Cromwell, CT (Progress: 32/1000)
[2026-09-16 10:28:43]    Found 0 new candidates in Cromwell.
[2026-09-16 10:28:43] 
📍 Scanning Town: Guilford, CT (Progress: 32/1000)
[2026-09-16 10:28:53]    Found 0 new candidates in Guilford.
[2026-09-16 10:28:53] 
📍 Scanning Town: Berlin, CT (Progress: 32/1000)
[2026-09-16 10:29:14]    Found 0 new candidates in Berlin.
[2026-09-16 10:29:14] 
📍 Scanning Town: Danbury, CT (Progress: 32/1000)
[2026-09-16 10:29:56]    Found 0 new candidates in Danbury.
[2026-09-16 10:29:56] 
📍 Scanning Town: Windsor, CT (Progress: 32/1000)
[2026-09-16 10:30:07]    Found 0 new candidates in Windsor.
[2026-09-16 10:30:07] 
📍 Scanning Town: South Windsor, CT (Progress: 32/1000)
[2026-09-16 10:31:02]    Found 0 new candidates in South Windsor.
[2026-09-16 10:31:02] 
📍 Scanning Town: Wethersfield, CT (Progress: 32/1000)
[2026-09-16 10:31:12]    Found 0 new candidates in Wethersfield.
[2026-09-16 10:31:12] 
📍 Scanning Town: Derby, CT (Progress: 32/1000)
[2026-09-16 10:32:08]    Found 0 new candidates in Derby.
[2026-09-16 10:32:08] 
📍 Scanning Town: Hamden, CT (Progress: 32/1000)
[2026-09-16 10:33:17]    Found 0 new candidates in Hamden.
[2026-09-16 10:33:17] 
📍 Scanning Town: Plainville, CT (Progress: 32/1000)
[2026-09-16 10:33:27]    Found 0 new candidates in Plainville.
[2026-09-16 10:33:27] 
📍 Scanning Town: Norwalk, CT (Progress: 32/1000)
[2026-09-16 10:33:37]    Found 0 new candidates in Norwalk.
[2026-09-16 10:33:37] 
📍 Scanning Town: Monroe, CT (Progress: 32/1000)
[2026-09-16 10:34:37]    Found 0 new candidates in Monroe.
[2026-09-16 10:34:37] 
📍 Scanning Town: Darien, CT (Progress: 32/1000)
[2026-09-16 10:34:47]    Found 0 new candidates in Darien.
[2026-09-16 10:34:47] 
📍 Scanning Town: West Haven, CT (Progress: 32/1000)
[2026-09-16 10:34:57]    Found 0 new candidates in West Haven.
[2026-09-16 10:34:57] 
📍 Scanning Town: North Haven, CT (Progress: 32/1000)
[2026-09-16 10:35:47]    Found 0 new candidates in North Haven.
[2026-09-16 10:35:47] 
📍 Scanning Town: Enfield, CT (Progress: 32/1000)
[2026-09-16 10:35:58]    Found 0 new candidates in Enfield.
[2026-09-16 10:35:58] 
📍 Scanning Town: Watertown, CT (Progress: 32/1000)
[2026-09-16 10:36:08]    Found 0 new candidates in Watertown.
[2026-09-16 10:36:08] 
📍 Scanning Town: Mansfield, CT (Progress: 32/1000)
[2026-09-16 10:36:24]    Found 0 new candidates in Mansfield.
[2026-09-16 10:36:24] 
📍 Scanning Town: Bridgeport, CT (Progress: 32/1000)
[2026-09-16 10:36:34]    Found 0 new candidates in Bridgeport.
[2026-09-16 10:36:34] 
📍 Scanning Town: Newtown, CT (Progress: 32/1000)
[2026-09-16 10:37:00]    Found 0 new candidates in Newtown.
[2026-09-16 10:37:00] 
📍 Scanning Town: Glastonbury, CT (Progress: 32/1000)
[2026-09-16 10:37:20]    Found 0 new candidates in Glastonbury.
[2026-09-16 10:37:20] 
📍 Scanning Town: Greenwich, CT (Progress: 32/1000)
[2026-09-16 10:37:30]    Found 0 new candidates in Greenwich.
[2026-09-16 10:37:30] 
📍 Scanning Town: Rocky Hill, CT (Progress: 32/1000)
[2026-09-16 10:37:41]    Found 0 new candidates in Rocky Hill.
[2026-09-16 10:37:41] 
📍 Scanning Town: Bethel, CT (Progress: 32/1000)
[2026-09-16 10:38:04]    Found 0 new candidates in Bethel.
[2026-09-16 10:38:04] 
📍 Scanning Town: Waterbury, CT (Progress: 32/1000)
[2026-09-16 10:38:26]    Found 0 new candidates in Waterbury.
[2026-09-16 10:38:26] 
📍 Scanning Town: Avon, CT (Progress: 32/1000)
[2026-09-16 10:38:49]    Found 0 new candidates in Avon.
[2026-09-16 10:38:49] 
📍 Scanning Town: Brookfield, CT (Progress: 32/1000)
[2026-09-16 10:38:59]    Found 0 new candidates in Brookfield.
[2026-09-16 10:38:59] 
📍 Scanning Town: Norwich, CT (Progress: 32/1000)
[2026-09-16 10:39:33]    Found 0 new candidates in Norwich.
[2026-09-16 10:39:33] 
📍 Scanning Town: Newington, CT (Progress: 32/1000)
[2026-09-16 10:39:54]    Found 0 new candidates in Newington.
[2026-09-16 10:39:54] 
📍 Scanning Town: Naugatuck, CT (Progress: 32/1000)
[2026-09-16 10:40:19]    Found 0 new candidates in Naugatuck.
[2026-09-16 10:40:19] 
📍 Scanning Town: New Haven, CT (Progress: 32/1000)
[2026-09-16 10:40:43]    Found 0 new candidates in New Haven.
[2026-09-16 10:40:43] 
📍 Scanning Town: Woodbury, CT (Progress: 32/1000)
[2026-09-16 10:41:04]    Found 0 new candidates in Woodbury.
[2026-09-16 10:41:04] 
📍 Scanning Town: Hartford, CT (Progress: 32/1000)
[2026-09-16 10:41:26]    Found 0 new candidates in Hartford.
[2026-09-16 10:41:26] 
📍 Scanning Town: Waterford, CT (Progress: 32/1000)
[2026-09-16 10:41:48]    Found 0 new candidates in Waterford.
[2026-09-16 10:41:48] 
📍 Scanning Town: Meriden, CT (Progress: 32/1000)
[2026-09-16 10:42:08]    Found 0 new candidates in Meriden.
[2026-09-16 10:42:08] 
📍 Scanning Town: Fairfield, CT (Progress: 32/1000)
[2026-09-16 10:42:30]    Found 0 new candidates in Fairfield.
[2026-09-16 10:42:30] 
📍 Scanning Town: Branford, CT (Progress: 32/1000)
[2026-09-16 10:42:49]    Found 0 new candidates in Branford.
[2026-09-16 10:42:49] 
📍 Scanning Town: Wilton, CT (Progress: 32/1000)
[2026-09-16 10:43:14]    Found 0 new candidates in Wilton.
[2026-09-16 10:43:14] 
📍 Scanning Town: New Fairfield, CT (Progress: 32/1000)
[2026-09-16 10:43:41]    Found 0 new candidates in New Fairfield.
[2026-09-16 10:43:41] 
📍 Scanning Town: New Haven, CT (Progress: 32/1000)
[2026-09-16 10:43:52]    Found 0 new candidates in New Haven.
[2026-09-16 10:43:52] 
📍 Scanning Town: Berlin, CT (Progress: 32/1000)
[2026-09-16 10:44:17]    Found 0 new candidates in Berlin.
[2026-09-16 10:44:17] 
📍 Scanning Town: Southington, CT (Progress: 32/1000)
[2026-09-16 10:44:35]    Found 0 new candidates in Southington.
[2026-09-16 10:44:35] 
📍 Scanning Town: Newington, CT (Progress: 32/1000)
[2026-09-16 10:44:45]    Found 0 new candidates in Newington.
[2026-09-16 10:44:45] 
📍 Scanning Town: Torrington, CT (Progress: 32/1000)
[2026-09-16 10:45:04]    Found 0 new candidates in Torrington.
[2026-09-16 10:45:04] 
📍 Scanning Town: Oxford, CT (Progress: 32/1000)
[2026-09-16 10:45:27]    Found 0 new candidates in Oxford.
[2026-09-16 10:45:27] 
📍 Scanning Town: Ridgefield, CT (Progress: 32/1000)
[2026-09-16 10:45:37]    Found 0 new candidates in Ridgefield.
[2026-09-16 10:45:37] 
📍 Scanning Town: Bridgeport, CT (Progress: 32/1000)
[2026-09-16 10:45:47]    Found 0 new candidates in Bridgeport.
[2026-09-16 10:45:47] 
📍 Scanning Town: Watertown, CT (Progress: 32/1000)
[2026-09-16 10:45:57]    Found 0 new candidates in Watertown.
[2026-09-16 10:45:57] 
📍 Scanning Town: Middletown, CT (Progress: 32/1000)
[2026-09-16 10:46:07]    Found 0 new candidates in Middletown.
[2026-09-16 10:46:07] 
📍 Scanning Town: Westport, CT (Progress: 32/1000)
[2026-09-16 10:46:17]    Found 0 new candidates in Westport.
[2026-09-16 10:46:17] 
📍 Scanning Town: Fairfield, CT (Progress: 32/1000)
[2026-09-16 10:46:27]    Found 0 new candidates in Fairfield.
[2026-09-16 10:46:27] 
📍 Scanning Town: Guilford, CT (Progress: 32/1000)
[2026-09-16 10:46:38]    Found 0 new candidates in Guilford.
[2026-09-16 10:46:38] 
📍 Scanning Town: Windsor, CT (Progress: 32/1000)
[2026-09-16 10:47:06]    Found 0 new candidates in Windsor.
[2026-09-16 10:47:06] 
📍 Scanning Town: Simsbury, CT (Progress: 32/1000)
[2026-09-16 10:47:23]    Found 0 new candidates in Simsbury.
[2026-09-16 10:47:23] 
📍 Scanning Town: Newtown, CT (Progress: 32/1000)
[2026-09-16 10:47:34]    Found 0 new candidates in Newtown.
[2026-09-16 10:47:34] 
📍 Scanning Town: West Haven, CT (Progress: 32/1000)
[2026-09-16 10:48:00]    Found 0 new candidates in West Haven.
[2026-09-16 10:48:00] 
📍 Scanning Town: West Hartford, CT (Progress: 32/1000)
[2026-09-16 10:48:14]    Found 0 new candidates in West Hartford.
[2026-09-16 10:48:14] 
📍 Scanning Town: Brookfield, CT (Progress: 32/1000)
[2026-09-16 10:48:27]    Found 0 new candidates in Brookfield.
[2026-09-16 10:48:27] 
📍 Scanning Town: Manchester, CT (Progress: 32/1000)
[2026-09-16 10:48:37]    Found 0 new candidates in Manchester.
[2026-09-16 10:48:37] 
📍 Scanning Town: Darien, CT (Progress: 32/1000)
[2026-09-16 10:48:48]    Found 0 new candidates in Darien.
[2026-09-16 10:48:48] 
📍 Scanning Town: Waterford, CT (Progress: 32/1000)
[2026-09-16 10:48:57]    Found 0 new candidates in Waterford.
[2026-09-16 10:48:57] 
📍 Scanning Town: Derby, CT (Progress: 32/1000)
[2026-09-16 10:49:10]    Found 0 new candidates in Derby.
[2026-09-16 10:49:10] 
📍 Scanning Town: Stratford, CT (Progress: 32/1000)
[2026-09-16 10:49:30]    Found 0 new candidates in Stratford.
[2026-09-16 10:49:30] 
📍 Scanning Town: Milford, CT (Progress: 32/1000)
[2026-09-16 10:49:40]    Found 0 new candidates in Milford.
[2026-09-16 10:49:40] 
📍 Scanning Town: Waterbury, CT (Progress: 32/1000)
[2026-09-16 10:49:50]    Found 0 new candidates in Waterbury.
[2026-09-16 10:49:50] 
📍 Scanning Town: Meriden, CT (Progress: 32/1000)
[2026-09-16 10:50:01]    Found 0 new candidates in Meriden.
[2026-09-16 10:50:01] 
📍 Scanning Town: Woodbury, CT (Progress: 32/1000)
[2026-09-16 10:50:11]    Found 0 new candidates in Woodbury.
[2026-09-16 10:50:11] 
📍 Scanning Town: Hamden, CT (Progress: 32/1000)
[2026-09-16 10:50:20]    Found 0 new candidates in Hamden.
[2026-09-16 10:50:20] 
📍 Scanning Town: East Hartford, CT (Progress: 32/1000)
[2026-09-16 10:50:30]    Found 0 new candidates in East Hartford.
[2026-09-16 10:50:30] 
📍 Scanning Town: Mansfield, CT (Progress: 32/1000)
[2026-09-16 10:50:41]    Found 0 new candidates in Mansfield.
[2026-09-16 10:50:41] 
📍 Scanning Town: Bethel, CT (Progress: 32/1000)
[2026-09-16 10:50:51]    Found 0 new candidates in Bethel.
[2026-09-16 10:50:51] 
📍 Scanning Town: South Windsor, CT (Progress: 32/1000)
[2026-09-16 10:51:03]    Found 0 new candidates in South Windsor.
[2026-09-16 10:51:03] 
📍 Scanning Town: Groton, CT (Progress: 32/1000)
[2026-09-16 10:51:24]    Found 0 new candidates in Groton.
[2026-09-16 10:51:24] 
📍 Scanning Town: Shelton, CT (Progress: 32/1000)
[2026-09-16 10:51:34]    Found 0 new candidates in Shelton.
[2026-09-16 10:51:34] 
📍 Scanning Town: Ansonia, CT (Progress: 32/1000)
[2026-09-16 10:51:53]    Found 0 new candidates in Ansonia.
[2026-09-16 10:51:53] 
📍 Scanning Town: Norwalk, CT (Progress: 32/1000)
[2026-09-16 10:52:16]    Found 0 new candidates in Norwalk.
[2026-09-16 10:52:16] 
📍 Scanning Town: Norwich, CT (Progress: 32/1000)
[2026-09-16 10:52:26]    Found 0 new candidates in Norwich.
[2026-09-16 10:52:26] 
📍 Scanning Town: Trumbull, CT (Progress: 32/1000)
[2026-09-16 10:52:37]    Found 0 new candidates in Trumbull.
[2026-09-16 10:52:37] 
📍 Scanning Town: Wethersfield, CT (Progress: 32/1000)
[2026-09-16 10:52:56]    Found 0 new candidates in Wethersfield.
[2026-09-16 10:52:56] 
📍 Scanning Town: Wilton, CT (Progress: 32/1000)
[2026-09-16 10:53:07]    Found 0 new candidates in Wilton.
[2026-09-16 10:53:07] 
📍 Scanning Town: Farmington, CT (Progress: 32/1000)
[2026-09-16 10:53:32]    Found 0 new candidates in Farmington.
[2026-09-16 10:53:32] 
📍 Scanning Town: Orange, CT (Progress: 32/1000)
[2026-09-16 10:53:42]    Found 0 new candidates in Orange.
[2026-09-16 10:53:42] 
📍 Scanning Town: Enfield, CT (Progress: 32/1000)
[2026-09-16 10:54:04]    Found 0 new candidates in Enfield.
[2026-09-16 10:54:04] 
📍 Scanning Town: Glastonbury, CT (Progress: 32/1000)
[2026-09-16 10:54:15]    Found 0 new candidates in Glastonbury.
[2026-09-16 10:54:15] 
📍 Scanning Town: Rocky Hill, CT (Progress: 32/1000)
[2026-09-16 10:54:24]    Found 0 new candidates in Rocky Hill.
[2026-09-16 10:54:24] 
📍 Scanning Town: Hartford, CT (Progress: 32/1000)
[2026-09-16 10:54:35]    Found 0 new candidates in Hartford.
[2026-09-16 10:54:35] 
📍 Scanning Town: Southbury, CT (Progress: 32/1000)
[2026-09-16 10:54:55]    Found 0 new candidates in Southbury.
[2026-09-16 10:54:55] 
📍 Scanning Town: Plainville, CT (Progress: 32/1000)
[2026-09-16 10:55:17]    Found 0 new candidates in Plainville.
[2026-09-16 10:55:17] 
📍 Scanning Town: Seymour, CT (Progress: 32/1000)
[2026-09-16 10:55:40]    Found 0 new candidates in Seymour.
[2026-09-16 10:55:40] 
📍 Scanning Town: Bloomfield, CT (Progress: 32/1000)
[2026-09-16 10:55:51]    Found 0 new candidates in Bloomfield.
[2026-09-16 10:55:51] 
📍 Scanning Town: Danbury, CT (Progress: 32/1000)
[2026-09-16 10:56:01]    Found 0 new candidates in Danbury.
[2026-09-16 10:56:01] 
📍 Scanning Town: Naugatuck, CT (Progress: 32/1000)
[2026-09-16 10:56:11]    Found 0 new candidates in Naugatuck.
[2026-09-16 10:56:11] 
📍 Scanning Town: Cromwell, CT (Progress: 32/1000)
[2026-09-16 10:56:37]    Found 0 new candidates in Cromwell.
[2026-09-16 10:56:37] 
📍 Scanning Town: Vernon, CT (Progress: 32/1000)
[2026-09-16 10:56:48]    Found 0 new candidates in Vernon.
[2026-09-16 10:56:48] 
📍 Scanning Town: Bristol, CT (Progress: 32/1000)
[2026-09-16 10:57:14]    Found 0 new candidates in Bristol.
[2026-09-16 10:57:14] 
📍 Scanning Town: Greenwich, CT (Progress: 32/1000)
[2026-09-16 10:57:37]    Found 0 new candidates in Greenwich.
[2026-09-16 10:57:37] 
📍 Scanning Town: North Haven, CT (Progress: 32/1000)
[2026-09-16 10:57:49]    Found 0 new candidates in North Haven.
[2026-09-16 10:57:49] 
📍 Scanning Town: New Fairfield, CT (Progress: 32/1000)
[2026-09-16 10:58:00]    Found 0 new candidates in New Fairfield.
[2026-09-16 10:58:00] 
📍 Scanning Town: Cheshire, CT (Progress: 32/1000)
[2026-09-16 10:58:23]    Found 0 new candidates in Cheshire.
[2026-09-16 10:58:23] 
📍 Scanning Town: Branford, CT (Progress: 32/1000)
[2026-09-16 10:58:33]    Found 0 new candidates in Branford.
[2026-09-16 10:58:33] 
📍 Scanning Town: Stamford, CT (Progress: 32/1000)
[2026-09-16 10:58:45]    Found 0 new candidates in Stamford.
[2026-09-16 10:58:45] 
📍 Scanning Town: Prospect, CT (Progress: 32/1000)
[2026-09-16 10:58:58]    Found 0 new candidates in Prospect.
[2026-09-16 10:58:58] 
📍 Scanning Town: Avon, CT (Progress: 32/1000)
[2026-09-16 10:59:08]    Found 0 new candidates in Avon.
[2026-09-16 10:59:08] 
📍 Scanning Town: Monroe, CT (Progress: 32/1000)
[2026-09-16 10:59:20]    Found 0 new candidates in Monroe.
[2026-09-16 10:59:20] 
📍 Scanning Town: South Windsor, CT (Progress: 32/1000)
[2026-09-16 10:59:30]    Found 0 new candidates in South Windsor.
[2026-09-16 10:59:30] 
📍 Scanning Town: Cromwell, CT (Progress: 32/1000)
[2026-09-16 10:59:41]    Found 0 new candidates in Cromwell.
[2026-09-16 10:59:41] 
📍 Scanning Town: Stamford, CT (Progress: 32/1000)
[2026-09-16 10:59:52]    Found 0 new candidates in Stamford.
[2026-09-16 10:59:52] 
📍 Scanning Town: Monroe, CT (Progress: 32/1000)
[2026-09-16 11:00:03]    Found 0 new candidates in Monroe.
[2026-09-16 11:00:03] 
📍 Scanning Town: New Haven, CT (Progress: 32/1000)
[2026-09-16 11:00:13]    Found 0 new candidates in New Haven.
[2026-09-16 11:00:13] 
📍 Scanning Town: Hartford, CT (Progress: 32/1000)
[2026-09-16 11:00:23]    Found 0 new candidates in Hartford.
[2026-09-16 11:00:23] 
📍 Scanning Town: Branford, CT (Progress: 32/1000)
[2026-09-16 11:00:33]    Found 0 new candidates in Branford.
[2026-09-16 11:00:33] 
📍 Scanning Town: Trumbull, CT (Progress: 32/1000)
[2026-09-16 11:00:43]    Found 0 new candidates in Trumbull.
[2026-09-16 11:00:43] 
📍 Scanning Town: Meriden, CT (Progress: 32/1000)
[2026-09-16 11:00:54]    Found 0 new candidates in Meriden.
[2026-09-16 11:00:54] 
📍 Scanning Town: West Haven, CT (Progress: 32/1000)
[2026-09-16 11:01:04]    Found 0 new candidates in West Haven.
[2026-09-16 11:01:04] 
📍 Scanning Town: Newtown, CT (Progress: 32/1000)
[2026-09-16 11:01:15]    Found 0 new candidates in Newtown.
[2026-09-16 11:01:15] 
📍 Scanning Town: Manchester, CT (Progress: 32/1000)
[2026-09-16 11:02:16]    Found 0 new candidates in Manchester.
[2026-09-16 11:02:16] 
📍 Scanning Town: Berlin, CT (Progress: 32/1000)
[2026-09-16 11:02:26]    Found 0 new candidates in Berlin.
[2026-09-16 11:02:26] 
📍 Scanning Town: Norwalk, CT (Progress: 32/1000)
[2026-09-16 11:02:36]    Found 0 new candidates in Norwalk.
[2026-09-16 11:02:36] 
📍 Scanning Town: Darien, CT (Progress: 32/1000)
[2026-09-16 11:03:13]    Found 0 new candidates in Darien.
[2026-09-16 11:03:13] 
📍 Scanning Town: Plainville, CT (Progress: 32/1000)
[2026-09-16 11:03:24]    Found 0 new candidates in Plainville.
[2026-09-16 11:03:24] 
📍 Scanning Town: Greenwich, CT (Progress: 32/1000)
[2026-09-16 11:03:34]    Found 0 new candidates in Greenwich.
[2026-09-16 11:03:34] 
📍 Scanning Town: Derby, CT (Progress: 32/1000)
[2026-09-16 11:03:45]    Found 0 new candidates in Derby.
[2026-09-16 11:03:45] 
📍 Scanning Town: Cheshire, CT (Progress: 32/1000)
[2026-09-16 11:03:55]    Found 0 new candidates in Cheshire.
[2026-09-16 11:03:55] 
📍 Scanning Town: Prospect, CT (Progress: 32/1000)
[2026-09-16 11:05:10]    Found 0 new candidates in Prospect.
[2026-09-16 11:05:10] 
📍 Scanning Town: Ansonia, CT (Progress: 32/1000)
[2026-09-16 11:05:20]    Found 0 new candidates in Ansonia.
[2026-09-16 11:05:20] 
📍 Scanning Town: Danbury, CT (Progress: 32/1000)
[2026-09-16 11:05:30]    Found 0 new candidates in Danbury.
[2026-09-16 11:05:30] 
📍 Scanning Town: Watertown, CT (Progress: 32/1000)
[2026-09-16 11:06:38]    Found 0 new candidates in Watertown.
[2026-09-16 11:06:38] 
📍 Scanning Town: North Haven, CT (Progress: 32/1000)
[2026-09-16 11:06:48]    Found 0 new candidates in North Haven.
[2026-09-16 11:06:48] 
📍 Scanning Town: Glastonbury, CT (Progress: 32/1000)
[2026-09-16 11:06:58]    Found 0 new candidates in Glastonbury.
[2026-09-16 11:06:58] 
📍 Scanning Town: Bloomfield, CT (Progress: 32/1000)
[2026-09-16 11:07:08]    Found 0 new candidates in Bloomfield.
[2026-09-16 11:07:08] 
📍 Scanning Town: Farmington, CT (Progress: 32/1000)
[2026-09-16 11:07:19]    Found 0 new candidates in Farmington.
[2026-09-16 11:07:19] 
📍 Scanning Town: Guilford, CT (Progress: 32/1000)
[2026-09-16 11:07:29]    Found 0 new candidates in Guilford.
[2026-09-16 11:07:29] 
📍 Scanning Town: Southbury, CT (Progress: 32/1000)
[2026-09-16 11:07:39]    Found 0 new candidates in Southbury.
[2026-09-16 11:07:39] 
📍 Scanning Town: Avon, CT (Progress: 32/1000)
[2026-09-16 11:07:49]    Found 0 new candidates in Avon.
[2026-09-16 11:07:49] 
📍 Scanning Town: Bristol, CT (Progress: 32/1000)
[2026-09-16 11:07:58]    Found 0 new candidates in Bristol.
[2026-09-16 11:07:58] 
📍 Scanning Town: Southington, CT (Progress: 32/1000)
[2026-09-16 11:08:09]    Found 0 new candidates in Southington.
[2026-09-16 11:08:09] 
📍 Scanning Town: Vernon, CT (Progress: 32/1000)
[2026-09-16 11:08:32]    Found 0 new candidates in Vernon.
[2026-09-16 11:08:32] 
📍 Scanning Town: Waterford, CT (Progress: 32/1000)
[2026-09-16 11:08:43]    Found 0 new candidates in Waterford.
[2026-09-16 11:08:43] 
📍 Scanning Town: Wilton, CT (Progress: 32/1000)
[2026-09-16 11:08:53]    Found 0 new candidates in Wilton.
[2026-09-16 11:08:53] 
📍 Scanning Town: Newington, CT (Progress: 32/1000)
[2026-09-16 11:09:03]    Found 0 new candidates in Newington.
[2026-09-16 11:09:03] 
📍 Scanning Town: Ridgefield, CT (Progress: 32/1000)
[2026-09-16 11:09:13]    Found 0 new candidates in Ridgefield.
[2026-09-16 11:09:13] 
📍 Scanning Town: Middletown, CT (Progress: 32/1000)
[2026-09-16 11:09:24]    Found 0 new candidates in Middletown.
[2026-09-16 11:09:24] 
📍 Scanning Town: Oxford, CT (Progress: 32/1000)
[2026-09-16 11:09:36]    Found 0 new candidates in Oxford.
[2026-09-16 11:09:36] 
📍 Scanning Town: Orange, CT (Progress: 32/1000)
[2026-09-16 11:09:47]    Found 0 new candidates in Orange.
[2026-09-16 11:09:47] 
📍 Scanning Town: West Hartford, CT (Progress: 32/1000)
[2026-09-16 11:09:58]    Found 0 new candidates in West Hartford.
[2026-09-16 11:09:58] 
📍 Scanning Town: Seymour, CT (Progress: 32/1000)
[2026-09-16 11:10:15]    Found 0 new candidates in Seymour.
[2026-09-16 11:10:15] 
📍 Scanning Town: Rocky Hill, CT (Progress: 32/1000)
[2026-09-16 11:11:25]    Found 0 new candidates in Rocky Hill.
[2026-09-16 11:11:25] 
📍 Scanning Town: Enfield, CT (Progress: 32/1000)
[2026-09-16 11:11:34]    Found 0 new candidates in Enfield.
[2026-09-16 11:11:34] 
📍 Scanning Town: Simsbury, CT (Progress: 32/1000)
[2026-09-16 11:11:44]    Found 0 new candidates in Simsbury.
[2026-09-16 11:11:44] 
📍 Scanning Town: Windsor, CT (Progress: 32/1000)
[2026-09-16 11:11:55]    Found 0 new candidates in Windsor.
[2026-09-16 11:11:55] 
📍 Scanning Town: Brookfield, CT (Progress: 32/1000)
[2026-09-16 11:12:39]    Found 0 new candidates in Brookfield.
[2026-09-16 11:12:39] 
📍 Scanning Town: Milford, CT (Progress: 32/1000)
[2026-09-16 11:12:52]    Found 0 new candidates in Milford.
[2026-09-16 11:12:52] 
📍 Scanning Town: Wethersfield, CT (Progress: 32/1000)
[2026-09-16 11:13:02]    Found 0 new candidates in Wethersfield.
[2026-09-16 11:13:02] 
📍 Scanning Town: Bridgeport, CT (Progress: 32/1000)
[2026-09-16 11:13:34]    Found 0 new candidates in Bridgeport.
[2026-09-16 11:13:34] 
📍 Scanning Town: Groton, CT (Progress: 32/1000)
[2026-09-16 11:13:45]    Found 0 new candidates in Groton.
[2026-09-16 11:13:45] 
📍 Scanning Town: Hamden, CT (Progress: 32/1000)
[2026-09-16 11:13:54]    Found 0 new candidates in Hamden.
[2026-09-16 11:13:54] 
📍 Scanning Town: Shelton, CT (Progress: 32/1000)
[2026-09-16 11:14:04]    Found 0 new candidates in Shelton.
[2026-09-16 11:14:04] 
📍 Scanning Town: Stratford, CT (Progress: 32/1000)
[2026-09-16 11:14:14]    Found 0 new candidates in Stratford.
[2026-09-16 11:14:14] 
📍 Scanning Town: Woodbury, CT (Progress: 32/1000)
[2026-09-16 11:14:24]    Found 0 new candidates in Woodbury.
[2026-09-16 11:14:24] 
📍 Scanning Town: New Fairfield, CT (Progress: 32/1000)
[2026-09-16 11:14:33]    Found 0 new candidates in New Fairfield.
[2026-09-16 11:14:33] 
📍 Scanning Town: Bethel, CT (Progress: 32/1000)
[2026-09-16 11:14:43]    Found 0 new candidates in Bethel.
[2026-09-16 11:14:43] 
📍 Scanning Town: Torrington, CT (Progress: 32/1000)
[2026-09-16 11:14:53]    Found 0 new candidates in Torrington.
[2026-09-16 11:14:53] 
📍 Scanning Town: East Hartford, CT (Progress: 32/1000)
[2026-09-16 11:15:04]    Found 0 new candidates in East Hartford.
[2026-09-16 11:15:04] 
📍 Scanning Town: Norwich, CT (Progress: 32/1000)
[2026-09-16 11:15:14]    Found 0 new candidates in Norwich.
[2026-09-16 11:15:14] 
📍 Scanning Town: Naugatuck, CT (Progress: 32/1000)
[2026-09-16 11:15:25]    Found 0 new candidates in Naugatuck.
[2026-09-16 11:15:25] 
📍 Scanning Town: Fairfield, CT (Progress: 32/1000)
[2026-09-16 11:15:34]    Found 0 new candidates in Fairfield.
[2026-09-16 11:15:34] 
📍 Scanning Town: Waterbury, CT (Progress: 32/1000)
[2026-09-16 11:15:44]    Found 0 new candidates in Waterbury.
[2026-09-16 11:15:44] 
📍 Scanning Town: Mansfield, CT (Progress: 32/1000)
[2026-09-16 11:16:09]    Found 0 new candidates in Mansfield.
[2026-09-16 11:16:09] 
📍 Scanning Town: Westport, CT (Progress: 32/1000)
[2026-09-16 11:16:19]    Found 0 new candidates in Westport.
[2026-09-16 11:16:19] 
📍 Scanning Town: East Hartford, CT (Progress: 32/1000)
[2026-09-16 11:16:28]    Found 0 new candidates in East Hartford.
[2026-09-16 11:16:28] 
📍 Scanning Town: Waterbury, CT (Progress: 32/1000)
[2026-09-16 11:16:39]    Found 0 new candidates in Waterbury.
[2026-09-16 11:16:39] 
📍 Scanning Town: Hamden, CT (Progress: 32/1000)
[2026-09-16 11:16:48]    Found 0 new candidates in Hamden.
[2026-09-16 11:16:48] 
📍 Scanning Town: Westport, CT (Progress: 32/1000)
[2026-09-16 11:16:58]    Found 0 new candidates in Westport.
[2026-09-16 11:16:58] 
📍 Scanning Town: Mansfield, CT (Progress: 32/1000)
[2026-09-16 11:17:08]    Found 0 new candidates in Mansfield.
[2026-09-16 11:17:08] 
📍 Scanning Town: Newtown, CT (Progress: 32/1000)
[2026-09-16 11:17:18]    Found 0 new candidates in Newtown.
[2026-09-16 11:17:18] 
📍 Scanning Town: South Windsor, CT (Progress: 32/1000)
[2026-09-16 11:17:28]    Found 0 new candidates in South Windsor.
[2026-09-16 11:17:28] 
📍 Scanning Town: Guilford, CT (Progress: 32/1000)
[2026-09-16 11:18:04]    Found 0 new candidates in Guilford.
[2026-09-16 11:18:04] 
📍 Scanning Town: Brookfield, CT (Progress: 32/1000)
[2026-09-16 11:18:14]    Found 0 new candidates in Brookfield.
[2026-09-16 11:18:14] 
📍 Scanning Town: Monroe, CT (Progress: 32/1000)
[2026-09-16 11:18:24]    Found 0 new candidates in Monroe.
[2026-09-16 11:18:24] 
📍 Scanning Town: Derby, CT (Progress: 32/1000)
[2026-09-16 11:18:35]    Found 0 new candidates in Derby.
[2026-09-16 11:18:35] 
📍 Scanning Town: Seymour, CT (Progress: 32/1000)
[2026-09-16 11:18:44]    Found 0 new candidates in Seymour.
[2026-09-16 11:18:44] 
📍 Scanning Town: Wethersfield, CT (Progress: 32/1000)
[2026-09-16 11:18:54]    Found 0 new candidates in Wethersfield.
[2026-09-16 11:18:54] 
📍 Scanning Town: Norwich, CT (Progress: 32/1000)
[2026-09-16 11:19:04]    Found 0 new candidates in Norwich.
[2026-09-16 11:19:04] 
📍 Scanning Town: Hartford, CT (Progress: 32/1000)
[2026-09-16 11:19:14]    Found 0 new candidates in Hartford.
[2026-09-16 11:19:14] 
📍 Scanning Town: West Haven, CT (Progress: 32/1000)
[2026-09-16 11:19:30]    Found 0 new candidates in West Haven.
[2026-09-16 11:19:30] 
📍 Scanning Town: Cromwell, CT (Progress: 32/1000)
[2026-09-16 11:19:40]    Found 0 new candidates in Cromwell.
[2026-09-16 11:19:40] 
📍 Scanning Town: Ansonia, CT (Progress: 32/1000)
[2026-09-16 11:19:50]    Found 0 new candidates in Ansonia.
[2026-09-16 11:19:50] 
📍 Scanning Town: Ridgefield, CT (Progress: 32/1000)
[2026-09-16 11:20:00]    Found 0 new candidates in Ridgefield.
[2026-09-16 11:20:00] 
📍 Scanning Town: Avon, CT (Progress: 32/1000)
[2026-09-16 11:20:11]    Found 0 new candidates in Avon.
[2026-09-16 11:20:11] 
📍 Scanning Town: Milford, CT (Progress: 32/1000)
[2026-09-16 11:20:21]    Found 0 new candidates in Milford.
[2026-09-16 11:20:21] 
📍 Scanning Town: Danbury, CT (Progress: 32/1000)
[2026-09-16 11:20:31]    Found 0 new candidates in Danbury.
[2026-09-16 11:20:31] 
📍 Scanning Town: Wilton, CT (Progress: 32/1000)
[2026-09-16 11:20:41]    Found 0 new candidates in Wilton.
[2026-09-16 11:20:41] 
📍 Scanning Town: Manchester, CT (Progress: 32/1000)
[2026-09-16 11:20:51]    Found 0 new candidates in Manchester.
[2026-09-16 11:20:51] 
📍 Scanning Town: Stratford, CT (Progress: 32/1000)
[2026-09-16 11:21:01]    Found 0 new candidates in Stratford.
[2026-09-16 11:21:01] 
📍 Scanning Town: Branford, CT (Progress: 32/1000)
[2026-09-16 11:21:11]    Found 0 new candidates in Branford.
[2026-09-16 11:21:11] 
📍 Scanning Town: Farmington, CT (Progress: 32/1000)
[2026-09-16 11:21:21]    Found 0 new candidates in Farmington.
[2026-09-16 11:21:21] 
📍 Scanning Town: West Hartford, CT (Progress: 32/1000)
[2026-09-16 11:21:50]    Found 0 new candidates in West Hartford.
[2026-09-16 11:21:50] 
📍 Scanning Town: Stamford, CT (Progress: 32/1000)
[2026-09-16 11:22:00]    Found 0 new candidates in Stamford.
[2026-09-16 11:22:00] 
📍 Scanning Town: Southington, CT (Progress: 32/1000)
[2026-09-16 11:22:10]    Found 0 new candidates in Southington.
[2026-09-16 11:22:10] 
📍 Scanning Town: Woodbury, CT (Progress: 32/1000)
[2026-09-16 11:22:20]    Found 0 new candidates in Woodbury.
[2026-09-16 11:22:20] 
📍 Scanning Town: Bloomfield, CT (Progress: 32/1000)
[2026-09-16 11:22:31]    Found 0 new candidates in Bloomfield.
[2026-09-16 11:22:31] 
📍 Scanning Town: Bridgeport, CT (Progress: 32/1000)
[2026-09-16 11:22:41]    Found 0 new candidates in Bridgeport.
[2026-09-16 11:22:41] 
📍 Scanning Town: Glastonbury, CT (Progress: 32/1000)
[2026-09-16 11:22:52]    Found 0 new candidates in Glastonbury.
[2026-09-16 11:22:52] 
📍 Scanning Town: Enfield, CT (Progress: 32/1000)
[2026-09-16 11:23:02]    Found 0 new candidates in Enfield.
[2026-09-16 11:23:02] 
📍 Scanning Town: Greenwich, CT (Progress: 32/1000)
[2026-09-16 11:23:12]    Found 0 new candidates in Greenwich.
[2026-09-16 11:23:12] 
📍 Scanning Town: Windsor, CT (Progress: 32/1000)
[2026-09-16 11:23:23]    Found 0 new candidates in Windsor.
[2026-09-16 11:23:23] 
📍 Scanning Town: Torrington, CT (Progress: 32/1000)
[2026-09-16 11:23:32]    Found 0 new candidates in Torrington.
[2026-09-16 11:23:32] 
📍 Scanning Town: Waterford, CT (Progress: 32/1000)
[2026-09-16 11:23:42]    Found 0 new candidates in Waterford.
[2026-09-16 11:23:42] 
📍 Scanning Town: Prospect, CT (Progress: 32/1000)
[2026-09-16 11:23:52]    Found 0 new candidates in Prospect.
[2026-09-16 11:23:52] 
📍 Scanning Town: Plainville, CT (Progress: 32/1000)
[2026-09-16 11:24:02]    Found 0 new candidates in Plainville.
[2026-09-16 11:24:02] 
📍 Scanning Town: Fairfield, CT (Progress: 32/1000)
[2026-09-16 11:24:13]    Found 0 new candidates in Fairfield.
[2026-09-16 11:24:13] 
📍 Scanning Town: Bethel, CT (Progress: 32/1000)
[2026-09-16 11:24:23]    Found 0 new candidates in Bethel.
[2026-09-16 11:24:23] 
📍 Scanning Town: Orange, CT (Progress: 32/1000)
[2026-09-16 11:25:51]    Found 0 new candidates in Orange.
[2026-09-16 11:25:51] 
📍 Scanning Town: Trumbull, CT (Progress: 32/1000)
[2026-09-16 11:26:01]    Found 0 new candidates in Trumbull.
[2026-09-16 11:26:01] 
📍 Scanning Town: Bristol, CT (Progress: 32/1000)
[2026-09-16 11:26:12]    Found 0 new candidates in Bristol.
[2026-09-16 11:26:12] 
📍 Scanning Town: Meriden, CT (Progress: 32/1000)
[2026-09-16 11:26:24]    Found 0 new candidates in Meriden.
[2026-09-16 11:26:24] 
📍 Scanning Town: Cheshire, CT (Progress: 32/1000)
[2026-09-16 11:26:34]    Found 0 new candidates in Cheshire.
[2026-09-16 11:26:34] 
📍 Scanning Town: Vernon, CT (Progress: 32/1000)
[2026-09-16 11:26:45]    Found 0 new candidates in Vernon.
[2026-09-16 11:26:45] 
📍 Scanning Town: Norwalk, CT (Progress: 32/1000)
[2026-09-16 11:26:55]    Found 0 new candidates in Norwalk.
[2026-09-16 11:26:55] 
📍 Scanning Town: New Haven, CT (Progress: 32/1000)
[2026-09-16 11:27:05]    Found 0 new candidates in New Haven.
[2026-09-16 11:27:05] 
📍 Scanning Town: Groton, CT (Progress: 32/1000)
[2026-09-16 11:27:14]    Found 0 new candidates in Groton.
[2026-09-16 11:27:14] 
📍 Scanning Town: Newington, CT (Progress: 32/1000)
[2026-09-16 11:27:26]    Found 0 new candidates in Newington.
[2026-09-16 11:27:26] 
📍 Scanning Town: New Fairfield, CT (Progress: 32/1000)
[2026-09-16 11:27:37]    Found 0 new candidates in New Fairfield.
[2026-09-16 11:27:37] 
📍 Scanning Town: Watertown, CT (Progress: 32/1000)
[2026-09-16 11:27:47]    Found 0 new candidates in Watertown.
[2026-09-16 11:27:47] 
📍 Scanning Town: Rocky Hill, CT (Progress: 32/1000)
[2026-09-16 11:27:58]    Found 0 new candidates in Rocky Hill.
[2026-09-16 11:27:58] 
📍 Scanning Town: Berlin, CT (Progress: 32/1000)
[2026-09-16 11:28:18]    Found 0 new candidates in Berlin.
[2026-09-16 11:28:18] 
📍 Scanning Town: North Haven, CT (Progress: 32/1000)
[2026-09-16 11:28:29]    Found 0 new candidates in North Haven.
[2026-09-16 11:28:29] 
📍 Scanning Town: Oxford, CT (Progress: 32/1000)
[2026-09-16 11:28:39]    Found 0 new candidates in Oxford.
[2026-09-16 11:28:39] 
📍 Scanning Town: Darien, CT (Progress: 32/1000)
[2026-09-16 11:28:50]    Found 0 new candidates in Darien.
[2026-09-16 11:28:50] 
📍 Scanning Town: Simsbury, CT (Progress: 32/1000)
[2026-09-16 11:29:00]    Found 0 new candidates in Simsbury.
[2026-09-16 11:29:00] 
📍 Scanning Town: Naugatuck, CT (Progress: 32/1000)
[2026-09-16 11:29:11]    Found 0 new candidates in Naugatuck.
[2026-09-16 11:29:11] 
📍 Scanning Town: Shelton, CT (Progress: 32/1000)
[2026-09-16 11:29:38]    Found 0 new candidates in Shelton.
[2026-09-16 11:29:38] 
📍 Scanning Town: Middletown, CT (Progress: 32/1000)
[2026-09-16 11:30:17]    Found 0 new candidates in Middletown.
[2026-09-16 11:30:17] 
📍 Scanning Town: Southbury, CT (Progress: 32/1000)
[2026-09-16 11:30:27]    Found 0 new candidates in Southbury.
[2026-09-16 11:30:27] 
📍 Scanning Town: Wilton, CT (Progress: 32/1000)
[2026-09-16 11:30:38]    Found 0 new candidates in Wilton.
[2026-09-16 11:30:38] 
📍 Scanning Town: Plainville, CT (Progress: 32/1000)
[2026-09-16 11:30:48]    Found 0 new candidates in Plainville.
[2026-09-16 11:30:48] 
📍 Scanning Town: Oxford, CT (Progress: 32/1000)
[2026-09-16 11:30:58]    Found 0 new candidates in Oxford.
[2026-09-16 11:30:58] 
📍 Scanning Town: Branford, CT (Progress: 32/1000)
[2026-09-16 11:31:08]    Found 0 new candidates in Branford.
[2026-09-16 11:31:08] 
📍 Scanning Town: Guilford, CT (Progress: 32/1000)
[2026-09-16 11:31:19]    Found 0 new candidates in Guilford.
[2026-09-16 11:31:19] 
📍 Scanning Town: Watertown, CT (Progress: 32/1000)
[2026-09-16 11:31:29]    Found 0 new candidates in Watertown.
[2026-09-16 11:31:29] 
📍 Scanning Town: Monroe, CT (Progress: 32/1000)
[2026-09-16 11:31:45]    Found 0 new candidates in Monroe.
[2026-09-16 11:31:45] 
📍 Scanning Town: Bloomfield, CT (Progress: 32/1000)
[2026-09-16 11:32:38]    Found 0 new candidates in Bloomfield.
[2026-09-16 11:32:38] 
📍 Scanning Town: Rocky Hill, CT (Progress: 32/1000)
[2026-09-16 11:32:48]    Found 0 new candidates in Rocky Hill.
[2026-09-16 11:32:48] 
📍 Scanning Town: Middletown, CT (Progress: 32/1000)
[2026-09-16 11:32:58]    Found 0 new candidates in Middletown.
[2026-09-16 11:32:58] 
📍 Scanning Town: Avon, CT (Progress: 32/1000)
[2026-09-16 11:33:08]    Found 0 new candidates in Avon.
[2026-09-16 11:33:08] 
📍 Scanning Town: North Haven, CT (Progress: 32/1000)
[2026-09-16 11:33:18]    Found 0 new candidates in North Haven.
[2026-09-16 11:33:18] 
📍 Scanning Town: Meriden, CT (Progress: 32/1000)
[2026-09-16 11:33:28]    Found 0 new candidates in Meriden.
[2026-09-16 11:33:28] 
📍 Scanning Town: Naugatuck, CT (Progress: 32/1000)
[2026-09-16 11:33:38]    Found 0 new candidates in Naugatuck.
[2026-09-16 11:33:38] 
📍 Scanning Town: East Hartford, CT (Progress: 32/1000)
[2026-09-16 11:34:19]    Found 0 new candidates in East Hartford.
[2026-09-16 11:34:19] 
📍 Scanning Town: Waterford, CT (Progress: 32/1000)
[2026-09-16 11:34:29]    Found 0 new candidates in Waterford.
[2026-09-16 11:34:29] 
📍 Scanning Town: Simsbury, CT (Progress: 32/1000)
[2026-09-16 11:34:39]    Found 0 new candidates in Simsbury.
[2026-09-16 11:34:39] 
📍 Scanning Town: Mansfield, CT (Progress: 32/1000)
[2026-09-16 11:34:49]    Found 0 new candidates in Mansfield.
[2026-09-16 11:34:49] 
📍 Scanning Town: Newington, CT (Progress: 32/1000)
[2026-09-16 11:35:00]    Found 0 new candidates in Newington.
[2026-09-16 11:35:00] 
📍 Scanning Town: Shelton, CT (Progress: 32/1000)
[2026-09-16 11:35:09]    Found 0 new candidates in Shelton.
[2026-09-16 11:35:09] 
📍 Scanning Town: Enfield, CT (Progress: 32/1000)
[2026-09-16 11:35:19]    Found 0 new candidates in Enfield.
[2026-09-16 11:35:19] 
📍 Scanning Town: Windsor, CT (Progress: 32/1000)
[2026-09-16 11:35:29]    Found 0 new candidates in Windsor.
[2026-09-16 11:35:29] 
📍 Scanning Town: Seymour, CT (Progress: 32/1000)
[2026-09-16 11:35:38]    Found 0 new candidates in Seymour.
[2026-09-16 11:35:38] 
📍 Scanning Town: Woodbury, CT (Progress: 32/1000)
[2026-09-16 11:35:48]    Found 0 new candidates in Woodbury.
[2026-09-16 11:35:48] 
📍 Scanning Town: Southington, CT (Progress: 32/1000)
[2026-09-16 11:35:58]    Found 0 new candidates in Southington.
[2026-09-16 11:35:58] 
📍 Scanning Town: Ansonia, CT (Progress: 32/1000)
[2026-09-16 11:36:10]    Found 0 new candidates in Ansonia.
[2026-09-16 11:36:10] 
📍 Scanning Town: Cheshire, CT (Progress: 32/1000)
[2026-09-16 11:36:20]    Found 0 new candidates in Cheshire.
[2026-09-16 11:36:20] 
📍 Scanning Town: Bristol, CT (Progress: 32/1000)
[2026-09-16 11:36:30]    Found 0 new candidates in Bristol.
[2026-09-16 11:36:30] 
📍 Scanning Town: Waterbury, CT (Progress: 32/1000)
[2026-09-16 11:36:40]    Found 0 new candidates in Waterbury.
[2026-09-16 11:36:40] 
📍 Scanning Town: Berlin, CT (Progress: 32/1000)
[2026-09-16 11:36:50]    Found 0 new candidates in Berlin.
[2026-09-16 11:36:50] 
📍 Scanning Town: Norwich, CT (Progress: 32/1000)
[2026-09-16 11:37:00]    Found 0 new candidates in Norwich.
[2026-09-16 11:37:00] 
📍 Scanning Town: Farmington, CT (Progress: 32/1000)
[2026-09-16 11:37:11]    Found 0 new candidates in Farmington.
[2026-09-16 11:37:11] 
📍 Scanning Town: Glastonbury, CT (Progress: 32/1000)
[2026-09-16 11:37:46]    Found 0 new candidates in Glastonbury.
[2026-09-16 11:37:46] 
📍 Scanning Town: Darien, CT (Progress: 32/1000)
[2026-09-16 11:37:56]    Found 0 new candidates in Darien.
[2026-09-16 11:37:56] 
📍 Scanning Town: Vernon, CT (Progress: 32/1000)
[2026-09-16 11:38:06]    Found 0 new candidates in Vernon.
[2026-09-16 11:38:06] 
📍 Scanning Town: Hamden, CT (Progress: 32/1000)
[2026-09-16 11:38:36]    Found 0 new candidates in Hamden.
[2026-09-16 11:38:36] 
📍 Scanning Town: Ridgefield, CT (Progress: 32/1000)
[2026-09-16 11:39:05]    Found 0 new candidates in Ridgefield.
[2026-09-16 11:39:05] 
📍 Scanning Town: New Fairfield, CT (Progress: 32/1000)
[2026-09-16 11:39:16]    Found 0 new candidates in New Fairfield.
[2026-09-16 11:39:16] 
📍 Scanning Town: Stratford, CT (Progress: 32/1000)
[2026-09-16 11:39:26]    Found 0 new candidates in Stratford.
[2026-09-16 11:39:26] 
📍 Scanning Town: Bridgeport, CT (Progress: 32/1000)
[2026-09-16 11:39:35]    Found 0 new candidates in Bridgeport.
[2026-09-16 11:39:35] 
📍 Scanning Town: Orange, CT (Progress: 32/1000)
[2026-09-16 11:39:55]    Found 0 new candidates in Orange.
[2026-09-16 11:39:55] 
📍 Scanning Town: Norwalk, CT (Progress: 32/1000)
[2026-09-16 11:40:05]    Found 0 new candidates in Norwalk.
[2026-09-16 11:40:05] 
📍 Scanning Town: Hartford, CT (Progress: 32/1000)
[2026-09-16 11:40:15]    Found 0 new candidates in Hartford.
[2026-09-16 11:40:15] 
📍 Scanning Town: Stamford, CT (Progress: 32/1000)
[2026-09-16 11:40:46]    Found 0 new candidates in Stamford.
[2026-09-16 11:40:46] 
📍 Scanning Town: Derby, CT (Progress: 32/1000)
[2026-09-16 11:41:31]    Found 0 new candidates in Derby.
[2026-09-16 11:41:31] 
📍 Scanning Town: Bethel, CT (Progress: 32/1000)
[2026-09-16 11:42:24]    Found 0 new candidates in Bethel.
[2026-09-16 11:42:24] 
📍 Scanning Town: New Haven, CT (Progress: 32/1000)
[2026-09-16 11:43:08]    Found 0 new candidates in New Haven.
[2026-09-16 11:43:08] 
📍 Scanning Town: West Hartford, CT (Progress: 32/1000)
[2026-09-16 11:43:18]    Found 0 new candidates in West Hartford.
[2026-09-16 11:43:18] 
📍 Scanning Town: Cromwell, CT (Progress: 32/1000)
[2026-09-16 11:43:29]    Found 0 new candidates in Cromwell.
[2026-09-16 11:43:29] 
📍 Scanning Town: Fairfield, CT (Progress: 32/1000)
[2026-09-16 11:44:12]    Found 0 new candidates in Fairfield.
[2026-09-16 11:44:12] 
📍 Scanning Town: Danbury, CT (Progress: 32/1000)
[2026-09-16 11:44:33]    Found 0 new candidates in Danbury.
[2026-09-16 11:44:33] 
📍 Scanning Town: Prospect, CT (Progress: 32/1000)
[2026-09-16 11:44:43]    Found 0 new candidates in Prospect.
[2026-09-16 11:44:43] 
📍 Scanning Town: Newtown, CT (Progress: 32/1000)
[2026-09-16 11:45:06]    Found 0 new candidates in Newtown.
[2026-09-16 11:45:06] 
📍 Scanning Town: Groton, CT (Progress: 32/1000)
[2026-09-16 11:45:16]    Found 0 new candidates in Groton.
[2026-09-16 11:45:16] 
📍 Scanning Town: Westport, CT (Progress: 32/1000)
[2026-09-16 11:45:37]    Found 0 new candidates in Westport.
[2026-09-16 11:45:37] 
📍 Scanning Town: Greenwich, CT (Progress: 32/1000)
[2026-09-16 11:45:47]    Found 0 new candidates in Greenwich.
[2026-09-16 11:45:47] 
📍 Scanning Town: Milford, CT (Progress: 32/1000)
[2026-09-16 11:46:08]    Found 0 new candidates in Milford.
[2026-09-16 11:46:08] 
📍 Scanning Town: Wethersfield, CT (Progress: 32/1000)
[2026-09-16 11:46:18]    Found 0 new candidates in Wethersfield.
[2026-09-16 11:46:18] 
📍 Scanning Town: Manchester, CT (Progress: 32/1000)
[2026-09-16 11:46:28]    Found 0 new candidates in Manchester.
[2026-09-16 11:46:28] 
📍 Scanning Town: West Haven, CT (Progress: 32/1000)
[2026-09-16 11:46:40]    Found 0 new candidates in West Haven.
[2026-09-16 11:46:40] 
📍 Scanning Town: South Windsor, CT (Progress: 32/1000)
[2026-09-16 11:47:03]    Found 0 new candidates in South Windsor.
[2026-09-16 11:47:03] 
📍 Scanning Town: Brookfield, CT (Progress: 32/1000)
[2026-09-16 11:47:13]    Found 0 new candidates in Brookfield.
[2026-09-16 11:47:13] 
📍 Scanning Town: Southbury, CT (Progress: 32/1000)
[2026-09-16 11:47:23]    Found 0 new candidates in Southbury.
[2026-09-16 11:47:23] 
📍 Scanning Town: Torrington, CT (Progress: 32/1000)
[2026-09-16 11:47:43]    Found 0 new candidates in Torrington.
[2026-09-16 11:47:43] 
📍 Scanning Town: Trumbull, CT (Progress: 32/1000)
[2026-09-16 11:48:04]    Found 0 new candidates in Trumbull.
[2026-09-16 11:48:04] 
📍 Scanning Town: Torrington, CT (Progress: 32/1000)
[2026-09-16 11:48:13]    Found 0 new candidates in Torrington.
[2026-09-16 11:48:13] 
📍 Scanning Town: North Haven, CT (Progress: 32/1000)
[2026-09-16 11:48:37]    Found 0 new candidates in North Haven.
[2026-09-16 11:48:37] 
📍 Scanning Town: Seymour, CT (Progress: 32/1000)
[2026-09-16 11:48:47]    Found 0 new candidates in Seymour.
[2026-09-16 11:48:47] 
📍 Scanning Town: Rocky Hill, CT (Progress: 32/1000)
[2026-09-16 11:48:56]    Found 0 new candidates in Rocky Hill.
[2026-09-16 11:48:56] 
📍 Scanning Town: Trumbull, CT (Progress: 32/1000)
[2026-09-16 11:49:06]    Found 0 new candidates in Trumbull.
[2026-09-16 11:49:06] 
📍 Scanning Town: Naugatuck, CT (Progress: 32/1000)
[2026-09-16 11:49:29]    Found 0 new candidates in Naugatuck.
[2026-09-16 11:49:29] 
📍 Scanning Town: Enfield, CT (Progress: 32/1000)
[2026-09-16 11:49:39]    Found 0 new candidates in Enfield.
[2026-09-16 11:49:39] 
📍 Scanning Town: Woodbury, CT (Progress: 32/1000)
[2026-09-16 11:50:00]    Found 0 new candidates in Woodbury.
[2026-09-16 11:50:00] 
📍 Scanning Town: Avon, CT (Progress: 32/1000)
[2026-09-16 11:50:22]    Found 0 new candidates in Avon.
[2026-09-16 11:50:22] 
📍 Scanning Town: Orange, CT (Progress: 32/1000)
[2026-09-16 11:50:32]    Found 0 new candidates in Orange.
[2026-09-16 11:50:32] 
📍 Scanning Town: Danbury, CT (Progress: 32/1000)
[2026-09-16 11:50:44]    Found 0 new candidates in Danbury.
[2026-09-16 11:50:44] 
📍 Scanning Town: Wilton, CT (Progress: 32/1000)
[2026-09-16 11:51:08]    Found 0 new candidates in Wilton.
[2026-09-16 11:51:08] 
📍 Scanning Town: Southington, CT (Progress: 32/1000)
[2026-09-16 11:51:26]    Found 0 new candidates in Southington.
[2026-09-16 11:51:26] 
📍 Scanning Town: Oxford, CT (Progress: 32/1000)
[2026-09-16 11:51:51]    Found 0 new candidates in Oxford.
[2026-09-16 11:51:51] 
📍 Scanning Town: Southbury, CT (Progress: 32/1000)
[2026-09-16 11:52:01]    Found 0 new candidates in Southbury.
[2026-09-16 11:52:01] 
📍 Scanning Town: Monroe, CT (Progress: 32/1000)
[2026-09-16 11:52:25]    Found 0 new candidates in Monroe.
[2026-09-16 11:52:25] 
📍 Scanning Town: Darien, CT (Progress: 32/1000)
[2026-09-16 11:52:35]    Found 0 new candidates in Darien.
[2026-09-16 11:52:35] 
📍 Scanning Town: Greenwich, CT (Progress: 32/1000)
[2026-09-16 11:52:46]    Found 0 new candidates in Greenwich.
[2026-09-16 11:52:46] 
📍 Scanning Town: Hamden, CT (Progress: 32/1000)
[2026-09-16 11:52:55]    Found 0 new candidates in Hamden.
[2026-09-16 11:52:55] 
📍 Scanning Town: Branford, CT (Progress: 32/1000)
[2026-09-16 11:53:15]    Found 2 new candidates in Branford.
[2026-09-16 11:53:22] ✨ [CONFIRMED #33/1000] Hornets Nest Deli (Branford, CT)
[2026-09-16 11:53:22]    Platform: Facebook (HornetsNestDeli) | Site: https://hornetsnestdeli.com/
[2026-09-16 11:53:50] 
📍 Scanning Town: Bethel, CT (Progress: 33/1000)
[2026-09-16 11:54:00]    Found 0 new candidates in Bethel.
[2026-09-16 11:54:00] 
📍 Scanning Town: Waterbury, CT (Progress: 33/1000)
[2026-09-16 11:54:22]    Found 0 new candidates in Waterbury.
[2026-09-16 11:54:22] 
📍 Scanning Town: Stamford, CT (Progress: 33/1000)
[2026-09-16 11:54:32]    Found 0 new candidates in Stamford.
[2026-09-16 11:54:32] 
📍 Scanning Town: Ansonia, CT (Progress: 33/1000)
[2026-09-16 11:54:51]    Found 0 new candidates in Ansonia.
[2026-09-16 11:54:51] 
📍 Scanning Town: Brookfield, CT (Progress: 33/1000)
[2026-09-16 11:55:00]    Found 0 new candidates in Brookfield.
[2026-09-16 11:55:00] 
📍 Scanning Town: West Hartford, CT (Progress: 33/1000)
[2026-09-16 11:55:10]    Found 0 new candidates in West Hartford.
[2026-09-16 11:55:10] 
📍 Scanning Town: New Haven, CT (Progress: 33/1000)
[2026-09-16 11:55:20]    Found 0 new candidates in New Haven.
[2026-09-16 11:55:20] 
📍 Scanning Town: Cromwell, CT (Progress: 33/1000)
[2026-09-16 11:55:29]    Found 0 new candidates in Cromwell.
[2026-09-16 11:55:29] 
📍 Scanning Town: Middletown, CT (Progress: 33/1000)
[2026-09-16 11:55:39]    Found 0 new candidates in Middletown.
[2026-09-16 11:55:39] 
📍 Scanning Town: Westport, CT (Progress: 33/1000)
[2026-09-16 11:55:50]    Found 0 new candidates in Westport.
[2026-09-16 11:55:50] 
📍 Scanning Town: Newington, CT (Progress: 33/1000)
[2026-09-16 11:56:10]    Found 0 new candidates in Newington.
[2026-09-16 11:56:10] 
📍 Scanning Town: Bristol, CT (Progress: 33/1000)
[2026-09-16 11:56:20]    Found 0 new candidates in Bristol.
[2026-09-16 11:56:20] 
📍 Scanning Town: Simsbury, CT (Progress: 33/1000)
[2026-09-16 11:56:39]    Found 0 new candidates in Simsbury.
[2026-09-16 11:56:39] 
📍 Scanning Town: Meriden, CT (Progress: 33/1000)
[2026-09-16 11:56:59]    Found 0 new candidates in Meriden.
[2026-09-16 11:56:59] 
📍 Scanning Town: Prospect, CT (Progress: 33/1000)
[2026-09-16 11:57:10]    Found 0 new candidates in Prospect.
[2026-09-16 11:57:10] 
📍 Scanning Town: Milford, CT (Progress: 33/1000)
[2026-09-16 11:57:20]    Found 0 new candidates in Milford.
[2026-09-16 11:57:20] 
📍 Scanning Town: Cheshire, CT (Progress: 33/1000)
[2026-09-16 11:57:30]    Found 0 new candidates in Cheshire.
[2026-09-16 11:57:30] 
📍 Scanning Town: Glastonbury, CT (Progress: 33/1000)
[2026-09-16 11:57:40]    Found 0 new candidates in Glastonbury.
[2026-09-16 11:57:40] 
📍 Scanning Town: Waterford, CT (Progress: 33/1000)
[2026-09-16 11:58:05]    Found 0 new candidates in Waterford.
[2026-09-16 11:58:05] 
📍 Scanning Town: West Haven, CT (Progress: 33/1000)
[2026-09-16 11:58:29]    Found 0 new candidates in West Haven.
[2026-09-16 11:58:29] 
📍 Scanning Town: East Hartford, CT (Progress: 33/1000)
[2026-09-16 11:58:40]    Found 0 new candidates in East Hartford.
[2026-09-16 11:58:40] 
📍 Scanning Town: Groton, CT (Progress: 33/1000)
[2026-09-16 11:59:00]    Found 0 new candidates in Groton.
[2026-09-16 11:59:00] 
📍 Scanning Town: Plainville, CT (Progress: 33/1000)
[2026-09-16 11:59:21]    Found 0 new candidates in Plainville.
[2026-09-16 11:59:21] 
📍 Scanning Town: Watertown, CT (Progress: 33/1000)
[2026-09-16 11:59:32]    Found 0 new candidates in Watertown.
[2026-09-16 11:59:32] 
📍 Scanning Town: Derby, CT (Progress: 33/1000)
[2026-09-16 11:59:44]    Found 0 new candidates in Derby.
[2026-09-16 11:59:44] 
📍 Scanning Town: Wethersfield, CT (Progress: 33/1000)
[2026-09-16 12:00:02]    Found 0 new candidates in Wethersfield.
[2026-09-16 12:00:02] 
📍 Scanning Town: Vernon, CT (Progress: 33/1000)
[2026-09-16 12:00:13]    Found 0 new candidates in Vernon.
[2026-09-16 12:00:13] 
📍 Scanning Town: New Fairfield, CT (Progress: 33/1000)
[2026-09-16 12:01:48]    Found 0 new candidates in New Fairfield.
[2026-09-16 12:01:48] 
📍 Scanning Town: Bloomfield, CT (Progress: 33/1000)
[2026-09-16 12:02:02]    Found 0 new candidates in Bloomfield.
[2026-09-16 12:02:02] 
📍 Scanning Town: Fairfield, CT (Progress: 33/1000)
[2026-09-16 12:02:12]    Found 0 new candidates in Fairfield.
[2026-09-16 12:02:12] 
📍 Scanning Town: Mansfield, CT (Progress: 33/1000)
[2026-09-16 12:02:45]    Found 0 new candidates in Mansfield.
[2026-09-16 12:02:45] 
📍 Scanning Town: Manchester, CT (Progress: 33/1000)
[2026-09-16 12:03:53]    Found 0 new candidates in Manchester.
[2026-09-16 12:03:53] 
📍 Scanning Town: Ridgefield, CT (Progress: 33/1000)
[2026-09-16 12:04:04]    Found 0 new candidates in Ridgefield.
[2026-09-16 12:04:04] 
📍 Scanning Town: Guilford, CT (Progress: 33/1000)
[2026-09-16 12:04:14]    Found 0 new candidates in Guilford.
[2026-09-16 12:04:14] 
📍 Scanning Town: Newtown, CT (Progress: 33/1000)
[2026-09-16 12:04:25]    Found 0 new candidates in Newtown.
[2026-09-16 12:04:25] 
📍 Scanning Town: South Windsor, CT (Progress: 33/1000)
[2026-09-16 12:04:48]    Found 0 new candidates in South Windsor.
[2026-09-16 12:04:48] 
📍 Scanning Town: Berlin, CT (Progress: 33/1000)
[2026-09-16 12:05:37]    Found 0 new candidates in Berlin.
[2026-09-16 12:05:37] 
📍 Scanning Town: Windsor, CT (Progress: 33/1000)
[2026-09-16 12:06:04]    Found 0 new candidates in Windsor.
[2026-09-16 12:06:04] 
📍 Scanning Town: Norwalk, CT (Progress: 33/1000)
[2026-09-16 12:06:47]    Found 0 new candidates in Norwalk.
[2026-09-16 12:06:47] 
📍 Scanning Town: Norwich, CT (Progress: 33/1000)
[2026-09-16 12:07:36]    Found 0 new candidates in Norwich.
[2026-09-16 12:07:36] 
📍 Scanning Town: Farmington, CT (Progress: 33/1000)
[2026-09-16 12:08:49]    Found 0 new candidates in Farmington.
[2026-09-16 12:08:49] 
📍 Scanning Town: Hartford, CT (Progress: 33/1000)
[2026-09-16 12:09:30]    Found 0 new candidates in Hartford.
[2026-09-16 12:09:30] 
📍 Scanning Town: Stratford, CT (Progress: 33/1000)
[2026-09-16 12:10:24]    Found 0 new candidates in Stratford.
[2026-09-16 12:10:24] 
📍 Scanning Town: Shelton, CT (Progress: 33/1000)
[2026-09-16 12:10:35]    Found 0 new candidates in Shelton.
[2026-09-16 12:10:35] 
📍 Scanning Town: Bridgeport, CT (Progress: 33/1000)
[2026-09-16 12:10:46]    Found 0 new candidates in Bridgeport.
[2026-09-16 12:10:46] 
📍 Scanning Town: Naugatuck, CT (Progress: 33/1000)
[2026-09-16 12:11:06]    Found 0 new candidates in Naugatuck.
[2026-09-16 12:11:06] 
📍 Scanning Town: Wethersfield, CT (Progress: 33/1000)
[2026-09-16 12:11:16]    Found 0 new candidates in Wethersfield.
[2026-09-16 12:11:16] 
📍 Scanning Town: Waterbury, CT (Progress: 33/1000)
[2026-09-16 12:11:26]    Found 0 new candidates in Waterbury.
[2026-09-16 12:11:26] 
📍 Scanning Town: New Haven, CT (Progress: 33/1000)
[2026-09-16 12:11:37]    Found 0 new candidates in New Haven.
[2026-09-16 12:11:37] 
📍 Scanning Town: Monroe, CT (Progress: 33/1000)
[2026-09-16 12:11:49]    Found 0 new candidates in Monroe.
[2026-09-16 12:11:49] 
📍 Scanning Town: Glastonbury, CT (Progress: 33/1000)
[2026-09-16 12:12:01]    Found 0 new candidates in Glastonbury.
[2026-09-16 12:12:01] 
📍 Scanning Town: Avon, CT (Progress: 33/1000)
[2026-09-16 12:12:16]    Found 0 new candidates in Avon.
[2026-09-16 12:12:16] 
📍 Scanning Town: Greenwich, CT (Progress: 33/1000)
[2026-09-16 12:13:02]    Found 0 new candidates in Greenwich.
[2026-09-16 12:13:02] 
📍 Scanning Town: Farmington, CT (Progress: 33/1000)
[2026-09-16 12:13:12]    Found 0 new candidates in Farmington.
[2026-09-16 12:13:12] 
📍 Scanning Town: Orange, CT (Progress: 33/1000)
[2026-09-16 12:13:24]    Found 0 new candidates in Orange.
[2026-09-16 12:13:24] 
📍 Scanning Town: Meriden, CT (Progress: 33/1000)
[2026-09-16 12:13:35]    Found 0 new candidates in Meriden.
[2026-09-16 12:13:35] 
📍 Scanning Town: Watertown, CT (Progress: 33/1000)
[2026-09-16 12:14:27]    Found 0 new candidates in Watertown.
[2026-09-16 12:14:27] 
📍 Scanning Town: Southington, CT (Progress: 33/1000)
[2026-09-16 12:14:36]    Found 0 new candidates in Southington.
[2026-09-16 12:14:36] 
📍 Scanning Town: Guilford, CT (Progress: 33/1000)
[2026-09-16 12:14:46]    Found 0 new candidates in Guilford.
[2026-09-16 12:14:46] 
📍 Scanning Town: Middletown, CT (Progress: 33/1000)
[2026-09-16 12:14:57]    Found 0 new candidates in Middletown.
[2026-09-16 12:14:57] 
📍 Scanning Town: Newington, CT (Progress: 33/1000)
[2026-09-16 12:15:07]    Found 0 new candidates in Newington.
[2026-09-16 12:15:07] 
📍 Scanning Town: Brookfield, CT (Progress: 33/1000)
[2026-09-16 12:16:25]    Found 0 new candidates in Brookfield.
[2026-09-16 12:16:25] 
📍 Scanning Town: Bridgeport, CT (Progress: 33/1000)
[2026-09-16 12:16:59]    Found 0 new candidates in Bridgeport.
[2026-09-16 12:16:59] 
📍 Scanning Town: Bloomfield, CT (Progress: 33/1000)
[2026-09-16 12:17:09]    Found 0 new candidates in Bloomfield.
[2026-09-16 12:17:09] 
📍 Scanning Town: Stamford, CT (Progress: 33/1000)
[2026-09-16 12:17:20]    Found 0 new candidates in Stamford.
[2026-09-16 12:17:20] 
📍 Scanning Town: Oxford, CT (Progress: 33/1000)
[2026-09-16 12:17:31]    Found 0 new candidates in Oxford.
[2026-09-16 12:17:31] 
📍 Scanning Town: Bristol, CT (Progress: 33/1000)
[2026-09-16 12:18:33]    Found 0 new candidates in Bristol.
[2026-09-16 12:18:33] 
📍 Scanning Town: Mansfield, CT (Progress: 33/1000)
[2026-09-16 12:19:05]    Found 0 new candidates in Mansfield.
[2026-09-16 12:19:05] 
📍 Scanning Town: Shelton, CT (Progress: 33/1000)
[2026-09-16 12:19:15]    Found 0 new candidates in Shelton.
[2026-09-16 12:19:15] 
📍 Scanning Town: Rocky Hill, CT (Progress: 33/1000)
[2026-09-16 12:19:48]    Found 0 new candidates in Rocky Hill.
[2026-09-16 12:19:48] 
📍 Scanning Town: New Fairfield, CT (Progress: 33/1000)
[2026-09-16 12:20:09]    Found 0 new candidates in New Fairfield.
[2026-09-16 12:20:09] 
📍 Scanning Town: North Haven, CT (Progress: 33/1000)
[2026-09-16 12:20:22]    Found 0 new candidates in North Haven.
[2026-09-16 12:20:22] 
📍 Scanning Town: Derby, CT (Progress: 33/1000)
[2026-09-16 12:20:32]    Found 0 new candidates in Derby.
[2026-09-16 12:20:32] 
📍 Scanning Town: Plainville, CT (Progress: 33/1000)
[2026-09-16 12:20:42]    Found 0 new candidates in Plainville.
[2026-09-16 12:20:42] 
📍 Scanning Town: Simsbury, CT (Progress: 33/1000)
[2026-09-16 12:20:53]    Found 0 new candidates in Simsbury.
[2026-09-16 12:20:53] 
📍 Scanning Town: Windsor, CT (Progress: 33/1000)
[2026-09-16 12:21:03]    Found 0 new candidates in Windsor.
[2026-09-16 12:21:03] 
📍 Scanning Town: Cheshire, CT (Progress: 33/1000)
[2026-09-16 12:22:04]    Found 0 new candidates in Cheshire.
[2026-09-16 12:22:04] 
📍 Scanning Town: Bethel, CT (Progress: 33/1000)
[2026-09-16 12:22:27]    Found 0 new candidates in Bethel.
[2026-09-16 12:22:27] 
📍 Scanning Town: Prospect, CT (Progress: 33/1000)
[2026-09-16 12:23:46]    Found 0 new candidates in Prospect.
[2026-09-16 12:23:46] 
📍 Scanning Town: Trumbull, CT (Progress: 33/1000)
[2026-09-16 12:23:59]    Found 0 new candidates in Trumbull.
[2026-09-16 12:23:59] 
📍 Scanning Town: Danbury, CT (Progress: 33/1000)
[2026-09-16 12:24:09]    Found 0 new candidates in Danbury.
[2026-09-16 12:24:09] 
📍 Scanning Town: Torrington, CT (Progress: 33/1000)
[2026-09-16 12:24:20]    Found 0 new candidates in Torrington.
[2026-09-16 12:24:20] 
📍 Scanning Town: Manchester, CT (Progress: 33/1000)
[2026-09-16 12:24:31]    Found 0 new candidates in Manchester.
[2026-09-16 12:24:31] 
📍 Scanning Town: Waterford, CT (Progress: 33/1000)
[2026-09-16 12:24:42]    Found 0 new candidates in Waterford.
[2026-09-16 12:24:42] 
📍 Scanning Town: Ansonia, CT (Progress: 33/1000)
[2026-09-16 12:24:53]    Found 0 new candidates in Ansonia.
[2026-09-16 12:24:53] 
📍 Scanning Town: Groton, CT (Progress: 33/1000)
[2026-09-16 12:25:03]    Found 0 new candidates in Groton.
[2026-09-16 12:25:03] 
📍 Scanning Town: Newtown, CT (Progress: 33/1000)
[2026-09-16 12:25:12]    Found 0 new candidates in Newtown.
[2026-09-16 12:25:12] 
📍 Scanning Town: Westport, CT (Progress: 33/1000)
[2026-09-16 12:25:23]    Found 0 new candidates in Westport.
[2026-09-16 12:25:23] 
📍 Scanning Town: South Windsor, CT (Progress: 33/1000)
[2026-09-16 12:25:34]    Found 0 new candidates in South Windsor.
[2026-09-16 12:25:34] 
📍 Scanning Town: Enfield, CT (Progress: 33/1000)
[2026-09-16 12:26:04]    Found 0 new candidates in Enfield.
[2026-09-16 12:26:04] 
📍 Scanning Town: Norwalk, CT (Progress: 33/1000)
[2026-09-16 12:26:15]    Found 0 new candidates in Norwalk.
[2026-09-16 12:26:15] 
📍 Scanning Town: Branford, CT (Progress: 33/1000)
[2026-09-16 12:26:25]    Found 0 new candidates in Branford.
[2026-09-16 12:26:25] 
📍 Scanning Town: East Hartford, CT (Progress: 33/1000)
[2026-09-16 12:26:37]    Found 0 new candidates in East Hartford.
[2026-09-16 12:26:37] 
📍 Scanning Town: Ridgefield, CT (Progress: 33/1000)
[2026-09-16 12:26:48]    Found 0 new candidates in Ridgefield.
[2026-09-16 12:26:48] 
📍 Scanning Town: Seymour, CT (Progress: 33/1000)
[2026-09-16 12:27:54]    Found 0 new candidates in Seymour.
[2026-09-16 12:27:54] 
📍 Scanning Town: Fairfield, CT (Progress: 33/1000)
[2026-09-16 12:28:06]    Found 0 new candidates in Fairfield.
[2026-09-16 12:28:06] 
📍 Scanning Town: Stratford, CT (Progress: 33/1000)
[2026-09-16 12:28:17]    Found 0 new candidates in Stratford.
[2026-09-16 12:28:17] 
📍 Scanning Town: Southbury, CT (Progress: 33/1000)
[2026-09-16 12:28:41]    Found 0 new candidates in Southbury.
[2026-09-16 12:28:41] 
📍 Scanning Town: Woodbury, CT (Progress: 33/1000)
[2026-09-16 12:28:54]    Found 0 new candidates in Woodbury.
[2026-09-16 12:28:54] 
📍 Scanning Town: Hartford, CT (Progress: 33/1000)
[2026-09-16 12:29:04]    Found 0 new candidates in Hartford.
[2026-09-16 12:29:04] 
📍 Scanning Town: Berlin, CT (Progress: 33/1000)
[2026-09-16 12:29:14]    Found 0 new candidates in Berlin.
[2026-09-16 12:29:14] 
📍 Scanning Town: Hamden, CT (Progress: 33/1000)
[2026-09-16 12:29:25]    Found 0 new candidates in Hamden.
[2026-09-16 12:29:25] 
📍 Scanning Town: West Hartford, CT (Progress: 33/1000)
[2026-09-16 12:29:47]    Found 0 new candidates in West Hartford.
[2026-09-16 12:29:47] 
📍 Scanning Town: West Haven, CT (Progress: 33/1000)
[2026-09-16 12:29:57]    Found 0 new candidates in West Haven.
[2026-09-16 12:29:57] 
📍 Scanning Town: Vernon, CT (Progress: 33/1000)
[2026-09-16 12:30:20]    Found 0 new candidates in Vernon.
[2026-09-16 12:30:20] 
📍 Scanning Town: Wilton, CT (Progress: 33/1000)
[2026-09-16 12:30:32]    Found 0 new candidates in Wilton.
[2026-09-16 12:30:32] 
📍 Scanning Town: Darien, CT (Progress: 33/1000)
[2026-09-16 12:30:53]    Found 0 new candidates in Darien.
[2026-09-16 12:30:53] 
📍 Scanning Town: Norwich, CT (Progress: 33/1000)
[2026-09-16 12:31:03]    Found 0 new candidates in Norwich.
[2026-09-16 12:31:03] 
📍 Scanning Town: Cromwell, CT (Progress: 33/1000)
[2026-09-16 12:31:26]    Found 0 new candidates in Cromwell.
[2026-09-16 12:31:26] 
📍 Scanning Town: Milford, CT (Progress: 33/1000)
[2026-09-16 12:31:36]    Found 0 new candidates in Milford.
[2026-09-16 12:31:36] 
📍 Scanning Town: Bridgeport, CT (Progress: 33/1000)
[2026-09-16 12:31:47]    Found 0 new candidates in Bridgeport.
[2026-09-16 12:31:47] 
📍 Scanning Town: Darien, CT (Progress: 33/1000)
[2026-09-16 12:31:57]    Found 0 new candidates in Darien.
[2026-09-16 12:31:57] 
📍 Scanning Town: Simsbury, CT (Progress: 33/1000)
[2026-09-16 12:32:08]    Found 0 new candidates in Simsbury.
[2026-09-16 12:32:08] 
📍 Scanning Town: South Windsor, CT (Progress: 33/1000)
[2026-09-16 12:32:18]    Found 0 new candidates in South Windsor.
[2026-09-16 12:32:18] 
📍 Scanning Town: Ansonia, CT (Progress: 33/1000)
[2026-09-16 12:32:29]    Found 0 new candidates in Ansonia.
[2026-09-16 12:32:29] 
📍 Scanning Town: Guilford, CT (Progress: 33/1000)
[2026-09-16 12:32:49]    Found 0 new candidates in Guilford.
[2026-09-16 12:32:49] 
📍 Scanning Town: Norwalk, CT (Progress: 33/1000)
[2026-09-16 12:33:00]    Found 0 new candidates in Norwalk.
[2026-09-16 12:33:00] 
📍 Scanning Town: West Haven, CT (Progress: 33/1000)
[2026-09-16 12:33:09]    Found 0 new candidates in West Haven.
[2026-09-16 12:33:09] 
📍 Scanning Town: Hartford, CT (Progress: 33/1000)
[2026-09-16 12:33:20]    Found 0 new candidates in Hartford.
[2026-09-16 12:33:20] 
📍 Scanning Town: Woodbury, CT (Progress: 33/1000)
[2026-09-16 12:33:30]    Found 0 new candidates in Woodbury.
[2026-09-16 12:33:30] 
📍 Scanning Town: Bethel, CT (Progress: 33/1000)
[2026-09-16 12:33:41]    Found 0 new candidates in Bethel.
[2026-09-16 12:33:41] 
📍 Scanning Town: Waterbury, CT (Progress: 33/1000)
[2026-09-16 12:33:52]    Found 0 new candidates in Waterbury.
[2026-09-16 12:33:52] 
📍 Scanning Town: Middletown, CT (Progress: 33/1000)
[2026-09-16 12:34:13]    Found 0 new candidates in Middletown.
[2026-09-16 12:34:13] 
📍 Scanning Town: Branford, CT (Progress: 33/1000)
[2026-09-16 12:34:23]    Found 0 new candidates in Branford.
[2026-09-16 12:34:23] 
📍 Scanning Town: Ridgefield, CT (Progress: 33/1000)
[2026-09-16 12:34:33]    Found 0 new candidates in Ridgefield.
[2026-09-16 12:34:33] 
📍 Scanning Town: Monroe, CT (Progress: 33/1000)
[2026-09-16 12:34:44]    Found 0 new candidates in Monroe.
[2026-09-16 12:34:44] 
📍 Scanning Town: Windsor, CT (Progress: 33/1000)
[2026-09-16 12:34:55]    Found 0 new candidates in Windsor.
[2026-09-16 12:34:55] 
📍 Scanning Town: Waterford, CT (Progress: 33/1000)
[2026-09-16 12:35:04]    Found 0 new candidates in Waterford.
[2026-09-16 12:35:04] 
📍 Scanning Town: Watertown, CT (Progress: 33/1000)
[2026-09-16 12:35:15]    Found 0 new candidates in Watertown.
[2026-09-16 12:35:15] 
📍 Scanning Town: Bloomfield, CT (Progress: 33/1000)
[2026-09-16 12:35:36]    Found 0 new candidates in Bloomfield.
[2026-09-16 12:35:36] 
📍 Scanning Town: Danbury, CT (Progress: 33/1000)
[2026-09-16 12:35:46]    Found 0 new candidates in Danbury.
[2026-09-16 12:35:46] 
📍 Scanning Town: Naugatuck, CT (Progress: 33/1000)
[2026-09-16 12:35:57]    Found 0 new candidates in Naugatuck.
[2026-09-16 12:35:57] 
📍 Scanning Town: Westport, CT (Progress: 33/1000)
[2026-09-16 12:36:07]    Found 0 new candidates in Westport.
[2026-09-16 12:36:07] 
📍 Scanning Town: Oxford, CT (Progress: 33/1000)
[2026-09-16 12:36:18]    Found 0 new candidates in Oxford.
[2026-09-16 12:36:18] 
📍 Scanning Town: Seymour, CT (Progress: 33/1000)
[2026-09-16 12:36:28]    Found 0 new candidates in Seymour.
[2026-09-16 12:36:28] 
📍 Scanning Town: West Hartford, CT (Progress: 33/1000)
[2026-09-16 12:36:39]    Found 0 new candidates in West Hartford.
[2026-09-16 12:36:39] 
📍 Scanning Town: Groton, CT (Progress: 33/1000)
[2026-09-16 12:36:50]    Found 0 new candidates in Groton.
[2026-09-16 12:36:50] 
📍 Scanning Town: Shelton, CT (Progress: 33/1000)
[2026-09-16 12:37:11]    Found 0 new candidates in Shelton.
[2026-09-16 12:37:11] 
📍 Scanning Town: Meriden, CT (Progress: 33/1000)
[2026-09-16 12:37:22]    Found 0 new candidates in Meriden.
[2026-09-16 12:37:22] 
📍 Scanning Town: Newtown, CT (Progress: 33/1000)
[2026-09-16 12:37:33]    Found 0 new candidates in Newtown.
[2026-09-16 12:37:33] 
📍 Scanning Town: Newington, CT (Progress: 33/1000)
[2026-09-16 12:37:44]    Found 0 new candidates in Newington.
[2026-09-16 12:37:44] 
📍 Scanning Town: Avon, CT (Progress: 33/1000)
[2026-09-16 12:37:55]    Found 0 new candidates in Avon.
[2026-09-16 12:37:55] 
📍 Scanning Town: Derby, CT (Progress: 33/1000)
[2026-09-16 12:38:06]    Found 0 new candidates in Derby.
[2026-09-16 12:38:06] 
📍 Scanning Town: Hamden, CT (Progress: 33/1000)
[2026-09-16 12:38:16]    Found 0 new candidates in Hamden.
[2026-09-16 12:38:16] 
📍 Scanning Town: Stratford, CT (Progress: 33/1000)
[2026-09-16 12:38:26]    Found 0 new candidates in Stratford.
[2026-09-16 12:38:26] 
📍 Scanning Town: Prospect, CT (Progress: 33/1000)
[2026-09-16 12:38:39]    Found 0 new candidates in Prospect.
[2026-09-16 12:38:39] 
📍 Scanning Town: Torrington, CT (Progress: 33/1000)
[2026-09-16 12:38:49]    Found 0 new candidates in Torrington.
[2026-09-16 12:38:49] 
📍 Scanning Town: Bristol, CT (Progress: 33/1000)
[2026-09-16 12:39:01]    Found 0 new candidates in Bristol.
[2026-09-16 12:39:01] 
📍 Scanning Town: Milford, CT (Progress: 33/1000)
[2026-09-16 12:39:11]    Found 0 new candidates in Milford.
[2026-09-16 12:39:11] 
📍 Scanning Town: Wilton, CT (Progress: 33/1000)
[2026-09-16 12:39:22]    Found 0 new candidates in Wilton.
[2026-09-16 12:39:22] 
📍 Scanning Town: New Fairfield, CT (Progress: 33/1000)
[2026-09-16 12:39:33]    Found 0 new candidates in New Fairfield.
[2026-09-16 12:39:33] 
📍 Scanning Town: Glastonbury, CT (Progress: 33/1000)
[2026-09-16 12:39:53]    Found 0 new candidates in Glastonbury.
[2026-09-16 12:39:53] 
📍 Scanning Town: Plainville, CT (Progress: 33/1000)
[2026-09-16 12:40:03]    Found 0 new candidates in Plainville.
[2026-09-16 12:40:03] 
📍 Scanning Town: East Hartford, CT (Progress: 33/1000)
[2026-09-16 12:40:24]    Found 0 new candidates in East Hartford.
[2026-09-16 12:40:24] 
📍 Scanning Town: Cromwell, CT (Progress: 33/1000)
[2026-09-16 12:40:34]    Found 0 new candidates in Cromwell.
[2026-09-16 12:40:34] 
📍 Scanning Town: Trumbull, CT (Progress: 33/1000)
[2026-09-16 12:40:46]    Found 0 new candidates in Trumbull.
[2026-09-16 12:40:46] 
📍 Scanning Town: Vernon, CT (Progress: 33/1000)
[2026-09-16 12:40:57]    Found 0 new candidates in Vernon.
[2026-09-16 12:40:57] 
📍 Scanning Town: Enfield, CT (Progress: 33/1000)
[2026-09-16 12:41:07]    Found 0 new candidates in Enfield.
[2026-09-16 12:41:07] 
📍 Scanning Town: Southington, CT (Progress: 33/1000)
[2026-09-16 12:41:17]    Found 0 new candidates in Southington.
[2026-09-16 12:41:17] 
📍 Scanning Town: Greenwich, CT (Progress: 33/1000)
[2026-09-16 12:41:27]    Found 0 new candidates in Greenwich.
[2026-09-16 12:41:27] 
📍 Scanning Town: Cheshire, CT (Progress: 33/1000)
[2026-09-16 12:41:39]    Found 0 new candidates in Cheshire.
[2026-09-16 12:41:39] 
📍 Scanning Town: Mansfield, CT (Progress: 33/1000)
[2026-09-16 12:41:49]    Found 0 new candidates in Mansfield.
[2026-09-16 12:41:49] 
📍 Scanning Town: New Haven, CT (Progress: 33/1000)
[2026-09-16 12:41:59]    Found 0 new candidates in New Haven.
[2026-09-16 12:41:59] 
📍 Scanning Town: Berlin, CT (Progress: 33/1000)
[2026-09-16 12:42:09]    Found 0 new candidates in Berlin.
[2026-09-16 12:42:09] 
📍 Scanning Town: Norwich, CT (Progress: 33/1000)
[2026-09-16 12:42:19]    Found 0 new candidates in Norwich.
[2026-09-16 12:42:19] 
📍 Scanning Town: Farmington, CT (Progress: 33/1000)
[2026-09-16 12:42:32]    Found 0 new candidates in Farmington.
[2026-09-16 12:42:32] 
📍 Scanning Town: Rocky Hill, CT (Progress: 33/1000)
[2026-09-16 12:42:42]    Found 0 new candidates in Rocky Hill.
[2026-09-16 12:42:42] 
📍 Scanning Town: Stamford, CT (Progress: 33/1000)
[2026-09-16 12:43:01]    Found 0 new candidates in Stamford.
[2026-09-16 12:43:01] 
📍 Scanning Town: Southbury, CT (Progress: 33/1000)
[2026-09-16 12:43:12]    Found 0 new candidates in Southbury.
[2026-09-16 12:43:12] 
📍 Scanning Town: Orange, CT (Progress: 33/1000)
[2026-09-16 12:43:35]    Found 0 new candidates in Orange.
[2026-09-16 12:43:35] 
📍 Scanning Town: Fairfield, CT (Progress: 33/1000)
[2026-09-16 12:43:48]    Found 0 new candidates in Fairfield.
[2026-09-16 12:43:48] 
📍 Scanning Town: Wethersfield, CT (Progress: 33/1000)
[2026-09-16 12:43:57]    Found 0 new candidates in Wethersfield.
[2026-09-16 12:43:57] 
📍 Scanning Town: North Haven, CT (Progress: 33/1000)
[2026-09-16 12:44:08]    Found 0 new candidates in North Haven.
[2026-09-16 12:44:08] 
📍 Scanning Town: Brookfield, CT (Progress: 33/1000)
[2026-09-16 12:44:19]    Found 0 new candidates in Brookfield.
[2026-09-16 12:44:19] 
📍 Scanning Town: Manchester, CT (Progress: 33/1000)
[2026-09-16 12:44:30]    Found 0 new candidates in Manchester.
[2026-09-16 12:44:30] 
📍 Scanning Town: West Haven, CT (Progress: 33/1000)
[2026-09-16 12:44:40]    Found 0 new candidates in West Haven.
[2026-09-16 12:44:40] 
📍 Scanning Town: Derby, CT (Progress: 33/1000)
[2026-09-16 12:45:02]    Found 0 new candidates in Derby.
[2026-09-16 12:45:02] 
📍 Scanning Town: Berlin, CT (Progress: 33/1000)
[2026-09-16 12:45:13]    Found 0 new candidates in Berlin.
[2026-09-16 12:45:13] 
📍 Scanning Town: Glastonbury, CT (Progress: 33/1000)
[2026-09-16 12:45:23]    Found 0 new candidates in Glastonbury.
[2026-09-16 12:45:23] 
📍 Scanning Town: Newington, CT (Progress: 33/1000)
[2026-09-16 12:45:34]    Found 0 new candidates in Newington.
[2026-09-16 12:45:34] 
📍 Scanning Town: Enfield, CT (Progress: 33/1000)
[2026-09-16 12:45:44]    Found 0 new candidates in Enfield.
[2026-09-16 12:45:44] 
📍 Scanning Town: Orange, CT (Progress: 33/1000)
[2026-09-16 12:45:54]    Found 0 new candidates in Orange.
[2026-09-16 12:45:54] 
📍 Scanning Town: Bristol, CT (Progress: 33/1000)
[2026-09-16 12:46:04]    Found 0 new candidates in Bristol.
[2026-09-16 12:46:04] 
📍 Scanning Town: Torrington, CT (Progress: 33/1000)
[2026-09-16 12:46:15]    Found 0 new candidates in Torrington.
[2026-09-16 12:46:15] 
📍 Scanning Town: Stratford, CT (Progress: 33/1000)
[2026-09-16 12:46:25]    Found 0 new candidates in Stratford.
[2026-09-16 12:46:25] 
📍 Scanning Town: Plainville, CT (Progress: 33/1000)
[2026-09-16 12:46:35]    Found 0 new candidates in Plainville.
[2026-09-16 12:46:35] 
📍 Scanning Town: Trumbull, CT (Progress: 33/1000)
[2026-09-16 12:46:46]    Found 0 new candidates in Trumbull.
[2026-09-16 12:46:46] 
📍 Scanning Town: New Haven, CT (Progress: 33/1000)
[2026-09-16 12:47:09]    Found 0 new candidates in New Haven.
[2026-09-16 12:47:09] 
📍 Scanning Town: Naugatuck, CT (Progress: 33/1000)
[2026-09-16 12:47:19]    Found 0 new candidates in Naugatuck.
[2026-09-16 12:47:19] 
📍 Scanning Town: Hartford, CT (Progress: 33/1000)
[2026-09-16 12:47:29]    Found 0 new candidates in Hartford.
[2026-09-16 12:47:29] 
📍 Scanning Town: Monroe, CT (Progress: 33/1000)
[2026-09-16 12:47:39]    Found 0 new candidates in Monroe.
[2026-09-16 12:47:39] 
📍 Scanning Town: Wethersfield, CT (Progress: 33/1000)
[2026-09-16 12:47:49]    Found 0 new candidates in Wethersfield.
[2026-09-16 12:47:49] 
📍 Scanning Town: North Haven, CT (Progress: 33/1000)
[2026-09-16 12:48:00]    Found 0 new candidates in North Haven.
[2026-09-16 12:48:00] 
📍 Scanning Town: Wilton, CT (Progress: 33/1000)
[2026-09-16 12:48:10]    Found 0 new candidates in Wilton.
[2026-09-16 12:48:10] 
📍 Scanning Town: Norwalk, CT (Progress: 33/1000)
[2026-09-16 12:48:21]    Found 0 new candidates in Norwalk.
[2026-09-16 12:48:21] 
📍 Scanning Town: Greenwich, CT (Progress: 33/1000)
[2026-09-16 12:48:32]    Found 0 new candidates in Greenwich.
[2026-09-16 12:48:32] 
📍 Scanning Town: Woodbury, CT (Progress: 33/1000)
[2026-09-16 12:48:41]    Found 0 new candidates in Woodbury.
[2026-09-16 12:48:41] 
📍 Scanning Town: Shelton, CT (Progress: 33/1000)
[2026-09-16 12:48:51]    Found 0 new candidates in Shelton.
[2026-09-16 12:48:51] 
📍 Scanning Town: Watertown, CT (Progress: 33/1000)
[2026-09-16 12:49:02]    Found 0 new candidates in Watertown.
[2026-09-16 12:49:02] 
📍 Scanning Town: East Hartford, CT (Progress: 33/1000)
[2026-09-16 12:49:12]    Found 0 new candidates in East Hartford.
[2026-09-16 12:49:12] 
📍 Scanning Town: Bloomfield, CT (Progress: 33/1000)
[2026-09-16 12:49:22]    Found 0 new candidates in Bloomfield.
[2026-09-16 12:49:22] 
📍 Scanning Town: Middletown, CT (Progress: 33/1000)
[2026-09-16 12:49:33]    Found 0 new candidates in Middletown.
[2026-09-16 12:49:33] 
📍 Scanning Town: Milford, CT (Progress: 33/1000)
[2026-09-16 12:49:54]    Found 0 new candidates in Milford.
[2026-09-16 12:49:54] 
📍 Scanning Town: Ansonia, CT (Progress: 33/1000)
[2026-09-16 12:50:04]    Found 0 new candidates in Ansonia.
[2026-09-16 12:50:04] 
📍 Scanning Town: Cheshire, CT (Progress: 33/1000)
[2026-09-16 12:50:14]    Found 0 new candidates in Cheshire.
[2026-09-16 12:50:14] 
📍 Scanning Town: Groton, CT (Progress: 33/1000)
[2026-09-16 12:50:24]    Found 0 new candidates in Groton.
[2026-09-16 12:50:24] 
📍 Scanning Town: Mansfield, CT (Progress: 33/1000)
[2026-09-16 12:50:35]    Found 0 new candidates in Mansfield.
[2026-09-16 12:50:35] 
📍 Scanning Town: Oxford, CT (Progress: 33/1000)
[2026-09-16 12:50:45]    Found 0 new candidates in Oxford.
[2026-09-16 12:50:45] 
📍 Scanning Town: Danbury, CT (Progress: 33/1000)
[2026-09-16 12:51:06]    Found 0 new candidates in Danbury.
[2026-09-16 12:51:06] 
📍 Scanning Town: Brookfield, CT (Progress: 33/1000)
[2026-09-16 12:51:17]    Found 0 new candidates in Brookfield.
[2026-09-16 12:51:17] 
📍 Scanning Town: Avon, CT (Progress: 33/1000)
[2026-09-16 12:51:39]    Found 0 new candidates in Avon.
[2026-09-16 12:51:39] 
📍 Scanning Town: Manchester, CT (Progress: 33/1000)
[2026-09-16 12:51:49]    Found 0 new candidates in Manchester.
[2026-09-16 12:51:49] 
📍 Scanning Town: Windsor, CT (Progress: 33/1000)
[2026-09-16 12:52:00]    Found 0 new candidates in Windsor.
[2026-09-16 12:52:00] 
📍 Scanning Town: Branford, CT (Progress: 33/1000)
[2026-09-16 12:52:10]    Found 0 new candidates in Branford.
[2026-09-16 12:52:10] 
📍 Scanning Town: West Hartford, CT (Progress: 33/1000)
[2026-09-16 12:52:20]    Found 0 new candidates in West Hartford.
[2026-09-16 12:52:20] 
📍 Scanning Town: Simsbury, CT (Progress: 33/1000)
[2026-09-16 12:52:30]    Found 0 new candidates in Simsbury.
[2026-09-16 12:52:30] 
📍 Scanning Town: Ridgefield, CT (Progress: 33/1000)
[2026-09-16 12:52:51]    Found 0 new candidates in Ridgefield.
[2026-09-16 12:52:51] 
📍 Scanning Town: Hamden, CT (Progress: 33/1000)
[2026-09-16 12:53:09]    Found 0 new candidates in Hamden.
[2026-09-16 12:53:09] 
📍 Scanning Town: Seymour, CT (Progress: 33/1000)
[2026-09-16 12:53:20]    Found 0 new candidates in Seymour.
[2026-09-16 12:53:20] 
📍 Scanning Town: Vernon, CT (Progress: 33/1000)
[2026-09-16 12:53:29]    Found 0 new candidates in Vernon.
[2026-09-16 12:53:29] 
📍 Scanning Town: Stamford, CT (Progress: 33/1000)
[2026-09-16 12:53:39]    Found 0 new candidates in Stamford.
[2026-09-16 12:53:39] 
📍 Scanning Town: Bethel, CT (Progress: 33/1000)
[2026-09-16 12:54:01]    Found 0 new candidates in Bethel.
[2026-09-16 12:54:01] 
📍 Scanning Town: Waterford, CT (Progress: 33/1000)
[2026-09-16 12:54:10]    Found 0 new candidates in Waterford.
[2026-09-16 12:54:10] 
📍 Scanning Town: New Fairfield, CT (Progress: 33/1000)
[2026-09-16 12:54:22]    Found 0 new candidates in New Fairfield.
[2026-09-16 12:54:22] 
📍 Scanning Town: Norwich, CT (Progress: 33/1000)
[2026-09-16 12:54:32]    Found 0 new candidates in Norwich.
[2026-09-16 12:54:32] 
📍 Scanning Town: South Windsor, CT (Progress: 33/1000)
[2026-09-16 12:54:53]    Found 0 new candidates in South Windsor.
[2026-09-16 12:54:53] 
📍 Scanning Town: Westport, CT (Progress: 33/1000)
[2026-09-16 12:55:17]    Found 0 new candidates in Westport.
[2026-09-16 12:55:17] 
📍 Scanning Town: Guilford, CT (Progress: 33/1000)
[2026-09-16 12:55:28]    Found 0 new candidates in Guilford.
[2026-09-16 12:55:28] 
📍 Scanning Town: Southington, CT (Progress: 33/1000)
[2026-09-16 12:55:46]    Found 0 new candidates in Southington.
[2026-09-16 12:55:46] 
📍 Scanning Town: Waterbury, CT (Progress: 33/1000)
[2026-09-16 12:56:07]    Found 0 new candidates in Waterbury.
[2026-09-16 12:56:07] 
📍 Scanning Town: Cromwell, CT (Progress: 33/1000)
[2026-09-16 12:56:18]    Found 0 new candidates in Cromwell.
[2026-09-16 12:56:18] 
📍 Scanning Town: Fairfield, CT (Progress: 33/1000)
[2026-09-16 12:56:37]    Found 0 new candidates in Fairfield.
[2026-09-16 12:56:37] 
📍 Scanning Town: Newtown, CT (Progress: 33/1000)
[2026-09-16 12:57:00]    Found 0 new candidates in Newtown.
[2026-09-16 12:57:00] 
📍 Scanning Town: Southbury, CT (Progress: 33/1000)
[2026-09-16 12:57:10]    Found 0 new candidates in Southbury.
[2026-09-16 12:57:10] 
📍 Scanning Town: Rocky Hill, CT (Progress: 33/1000)
[2026-09-16 12:57:20]    Found 0 new candidates in Rocky Hill.
[2026-09-16 12:57:20] 
📍 Scanning Town: Meriden, CT (Progress: 33/1000)
[2026-09-16 12:57:40]    Found 0 new candidates in Meriden.
[2026-09-16 12:57:40] 
📍 Scanning Town: Farmington, CT (Progress: 33/1000)
[2026-09-16 12:57:49]    Found 0 new candidates in Farmington.
[2026-09-16 12:57:49] 
📍 Scanning Town: Darien, CT (Progress: 33/1000)
[2026-09-16 12:57:59]    Found 0 new candidates in Darien.
[2026-09-16 12:57:59] 
📍 Scanning Town: Bridgeport, CT (Progress: 33/1000)
[2026-09-16 12:58:10]    Found 0 new candidates in Bridgeport.
[2026-09-16 12:58:10] 
📍 Scanning Town: Prospect, CT (Progress: 33/1000)
[2026-09-16 12:58:20]    Found 0 new candidates in Prospect.
[2026-09-16 12:58:20] 
📍 Scanning Town: Branford, CT (Progress: 33/1000)
[2026-09-16 12:58:40]    Found 0 new candidates in Branford.
[2026-09-16 12:58:40] 
📍 Scanning Town: West Haven, CT (Progress: 33/1000)
[2026-09-16 12:59:03]    Found 0 new candidates in West Haven.
[2026-09-16 12:59:03] 
📍 Scanning Town: Simsbury, CT (Progress: 33/1000)
[2026-09-16 12:59:23]    Found 0 new candidates in Simsbury.
[2026-09-16 12:59:23] 
📍 Scanning Town: Hamden, CT (Progress: 33/1000)
[2026-09-16 12:59:32]    Found 0 new candidates in Hamden.
[2026-09-16 12:59:32] 
📍 Scanning Town: Vernon, CT (Progress: 33/1000)
[2026-09-16 12:59:43]    Found 0 new candidates in Vernon.
[2026-09-16 12:59:43] 
📍 Scanning Town: Waterford, CT (Progress: 33/1000)
[2026-09-16 13:00:06]    Found 0 new candidates in Waterford.
[2026-09-16 13:00:06] 
📍 Scanning Town: Brookfield, CT (Progress: 33/1000)
[2026-09-16 13:00:16]    Found 0 new candidates in Brookfield.
[2026-09-16 13:00:16] 
📍 Scanning Town: Bloomfield, CT (Progress: 33/1000)
[2026-09-16 13:00:26]    Found 0 new candidates in Bloomfield.
[2026-09-16 13:00:26] 
📍 Scanning Town: Trumbull, CT (Progress: 33/1000)
[2026-09-16 13:01:28]    Found 0 new candidates in Trumbull.
[2026-09-16 13:01:28] 
📍 Scanning Town: Westport, CT (Progress: 33/1000)
[2026-09-16 13:01:39]    Found 0 new candidates in Westport.
[2026-09-16 13:01:39] 
📍 Scanning Town: Darien, CT (Progress: 33/1000)
[2026-09-16 13:01:49]    Found 0 new candidates in Darien.
[2026-09-16 13:01:49] 
📍 Scanning Town: Ridgefield, CT (Progress: 33/1000)
[2026-09-16 13:02:00]    Found 0 new candidates in Ridgefield.
[2026-09-16 13:02:00] 
📍 Scanning Town: Middletown, CT (Progress: 33/1000)
[2026-09-16 13:02:10]    Found 0 new candidates in Middletown.
[2026-09-16 13:02:10] 
📍 Scanning Town: Prospect, CT (Progress: 33/1000)
[2026-09-16 13:02:20]    Found 0 new candidates in Prospect.
[2026-09-16 13:02:20] 
📍 Scanning Town: Bethel, CT (Progress: 33/1000)
[2026-09-16 13:02:31]    Found 0 new candidates in Bethel.
[2026-09-16 13:02:31] 
📍 Scanning Town: New Haven, CT (Progress: 33/1000)
[2026-09-16 13:02:41]    Found 0 new candidates in New Haven.
[2026-09-16 13:02:41] 
📍 Scanning Town: Newington, CT (Progress: 33/1000)
[2026-09-16 13:03:04]    Found 0 new candidates in Newington.
[2026-09-16 13:03:04] 
📍 Scanning Town: Orange, CT (Progress: 33/1000)
[2026-09-16 13:03:15]    Found 0 new candidates in Orange.
[2026-09-16 13:03:15] 
📍 Scanning Town: Mansfield, CT (Progress: 33/1000)
[2026-09-16 13:03:42]    Found 0 new candidates in Mansfield.
[2026-09-16 13:03:42] 
📍 Scanning Town: Wethersfield, CT (Progress: 33/1000)
[2026-09-16 13:04:16]    Found 0 new candidates in Wethersfield.
[2026-09-16 13:04:16] 
📍 Scanning Town: Milford, CT (Progress: 33/1000)
[2026-09-16 13:04:29]    Found 0 new candidates in Milford.
[2026-09-16 13:04:29] 
📍 Scanning Town: Watertown, CT (Progress: 33/1000)
[2026-09-16 13:04:40]    Found 0 new candidates in Watertown.
[2026-09-16 13:04:40] 
📍 Scanning Town: Southbury, CT (Progress: 33/1000)
[2026-09-16 13:04:49]    Found 0 new candidates in Southbury.
[2026-09-16 13:04:49] 
📍 Scanning Town: Enfield, CT (Progress: 33/1000)
[2026-09-16 13:05:00]    Found 0 new candidates in Enfield.
[2026-09-16 13:05:00] 
📍 Scanning Town: North Haven, CT (Progress: 33/1000)
[2026-09-16 13:06:07]    Found 0 new candidates in North Haven.
[2026-09-16 13:06:07] 
📍 Scanning Town: Cheshire, CT (Progress: 33/1000)
[2026-09-16 13:06:18]    Found 0 new candidates in Cheshire.
[2026-09-16 13:06:18] 
📍 Scanning Town: Avon, CT (Progress: 33/1000)
[2026-09-16 13:06:28]    Found 0 new candidates in Avon.
[2026-09-16 13:06:28] 
📍 Scanning Town: Norwich, CT (Progress: 33/1000)
[2026-09-16 13:06:38]    Found 0 new candidates in Norwich.
[2026-09-16 13:06:38] 
📍 Scanning Town: Hartford, CT (Progress: 33/1000)
[2026-09-16 13:06:48]    Found 0 new candidates in Hartford.
[2026-09-16 13:06:48] 
📍 Scanning Town: Bristol, CT (Progress: 33/1000)
[2026-09-16 13:06:58]    Found 0 new candidates in Bristol.
[2026-09-16 13:06:58] 
📍 Scanning Town: Woodbury, CT (Progress: 33/1000)
[2026-09-16 13:07:32]    Found 0 new candidates in Woodbury.
[2026-09-16 13:07:32] 
📍 Scanning Town: Manchester, CT (Progress: 33/1000)
[2026-09-16 13:08:29]    Found 0 new candidates in Manchester.
[2026-09-16 13:08:29] 
📍 Scanning Town: Shelton, CT (Progress: 33/1000)
[2026-09-16 13:08:39]    Found 0 new candidates in Shelton.
[2026-09-16 13:08:39] 
📍 Scanning Town: Stamford, CT (Progress: 33/1000)
[2026-09-16 13:08:50]    Found 0 new candidates in Stamford.
[2026-09-16 13:08:50] 
📍 Scanning Town: Southington, CT (Progress: 33/1000)
[2026-09-16 13:08:59]    Found 0 new candidates in Southington.
[2026-09-16 13:08:59] 
📍 Scanning Town: Guilford, CT (Progress: 33/1000)
[2026-09-16 13:09:09]    Found 0 new candidates in Guilford.
[2026-09-16 13:09:09] 
📍 Scanning Town: Fairfield, CT (Progress: 33/1000)
[2026-09-16 13:09:19]    Found 0 new candidates in Fairfield.
[2026-09-16 13:09:19] 
📍 Scanning Town: Berlin, CT (Progress: 33/1000)
[2026-09-16 13:10:11]    Found 0 new candidates in Berlin.
[2026-09-16 13:10:11] 
📍 Scanning Town: Cromwell, CT (Progress: 33/1000)
[2026-09-16 13:10:27]    Found 0 new candidates in Cromwell.
[2026-09-16 13:10:27] 
📍 Scanning Town: Groton, CT (Progress: 33/1000)
[2026-09-16 13:11:32]    Found 0 new candidates in Groton.
[2026-09-16 13:11:32] 
📍 Scanning Town: Bridgeport, CT (Progress: 33/1000)
[2026-09-16 13:11:43]    Found 0 new candidates in Bridgeport.
[2026-09-16 13:11:43] 
📍 Scanning Town: Torrington, CT (Progress: 33/1000)
[2026-09-16 13:12:03]    Found 0 new candidates in Torrington.
[2026-09-16 13:12:03] 
📍 Scanning Town: Windsor, CT (Progress: 33/1000)
[2026-09-16 13:12:55]    Found 0 new candidates in Windsor.
[2026-09-16 13:12:55] 
📍 Scanning Town: Oxford, CT (Progress: 33/1000)
[2026-09-16 13:13:48]    Found 0 new candidates in Oxford.
[2026-09-16 13:13:48] 
📍 Scanning Town: Plainville, CT (Progress: 33/1000)
[2026-09-16 13:14:07]    Found 0 new candidates in Plainville.
[2026-09-16 13:14:07] 
📍 Scanning Town: Glastonbury, CT (Progress: 33/1000)
[2026-09-16 13:14:18]    Found 0 new candidates in Glastonbury.
[2026-09-16 13:14:18] 
📍 Scanning Town: New Fairfield, CT (Progress: 33/1000)
[2026-09-16 13:14:38]    Found 0 new candidates in New Fairfield.
[2026-09-16 13:14:38] 
📍 Scanning Town: Ansonia, CT (Progress: 33/1000)
[2026-09-16 13:14:56]    Found 0 new candidates in Ansonia.
[2026-09-16 13:14:56] 
📍 Scanning Town: Stratford, CT (Progress: 33/1000)
[2026-09-16 13:15:18]    Found 0 new candidates in Stratford.
[2026-09-16 13:15:18] 
📍 Scanning Town: West Hartford, CT (Progress: 33/1000)
[2026-09-16 13:15:28]    Found 0 new candidates in West Hartford.
[2026-09-16 13:15:28] 
📍 Scanning Town: East Hartford, CT (Progress: 33/1000)
[2026-09-16 13:15:39]    Found 0 new candidates in East Hartford.
[2026-09-16 13:15:39] 
📍 Scanning Town: Newtown, CT (Progress: 33/1000)
[2026-09-16 13:15:50]    Found 0 new candidates in Newtown.
[2026-09-16 13:15:50] 
📍 Scanning Town: Naugatuck, CT (Progress: 33/1000)
[2026-09-16 13:16:13]    Found 0 new candidates in Naugatuck.
[2026-09-16 13:16:13] 
📍 Scanning Town: Seymour, CT (Progress: 33/1000)
[2026-09-16 13:16:22]    Found 0 new candidates in Seymour.
[2026-09-16 13:16:22] 
📍 Scanning Town: Farmington, CT (Progress: 33/1000)
[2026-09-16 13:16:43]    Found 0 new candidates in Farmington.
[2026-09-16 13:16:43] 
📍 Scanning Town: Meriden, CT (Progress: 33/1000)
[2026-09-16 13:16:53]    Found 0 new candidates in Meriden.
[2026-09-16 13:16:53] 
📍 Scanning Town: South Windsor, CT (Progress: 33/1000)
[2026-09-16 13:17:03]    Found 0 new candidates in South Windsor.
[2026-09-16 13:17:03] 
📍 Scanning Town: Rocky Hill, CT (Progress: 33/1000)
[2026-09-16 13:17:13]    Found 0 new candidates in Rocky Hill.
[2026-09-16 13:17:13] 
📍 Scanning Town: Wilton, CT (Progress: 33/1000)
[2026-09-16 13:17:35]    Found 0 new candidates in Wilton.
[2026-09-16 13:17:35] 
📍 Scanning Town: Monroe, CT (Progress: 33/1000)
[2026-09-16 13:18:01]    Found 0 new candidates in Monroe.
[2026-09-16 13:18:01] 
📍 Scanning Town: Waterbury, CT (Progress: 33/1000)
[2026-09-16 13:18:11]    Found 0 new candidates in Waterbury.
[2026-09-16 13:18:11] 
📍 Scanning Town: Greenwich, CT (Progress: 33/1000)
[2026-09-16 13:18:35]    Found 0 new candidates in Greenwich.
[2026-09-16 13:18:35] 
📍 Scanning Town: Derby, CT (Progress: 33/1000)
[2026-09-16 13:18:47]    Found 0 new candidates in Derby.
[2026-09-16 13:18:47] 
📍 Scanning Town: Norwalk, CT (Progress: 33/1000)
[2026-09-16 13:19:09]    Found 0 new candidates in Norwalk.
[2026-09-16 13:19:09] 
📍 Scanning Town: Danbury, CT (Progress: 33/1000)
[2026-09-16 13:19:20]    Found 0 new candidates in Danbury.
[2026-09-16 13:19:20] 
📍 Scanning Town: Stratford, CT (Progress: 33/1000)
[2026-09-16 13:19:29]    Found 0 new candidates in Stratford.
[2026-09-16 13:19:29] 
📍 Scanning Town: Southbury, CT (Progress: 33/1000)
[2026-09-16 13:19:39]    Found 0 new candidates in Southbury.
[2026-09-16 13:19:39] 
📍 Scanning Town: Branford, CT (Progress: 33/1000)
[2026-09-16 13:19:50]    Found 0 new candidates in Branford.
[2026-09-16 13:19:50] 
📍 Scanning Town: Naugatuck, CT (Progress: 33/1000)
[2026-09-16 13:19:59]    Found 0 new candidates in Naugatuck.
[2026-09-16 13:19:59] 
📍 Scanning Town: Brookfield, CT (Progress: 33/1000)
[2026-09-16 13:20:20]    Found 0 new candidates in Brookfield.
[2026-09-16 13:20:20] 
📍 Scanning Town: Waterford, CT (Progress: 33/1000)
[2026-09-16 13:20:29]    Found 0 new candidates in Waterford.
[2026-09-16 13:20:29] 
📍 Scanning Town: Farmington, CT (Progress: 33/1000)
[2026-09-16 13:20:39]    Found 0 new candidates in Farmington.
[2026-09-16 13:20:39] 
📍 Scanning Town: New Haven, CT (Progress: 33/1000)
[2026-09-16 13:20:49]    Found 0 new candidates in New Haven.
[2026-09-16 13:20:49] 
📍 Scanning Town: Southington, CT (Progress: 33/1000)
[2026-09-16 13:20:59]    Found 0 new candidates in Southington.
[2026-09-16 13:20:59] 
📍 Scanning Town: Simsbury, CT (Progress: 33/1000)
[2026-09-16 13:21:09]    Found 0 new candidates in Simsbury.
[2026-09-16 13:21:09] 
📍 Scanning Town: Stamford, CT (Progress: 33/1000)
[2026-09-16 13:21:20]    Found 0 new candidates in Stamford.
[2026-09-16 13:21:20] 
📍 Scanning Town: Torrington, CT (Progress: 33/1000)
[2026-09-16 13:21:30]    Found 0 new candidates in Torrington.
[2026-09-16 13:21:30] 
📍 Scanning Town: Norwalk, CT (Progress: 33/1000)
[2026-09-16 13:21:40]    Found 0 new candidates in Norwalk.
[2026-09-16 13:21:40] 
📍 Scanning Town: Vernon, CT (Progress: 33/1000)
[2026-09-16 13:21:51]    Found 0 new candidates in Vernon.
[2026-09-16 13:21:51] 
📍 Scanning Town: Hartford, CT (Progress: 33/1000)
[2026-09-16 13:22:13]    Found 0 new candidates in Hartford.
[2026-09-16 13:22:13] 
📍 Scanning Town: Bethel, CT (Progress: 33/1000)
[2026-09-16 13:22:22]    Found 0 new candidates in Bethel.
[2026-09-16 13:22:22] 
📍 Scanning Town: Bloomfield, CT (Progress: 33/1000)
[2026-09-16 13:22:33]    Found 0 new candidates in Bloomfield.
[2026-09-16 13:22:33] 
📍 Scanning Town: Derby, CT (Progress: 33/1000)
[2026-09-16 13:22:43]    Found 0 new candidates in Derby.
[2026-09-16 13:22:43] 
📍 Scanning Town: Trumbull, CT (Progress: 33/1000)
[2026-09-16 13:22:54]    Found 0 new candidates in Trumbull.
[2026-09-16 13:22:54] 
📍 Scanning Town: Cromwell, CT (Progress: 33/1000)
[2026-09-16 13:23:04]    Found 0 new candidates in Cromwell.
[2026-09-16 13:23:04] 
📍 Scanning Town: Groton, CT (Progress: 33/1000)
[2026-09-16 13:23:16]    Found 0 new candidates in Groton.
[2026-09-16 13:23:16] 
📍 Scanning Town: Cheshire, CT (Progress: 33/1000)
[2026-09-16 13:23:38]    Found 0 new candidates in Cheshire.
[2026-09-16 13:23:38] 
📍 Scanning Town: Meriden, CT (Progress: 33/1000)
[2026-09-16 13:23:49]    Found 0 new candidates in Meriden.
[2026-09-16 13:23:49] 
📍 Scanning Town: Darien, CT (Progress: 33/1000)
[2026-09-16 13:23:58]    Found 0 new candidates in Darien.
[2026-09-16 13:23:58] 
📍 Scanning Town: Windsor, CT (Progress: 33/1000)
[2026-09-16 13:24:07]    Found 0 new candidates in Windsor.
[2026-09-16 13:24:07] 
📍 Scanning Town: Plainville, CT (Progress: 33/1000)
[2026-09-16 13:24:18]    Found 0 new candidates in Plainville.
[2026-09-16 13:24:18] 
📍 Scanning Town: New Fairfield, CT (Progress: 33/1000)
[2026-09-16 13:24:30]    Found 0 new candidates in New Fairfield.
[2026-09-16 13:24:30] 
📍 Scanning Town: Wilton, CT (Progress: 33/1000)
[2026-09-16 13:24:39]    Found 0 new candidates in Wilton.
[2026-09-16 13:24:39] 
📍 Scanning Town: Avon, CT (Progress: 33/1000)
[2026-09-16 13:24:50]    Found 0 new candidates in Avon.
[2026-09-16 13:24:50] 
📍 Scanning Town: Enfield, CT (Progress: 33/1000)
[2026-09-16 13:25:01]    Found 0 new candidates in Enfield.
[2026-09-16 13:25:01] 
📍 Scanning Town: East Hartford, CT (Progress: 33/1000)
[2026-09-16 13:25:10]    Found 0 new candidates in East Hartford.
[2026-09-16 13:25:10] 
📍 Scanning Town: Hamden, CT (Progress: 33/1000)
[2026-09-16 13:25:19]    Found 0 new candidates in Hamden.
[2026-09-16 13:25:19] 
📍 Scanning Town: Berlin, CT (Progress: 33/1000)
[2026-09-16 13:25:30]    Found 0 new candidates in Berlin.
[2026-09-16 13:25:30] 
📍 Scanning Town: Bridgeport, CT (Progress: 33/1000)
[2026-09-16 13:25:50]    Found 0 new candidates in Bridgeport.
[2026-09-16 13:25:50] 
📍 Scanning Town: Seymour, CT (Progress: 33/1000)
[2026-09-16 13:25:59]    Found 0 new candidates in Seymour.
[2026-09-16 13:25:59] 
📍 Scanning Town: Greenwich, CT (Progress: 33/1000)
[2026-09-16 13:26:10]    Found 0 new candidates in Greenwich.
[2026-09-16 13:26:10] 
📍 Scanning Town: Guilford, CT (Progress: 33/1000)
[2026-09-16 13:26:20]    Found 0 new candidates in Guilford.
[2026-09-16 13:26:20] 
📍 Scanning Town: Mansfield, CT (Progress: 33/1000)
[2026-09-16 13:26:37]    Found 0 new candidates in Mansfield.
[2026-09-16 13:26:37] 
📍 Scanning Town: Shelton, CT (Progress: 33/1000)
[2026-09-16 13:26:47]    Found 0 new candidates in Shelton.
[2026-09-16 13:26:47] 
📍 Scanning Town: Middletown, CT (Progress: 33/1000)
[2026-09-16 13:26:58]    Found 0 new candidates in Middletown.
[2026-09-16 13:26:58] 
📍 Scanning Town: Wethersfield, CT (Progress: 33/1000)
[2026-09-16 13:27:08]    Found 0 new candidates in Wethersfield.
[2026-09-16 13:27:08] 
📍 Scanning Town: Watertown, CT (Progress: 33/1000)
[2026-09-16 13:27:28]    Found 0 new candidates in Watertown.
[2026-09-16 13:27:28] 
📍 Scanning Town: Ridgefield, CT (Progress: 33/1000)
[2026-09-16 13:27:39]    Found 0 new candidates in Ridgefield.
[2026-09-16 13:27:39] 
📍 Scanning Town: Glastonbury, CT (Progress: 33/1000)
[2026-09-16 13:27:49]    Found 0 new candidates in Glastonbury.
[2026-09-16 13:27:49] 
📍 Scanning Town: North Haven, CT (Progress: 33/1000)
[2026-09-16 13:28:03]    Found 0 new candidates in North Haven.
[2026-09-16 13:28:03] 
📍 Scanning Town: Westport, CT (Progress: 33/1000)
[2026-09-16 13:28:13]    Found 0 new candidates in Westport.
[2026-09-16 13:28:13] 
📍 Scanning Town: Ansonia, CT (Progress: 33/1000)
[2026-09-16 13:28:23]    Found 0 new candidates in Ansonia.
[2026-09-16 13:28:23] 
📍 Scanning Town: Prospect, CT (Progress: 33/1000)
[2026-09-16 13:28:47]    Found 0 new candidates in Prospect.
[2026-09-16 13:28:47] 
📍 Scanning Town: Newtown, CT (Progress: 33/1000)
[2026-09-16 13:28:57]    Found 0 new candidates in Newtown.
[2026-09-16 13:28:57] 
📍 Scanning Town: Orange, CT (Progress: 33/1000)
[2026-09-16 13:29:07]    Found 0 new candidates in Orange.
[2026-09-16 13:29:07] 
📍 Scanning Town: Danbury, CT (Progress: 33/1000)
[2026-09-16 13:29:17]    Found 0 new candidates in Danbury.
[2026-09-16 13:29:17] 
📍 Scanning Town: Waterbury, CT (Progress: 33/1000)
[2026-09-16 13:29:28]    Found 0 new candidates in Waterbury.
[2026-09-16 13:29:28] 
📍 Scanning Town: West Haven, CT (Progress: 33/1000)
[2026-09-16 13:29:38]    Found 0 new candidates in West Haven.
[2026-09-16 13:29:38] 
📍 Scanning Town: West Hartford, CT (Progress: 33/1000)
[2026-09-16 13:30:01]    Found 0 new candidates in West Hartford.
[2026-09-16 13:30:01] 
📍 Scanning Town: Oxford, CT (Progress: 33/1000)
[2026-09-16 13:30:12]    Found 0 new candidates in Oxford.
[2026-09-16 13:30:12] 
📍 Scanning Town: South Windsor, CT (Progress: 33/1000)
[2026-09-16 13:30:23]    Found 0 new candidates in South Windsor.
[2026-09-16 13:30:23] 
📍 Scanning Town: Monroe, CT (Progress: 33/1000)
[2026-09-16 13:30:33]    Found 0 new candidates in Monroe.
[2026-09-16 13:30:33] 
📍 Scanning Town: Manchester, CT (Progress: 33/1000)
[2026-09-16 13:30:43]    Found 0 new candidates in Manchester.
[2026-09-16 13:30:43] 
📍 Scanning Town: Milford, CT (Progress: 33/1000)
[2026-09-16 13:30:53]    Found 0 new candidates in Milford.
[2026-09-16 13:30:53] 
📍 Scanning Town: Bristol, CT (Progress: 33/1000)
[2026-09-16 13:31:15]    Found 0 new candidates in Bristol.
[2026-09-16 13:31:15] 
📍 Scanning Town: Newington, CT (Progress: 33/1000)
[2026-09-16 13:31:26]    Found 0 new candidates in Newington.
[2026-09-16 13:31:26] 
📍 Scanning Town: Woodbury, CT (Progress: 33/1000)
[2026-09-16 13:31:38]    Found 0 new candidates in Woodbury.
[2026-09-16 13:31:38] 
📍 Scanning Town: Fairfield, CT (Progress: 33/1000)
[2026-09-16 13:31:50]    Found 0 new candidates in Fairfield.
[2026-09-16 13:31:50] 
📍 Scanning Town: Norwich, CT (Progress: 33/1000)
[2026-09-16 13:32:12]    Found 0 new candidates in Norwich.
[2026-09-16 13:32:12] 
📍 Scanning Town: Rocky Hill, CT (Progress: 33/1000)
[2026-09-16 13:32:35]    Found 0 new candidates in Rocky Hill.
[2026-09-16 13:32:35] 
📍 Scanning Town: Cheshire, CT (Progress: 33/1000)
[2026-09-16 13:32:44]    Found 0 new candidates in Cheshire.
[2026-09-16 13:32:44] 
📍 Scanning Town: Rocky Hill, CT (Progress: 33/1000)
[2026-09-16 13:32:54]    Found 0 new candidates in Rocky Hill.
[2026-09-16 13:32:54] 
📍 Scanning Town: Southbury, CT (Progress: 33/1000)
[2026-09-16 13:33:16]    Found 0 new candidates in Southbury.
[2026-09-16 13:33:16] 
📍 Scanning Town: Norwich, CT (Progress: 33/1000)
[2026-09-16 13:33:27]    Found 0 new candidates in Norwich.
[2026-09-16 13:33:27] 
📍 Scanning Town: Bridgeport, CT (Progress: 33/1000)
[2026-09-16 13:33:38]    Found 0 new candidates in Bridgeport.
[2026-09-16 13:33:38] 
📍 Scanning Town: Monroe, CT (Progress: 33/1000)
[2026-09-16 13:33:48]    Found 0 new candidates in Monroe.
[2026-09-16 13:33:48] 
📍 Scanning Town: Norwalk, CT (Progress: 33/1000)
[2026-09-16 13:33:59]    Found 0 new candidates in Norwalk.
[2026-09-16 13:33:59] 
📍 Scanning Town: Hamden, CT (Progress: 33/1000)
[2026-09-16 13:34:11]    Found 0 new candidates in Hamden.
[2026-09-16 13:34:11] 
📍 Scanning Town: Torrington, CT (Progress: 33/1000)
[2026-09-16 13:34:21]    Found 0 new candidates in Torrington.
[2026-09-16 13:34:21] 
📍 Scanning Town: Meriden, CT (Progress: 33/1000)
[2026-09-16 13:34:32]    Found 0 new candidates in Meriden.
[2026-09-16 13:34:32] 
📍 Scanning Town: Middletown, CT (Progress: 33/1000)
[2026-09-16 13:34:52]    Found 0 new candidates in Middletown.
[2026-09-16 13:34:52] 
📍 Scanning Town: Cromwell, CT (Progress: 33/1000)
[2026-09-16 13:35:13]    Found 0 new candidates in Cromwell.
[2026-09-16 13:35:13] 
📍 Scanning Town: Ridgefield, CT (Progress: 33/1000)
[2026-09-16 13:35:23]    Found 0 new candidates in Ridgefield.
[2026-09-16 13:35:23] 
📍 Scanning Town: South Windsor, CT (Progress: 33/1000)
[2026-09-16 13:35:33]    Found 0 new candidates in South Windsor.
[2026-09-16 13:35:33] 
📍 Scanning Town: Fairfield, CT (Progress: 33/1000)
[2026-09-16 13:35:45]    Found 0 new candidates in Fairfield.
[2026-09-16 13:35:45] 
📍 Scanning Town: Milford, CT (Progress: 33/1000)
[2026-09-16 13:35:55]    Found 0 new candidates in Milford.
[2026-09-16 13:35:55] 
📍 Scanning Town: New Haven, CT (Progress: 33/1000)
[2026-09-16 13:36:06]    Found 0 new candidates in New Haven.
[2026-09-16 13:36:06] 
📍 Scanning Town: Newington, CT (Progress: 33/1000)
[2026-09-16 13:36:17]    Found 0 new candidates in Newington.
[2026-09-16 13:36:17] 
📍 Scanning Town: Newtown, CT (Progress: 33/1000)
[2026-09-16 13:36:27]    Found 0 new candidates in Newtown.
[2026-09-16 13:36:27] 
📍 Scanning Town: Manchester, CT (Progress: 33/1000)
[2026-09-16 13:36:37]    Found 0 new candidates in Manchester.
[2026-09-16 13:36:37] 
📍 Scanning Town: New Fairfield, CT (Progress: 33/1000)
[2026-09-16 13:36:50]    Found 0 new candidates in New Fairfield.
[2026-09-16 13:36:50] 
📍 Scanning Town: Waterbury, CT (Progress: 33/1000)
[2026-09-16 13:37:00]    Found 0 new candidates in Waterbury.
[2026-09-16 13:37:00] 
📍 Scanning Town: Stamford, CT (Progress: 33/1000)
[2026-09-16 13:37:12]    Found 0 new candidates in Stamford.
[2026-09-16 13:37:12] 
📍 Scanning Town: Ansonia, CT (Progress: 33/1000)
[2026-09-16 13:37:22]    Found 0 new candidates in Ansonia.
[2026-09-16 13:37:22] 
📍 Scanning Town: Watertown, CT (Progress: 33/1000)
[2026-09-16 13:37:33]    Found 0 new candidates in Watertown.
[2026-09-16 13:37:33] 
📍 Scanning Town: Wilton, CT (Progress: 33/1000)
[2026-09-16 13:37:45]    Found 0 new candidates in Wilton.
[2026-09-16 13:37:45] 
📍 Scanning Town: Simsbury, CT (Progress: 33/1000)
[2026-09-16 13:37:55]    Found 0 new candidates in Simsbury.
[2026-09-16 13:37:55] 
📍 Scanning Town: Plainville, CT (Progress: 33/1000)
[2026-09-16 13:38:05]    Found 0 new candidates in Plainville.
[2026-09-16 13:38:05] 
📍 Scanning Town: Bristol, CT (Progress: 33/1000)
[2026-09-16 13:38:16]    Found 0 new candidates in Bristol.
[2026-09-16 13:38:16] 
📍 Scanning Town: Seymour, CT (Progress: 33/1000)
[2026-09-16 13:38:39]    Found 0 new candidates in Seymour.
[2026-09-16 13:38:39] 
📍 Scanning Town: Orange, CT (Progress: 33/1000)
[2026-09-16 13:38:48]    Found 0 new candidates in Orange.
[2026-09-16 13:38:48] 
📍 Scanning Town: East Hartford, CT (Progress: 33/1000)
[2026-09-16 13:38:59]    Found 0 new candidates in East Hartford.
[2026-09-16 13:38:59] 
📍 Scanning Town: Southington, CT (Progress: 33/1000)
[2026-09-16 13:39:09]    Found 0 new candidates in Southington.
[2026-09-16 13:39:09] 
📍 Scanning Town: Trumbull, CT (Progress: 33/1000)
[2026-09-16 13:39:20]    Found 0 new candidates in Trumbull.
[2026-09-16 13:39:20] 
📍 Scanning Town: North Haven, CT (Progress: 33/1000)
[2026-09-16 13:39:31]    Found 0 new candidates in North Haven.
[2026-09-16 13:39:31] 
📍 Scanning Town: Brookfield, CT (Progress: 33/1000)
[2026-09-16 13:39:41]    Found 0 new candidates in Brookfield.
[2026-09-16 13:39:41] 
📍 Scanning Town: Berlin, CT (Progress: 33/1000)
[2026-09-16 13:39:51]    Found 0 new candidates in Berlin.
[2026-09-16 13:39:51] 
📍 Scanning Town: Guilford, CT (Progress: 33/1000)
[2026-09-16 13:40:14]    Found 0 new candidates in Guilford.
[2026-09-16 13:40:14] 
📍 Scanning Town: Westport, CT (Progress: 33/1000)
[2026-09-16 13:40:23]    Found 0 new candidates in Westport.
[2026-09-16 13:40:23] 
📍 Scanning Town: Shelton, CT (Progress: 33/1000)
[2026-09-16 13:40:45]    Found 0 new candidates in Shelton.
[2026-09-16 13:40:45] 
📍 Scanning Town: Waterford, CT (Progress: 33/1000)
[2026-09-16 13:40:55]    Found 0 new candidates in Waterford.
[2026-09-16 13:40:55] 
📍 Scanning Town: Woodbury, CT (Progress: 33/1000)
[2026-09-16 13:41:06]    Found 0 new candidates in Woodbury.
[2026-09-16 13:41:06] 
📍 Scanning Town: Oxford, CT (Progress: 33/1000)
[2026-09-16 13:41:17]    Found 0 new candidates in Oxford.
[2026-09-16 13:41:17] 
📍 Scanning Town: Vernon, CT (Progress: 33/1000)
[2026-09-16 13:41:38]    Found 0 new candidates in Vernon.
[2026-09-16 13:41:38] 
📍 Scanning Town: Prospect, CT (Progress: 33/1000)
[2026-09-16 13:41:50]    Found 0 new candidates in Prospect.
[2026-09-16 13:41:50] 
📍 Scanning Town: Enfield, CT (Progress: 33/1000)
[2026-09-16 13:42:12]    Found 0 new candidates in Enfield.
[2026-09-16 13:42:12] 
📍 Scanning Town: Groton, CT (Progress: 33/1000)
[2026-09-16 13:42:22]    Found 0 new candidates in Groton.
[2026-09-16 13:42:22] 
📍 Scanning Town: Stratford, CT (Progress: 33/1000)
[2026-09-16 13:42:32]    Found 0 new candidates in Stratford.
[2026-09-16 13:42:32] 
📍 Scanning Town: Naugatuck, CT (Progress: 33/1000)
[2026-09-16 13:42:42]    Found 0 new candidates in Naugatuck.
[2026-09-16 13:42:42] 
📍 Scanning Town: Darien, CT (Progress: 33/1000)
[2026-09-16 13:43:03]    Found 0 new candidates in Darien.
[2026-09-16 13:43:03] 
📍 Scanning Town: Greenwich, CT (Progress: 33/1000)
[2026-09-16 13:43:13]    Found 0 new candidates in Greenwich.
[2026-09-16 13:43:13] 
📍 Scanning Town: Bloomfield, CT (Progress: 33/1000)
[2026-09-16 13:43:35]    Found 0 new candidates in Bloomfield.
[2026-09-16 13:43:35] 
📍 Scanning Town: Windsor, CT (Progress: 33/1000)
[2026-09-16 13:43:46]    Found 0 new candidates in Windsor.
[2026-09-16 13:43:46] 
📍 Scanning Town: Glastonbury, CT (Progress: 33/1000)
[2026-09-16 13:44:04]    Found 0 new candidates in Glastonbury.
[2026-09-16 13:44:04] 
📍 Scanning Town: West Haven, CT (Progress: 33/1000)
[2026-09-16 13:44:15]    Found 0 new candidates in West Haven.
[2026-09-16 13:44:15] 
📍 Scanning Town: West Hartford, CT (Progress: 33/1000)
[2026-09-16 13:44:27]    Found 0 new candidates in West Hartford.
[2026-09-16 13:44:27] 
📍 Scanning Town: Danbury, CT (Progress: 33/1000)
[2026-09-16 13:44:37]    Found 0 new candidates in Danbury.
[2026-09-16 13:44:37] 
📍 Scanning Town: Branford, CT (Progress: 33/1000)
[2026-09-16 13:44:47]    Found 0 new candidates in Branford.
[2026-09-16 13:44:47] 
📍 Scanning Town: Avon, CT (Progress: 33/1000)
[2026-09-16 13:44:57]    Found 0 new candidates in Avon.
[2026-09-16 13:44:57] 
📍 Scanning Town: Bethel, CT (Progress: 33/1000)
[2026-09-16 13:45:09]    Found 0 new candidates in Bethel.
[2026-09-16 13:45:09] 
📍 Scanning Town: Wethersfield, CT (Progress: 33/1000)
[2026-09-16 13:45:18]    Found 0 new candidates in Wethersfield.
[2026-09-16 13:45:18] 
📍 Scanning Town: Farmington, CT (Progress: 33/1000)
[2026-09-16 13:45:29]    Found 0 new candidates in Farmington.
[2026-09-16 13:45:29] 
📍 Scanning Town: Derby, CT (Progress: 33/1000)
[2026-09-16 13:45:51]    Found 0 new candidates in Derby.
[2026-09-16 13:45:51] 
📍 Scanning Town: Mansfield, CT (Progress: 33/1000)
[2026-09-16 13:46:02]    Found 0 new candidates in Mansfield.
[2026-09-16 13:46:02] 
📍 Scanning Town: Hartford, CT (Progress: 33/1000)
[2026-09-16 13:46:14]    Found 0 new candidates in Hartford.
[2026-09-16 13:46:14] 
📍 Scanning Town: Southbury, CT (Progress: 33/1000)
[2026-09-16 13:46:25]    Found 0 new candidates in Southbury.
[2026-09-16 13:46:25] 
📍 Scanning Town: Manchester, CT (Progress: 33/1000)
[2026-09-16 13:46:35]    Found 0 new candidates in Manchester.
[2026-09-16 13:46:35] 
📍 Scanning Town: Cheshire, CT (Progress: 33/1000)
[2026-09-16 13:46:47]    Found 0 new candidates in Cheshire.
[2026-09-16 13:46:47] 
📍 Scanning Town: Bethel, CT (Progress: 33/1000)
[2026-09-16 13:46:59]    Found 0 new candidates in Bethel.
[2026-09-16 13:46:59] 
📍 Scanning Town: Cromwell, CT (Progress: 33/1000)
[2026-09-16 13:47:10]    Found 0 new candidates in Cromwell.
[2026-09-16 13:47:10] 
📍 Scanning Town: Wilton, CT (Progress: 33/1000)
[2026-09-16 13:47:20]    Found 0 new candidates in Wilton.
[2026-09-16 13:47:20] 
📍 Scanning Town: East Hartford, CT (Progress: 33/1000)
[2026-09-16 13:47:40]    Found 0 new candidates in East Hartford.
[2026-09-16 13:47:40] 
📍 Scanning Town: Bridgeport, CT (Progress: 33/1000)
[2026-09-16 13:47:50]    Found 0 new candidates in Bridgeport.
[2026-09-16 13:47:50] 
📍 Scanning Town: Darien, CT (Progress: 33/1000)
[2026-09-16 13:48:00]    Found 0 new candidates in Darien.
[2026-09-16 13:48:00] 
📍 Scanning Town: Milford, CT (Progress: 33/1000)
[2026-09-16 13:48:10]    Found 0 new candidates in Milford.
[2026-09-16 13:48:10] 
📍 Scanning Town: Branford, CT (Progress: 33/1000)
[2026-09-16 13:48:21]    Found 0 new candidates in Branford.
[2026-09-16 13:48:21] 
📍 Scanning Town: Seymour, CT (Progress: 33/1000)
[2026-09-16 13:48:30]    Found 0 new candidates in Seymour.
[2026-09-16 13:48:30] 
📍 Scanning Town: Danbury, CT (Progress: 33/1000)
[2026-09-16 13:48:40]    Found 0 new candidates in Danbury.
[2026-09-16 13:48:40] 
📍 Scanning Town: West Haven, CT (Progress: 33/1000)
[2026-09-16 13:48:51]    Found 0 new candidates in West Haven.
[2026-09-16 13:48:51] 
📍 Scanning Town: South Windsor, CT (Progress: 33/1000)
[2026-09-16 13:49:00]    Found 0 new candidates in South Windsor.
[2026-09-16 13:49:00] 
📍 Scanning Town: Westport, CT (Progress: 33/1000)
[2026-09-16 13:49:10]    Found 0 new candidates in Westport.
[2026-09-16 13:49:10] 
📍 Scanning Town: Berlin, CT (Progress: 33/1000)
[2026-09-16 13:49:20]    Found 0 new candidates in Berlin.
[2026-09-16 13:49:20] 
📍 Scanning Town: Groton, CT (Progress: 33/1000)
[2026-09-16 13:49:29]    Found 0 new candidates in Groton.
[2026-09-16 13:49:29] 
📍 Scanning Town: Hartford, CT (Progress: 33/1000)
[2026-09-16 13:49:40]    Found 0 new candidates in Hartford.
[2026-09-16 13:49:40] 
📍 Scanning Town: Ansonia, CT (Progress: 33/1000)
[2026-09-16 13:49:51]    Found 0 new candidates in Ansonia.
[2026-09-16 13:49:51] 
📍 Scanning Town: Stratford, CT (Progress: 33/1000)
[2026-09-16 13:50:01]    Found 0 new candidates in Stratford.
[2026-09-16 13:50:01] 
📍 Scanning Town: Glastonbury, CT (Progress: 33/1000)
[2026-09-16 13:50:11]    Found 0 new candidates in Glastonbury.
[2026-09-16 13:50:11] 
📍 Scanning Town: Guilford, CT (Progress: 33/1000)
[2026-09-16 13:50:21]    Found 0 new candidates in Guilford.
[2026-09-16 13:50:21] 
📍 Scanning Town: Windsor, CT (Progress: 33/1000)
[2026-09-16 13:50:32]    Found 0 new candidates in Windsor.
[2026-09-16 13:50:32] 
📍 Scanning Town: New Fairfield, CT (Progress: 33/1000)
[2026-09-16 13:50:44]    Found 0 new candidates in New Fairfield.
[2026-09-16 13:50:44] 
📍 Scanning Town: Brookfield, CT (Progress: 33/1000)
[2026-09-16 13:50:56]    Found 0 new candidates in Brookfield.
[2026-09-16 13:50:56] 
📍 Scanning Town: Greenwich, CT (Progress: 33/1000)
[2026-09-16 13:51:06]    Found 0 new candidates in Greenwich.
[2026-09-16 13:51:06] 
📍 Scanning Town: Ridgefield, CT (Progress: 33/1000)
[2026-09-16 13:51:16]    Found 0 new candidates in Ridgefield.
[2026-09-16 13:51:16] 
📍 Scanning Town: Vernon, CT (Progress: 33/1000)
[2026-09-16 13:51:25]    Found 0 new candidates in Vernon.
[2026-09-16 13:51:25] 
📍 Scanning Town: Norwalk, CT (Progress: 33/1000)
[2026-09-16 13:51:35]    Found 0 new candidates in Norwalk.
[2026-09-16 13:51:35] 
📍 Scanning Town: New Haven, CT (Progress: 33/1000)
[2026-09-16 13:51:59]    Found 0 new candidates in New Haven.
[2026-09-16 13:51:59] 
📍 Scanning Town: Enfield, CT (Progress: 33/1000)
[2026-09-16 13:52:08]    Found 0 new candidates in Enfield.
[2026-09-16 13:52:08] 
📍 Scanning Town: Simsbury, CT (Progress: 33/1000)
[2026-09-16 13:52:19]    Found 0 new candidates in Simsbury.
[2026-09-16 13:52:19] 
📍 Scanning Town: Wethersfield, CT (Progress: 33/1000)
[2026-09-16 13:52:28]    Found 0 new candidates in Wethersfield.
[2026-09-16 13:52:28] 
📍 Scanning Town: Hamden, CT (Progress: 33/1000)
[2026-09-16 13:52:38]    Found 0 new candidates in Hamden.
[2026-09-16 13:52:38] 
📍 Scanning Town: Southington, CT (Progress: 33/1000)
[2026-09-16 13:52:48]    Found 0 new candidates in Southington.
[2026-09-16 13:52:48] 
📍 Scanning Town: Bristol, CT (Progress: 33/1000)
[2026-09-16 13:53:00]    Found 0 new candidates in Bristol.
[2026-09-16 13:53:00] 
📍 Scanning Town: North Haven, CT (Progress: 33/1000)
[2026-09-16 13:53:10]    Found 0 new candidates in North Haven.
[2026-09-16 13:53:10] 
📍 Scanning Town: Mansfield, CT (Progress: 33/1000)
[2026-09-16 13:53:21]    Found 0 new candidates in Mansfield.
[2026-09-16 13:53:21] 
📍 Scanning Town: Waterford, CT (Progress: 33/1000)
[2026-09-16 13:53:31]    Found 0 new candidates in Waterford.
[2026-09-16 13:53:31] 
📍 Scanning Town: Newington, CT (Progress: 33/1000)
[2026-09-16 13:53:42]    Found 0 new candidates in Newington.
[2026-09-16 13:53:42] 
📍 Scanning Town: Norwich, CT (Progress: 33/1000)
[2026-09-16 13:53:52]    Found 0 new candidates in Norwich.
[2026-09-16 13:53:52] 
📍 Scanning Town: Prospect, CT (Progress: 33/1000)
[2026-09-16 13:54:02]    Found 0 new candidates in Prospect.
[2026-09-16 13:54:02] 
📍 Scanning Town: Naugatuck, CT (Progress: 33/1000)
[2026-09-16 13:54:12]    Found 0 new candidates in Naugatuck.
[2026-09-16 13:54:12] 
📍 Scanning Town: Middletown, CT (Progress: 33/1000)
[2026-09-16 13:54:22]    Found 0 new candidates in Middletown.
[2026-09-16 13:54:22] 
📍 Scanning Town: Trumbull, CT (Progress: 33/1000)
[2026-09-16 13:54:35]    Found 0 new candidates in Trumbull.
[2026-09-16 13:54:35] 
📍 Scanning Town: Meriden, CT (Progress: 33/1000)
[2026-09-16 13:54:45]    Found 0 new candidates in Meriden.
[2026-09-16 13:54:45] 
📍 Scanning Town: Shelton, CT (Progress: 33/1000)
[2026-09-16 13:54:56]    Found 0 new candidates in Shelton.
[2026-09-16 13:54:56] 
📍 Scanning Town: Farmington, CT (Progress: 33/1000)
[2026-09-16 13:55:06]    Found 0 new candidates in Farmington.
[2026-09-16 13:55:06] 
📍 Scanning Town: Orange, CT (Progress: 33/1000)
[2026-09-16 13:55:29]    Found 0 new candidates in Orange.
[2026-09-16 13:55:29] 
📍 Scanning Town: Fairfield, CT (Progress: 33/1000)
[2026-09-16 13:55:42]    Found 0 new candidates in Fairfield.
[2026-09-16 13:55:42] 
📍 Scanning Town: Avon, CT (Progress: 33/1000)
[2026-09-16 13:56:04]    Found 0 new candidates in Avon.
[2026-09-16 13:56:04] 
📍 Scanning Town: Rocky Hill, CT (Progress: 33/1000)
[2026-09-16 13:56:15]    Found 0 new candidates in Rocky Hill.
[2026-09-16 13:56:15] 
📍 Scanning Town: Plainville, CT (Progress: 33/1000)
[2026-09-16 13:56:25]    Found 0 new candidates in Plainville.
[2026-09-16 13:56:25] 
📍 Scanning Town: Newtown, CT (Progress: 33/1000)
[2026-09-16 13:56:36]    Found 0 new candidates in Newtown.
[2026-09-16 13:56:36] 
📍 Scanning Town: Bloomfield, CT (Progress: 33/1000)
[2026-09-16 13:56:46]    Found 0 new candidates in Bloomfield.
[2026-09-16 13:56:46] 
📍 Scanning Town: Watertown, CT (Progress: 33/1000)
[2026-09-16 13:56:57]    Found 0 new candidates in Watertown.
[2026-09-16 13:56:57] 
📍 Scanning Town: Woodbury, CT (Progress: 33/1000)
[2026-09-16 13:57:07]    Found 0 new candidates in Woodbury.
[2026-09-16 13:57:07] 
📍 Scanning Town: Monroe, CT (Progress: 33/1000)
[2026-09-16 13:57:18]    Found 0 new candidates in Monroe.
[2026-09-16 13:57:18] 
📍 Scanning Town: Derby, CT (Progress: 33/1000)
[2026-09-16 13:57:29]    Found 0 new candidates in Derby.
[2026-09-16 13:57:29] 
📍 Scanning Town: Torrington, CT (Progress: 33/1000)
[2026-09-16 13:57:41]    Found 0 new candidates in Torrington.
[2026-09-16 13:57:41] 
📍 Scanning Town: West Hartford, CT (Progress: 33/1000)
[2026-09-16 13:57:51]    Found 0 new candidates in West Hartford.
[2026-09-16 13:57:51] 
📍 Scanning Town: Waterbury, CT (Progress: 33/1000)
[2026-09-16 13:58:10]    Found 0 new candidates in Waterbury.
[2026-09-16 13:58:10] 
📍 Scanning Town: Oxford, CT (Progress: 33/1000)
[2026-09-16 13:58:21]    Found 0 new candidates in Oxford.
[2026-09-16 13:58:21] 
📍 Scanning Town: Stamford, CT (Progress: 33/1000)
[2026-09-16 13:58:41]    Found 0 new candidates in Stamford.
[2026-09-16 13:58:41] 
📍 Scanning Town: Ansonia, CT (Progress: 33/1000)
[2026-09-16 13:58:51]    Found 0 new candidates in Ansonia.
[2026-09-16 13:58:51] 
📍 Scanning Town: West Haven, CT (Progress: 33/1000)
[2026-09-16 13:59:15]    Found 0 new candidates in West Haven.
[2026-09-16 13:59:15] 
📍 Scanning Town: Torrington, CT (Progress: 33/1000)
[2026-09-16 13:59:24]    Found 0 new candidates in Torrington.
[2026-09-16 13:59:24] 
📍 Scanning Town: Rocky Hill, CT (Progress: 33/1000)
[2026-09-16 13:59:33]    Found 0 new candidates in Rocky Hill.
[2026-09-16 13:59:33] 
📍 Scanning Town: Newtown, CT (Progress: 33/1000)
[2026-09-16 13:59:56]    Found 0 new candidates in Newtown.
[2026-09-16 13:59:56] 
📍 Scanning Town: Stamford, CT (Progress: 33/1000)
[2026-09-16 14:00:08]    Found 0 new candidates in Stamford.
[2026-09-16 14:00:08] 
📍 Scanning Town: Naugatuck, CT (Progress: 33/1000)
[2026-09-16 14:00:18]    Found 0 new candidates in Naugatuck.
[2026-09-16 14:00:18] 
📍 Scanning Town: Trumbull, CT (Progress: 33/1000)
[2026-09-16 14:00:28]    Found 0 new candidates in Trumbull.
[2026-09-16 14:00:28] 
📍 Scanning Town: Danbury, CT (Progress: 33/1000)
[2026-09-16 14:00:52]    Found 0 new candidates in Danbury.
[2026-09-16 14:00:52] 
📍 Scanning Town: Greenwich, CT (Progress: 33/1000)
[2026-09-16 14:01:03]    Found 0 new candidates in Greenwich.
[2026-09-16 14:01:03] 
📍 Scanning Town: Monroe, CT (Progress: 33/1000)
[2026-09-16 14:01:13]    Found 0 new candidates in Monroe.
[2026-09-16 14:01:13] 
📍 Scanning Town: Stratford, CT (Progress: 33/1000)
[2026-09-16 14:01:23]    Found 0 new candidates in Stratford.
[2026-09-16 14:01:23] 
📍 Scanning Town: Shelton, CT (Progress: 33/1000)
[2026-09-16 14:01:33]    Found 0 new candidates in Shelton.
[2026-09-16 14:01:33] 
📍 Scanning Town: Norwich, CT (Progress: 33/1000)
[2026-09-16 14:01:43]    Found 0 new candidates in Norwich.
[2026-09-16 14:01:43] 
📍 Scanning Town: Windsor, CT (Progress: 33/1000)
[2026-09-16 14:01:53]    Found 0 new candidates in Windsor.
[2026-09-16 14:01:53] 
📍 Scanning Town: Bloomfield, CT (Progress: 33/1000)
[2026-09-16 14:02:02]    Found 0 new candidates in Bloomfield.
[2026-09-16 14:02:02] 
📍 Scanning Town: Mansfield, CT (Progress: 33/1000)
[2026-09-16 14:02:12]    Found 0 new candidates in Mansfield.
[2026-09-16 14:02:12] 
📍 Scanning Town: Brookfield, CT (Progress: 33/1000)
[2026-09-16 14:02:21]    Found 0 new candidates in Brookfield.
[2026-09-16 14:02:21] 
📍 Scanning Town: Prospect, CT (Progress: 33/1000)
[2026-09-16 14:02:31]    Found 0 new candidates in Prospect.
[2026-09-16 14:02:31] 
📍 Scanning Town: South Windsor, CT (Progress: 33/1000)
[2026-09-16 14:03:27]    Found 0 new candidates in South Windsor.
[2026-09-16 14:03:27] 
📍 Scanning Town: Berlin, CT (Progress: 33/1000)
[2026-09-16 14:03:49]    Found 0 new candidates in Berlin.
[2026-09-16 14:03:52] 
📍 Scanning Town: Meriden, CT (Progress: 33/1000)
[2026-09-16 14:04:36]    Found 0 new candidates in Meriden.
[2026-09-16 14:04:36] 
📍 Scanning Town: Manchester, CT (Progress: 33/1000)
[2026-09-16 14:04:47]    Found 0 new candidates in Manchester.
[2026-09-16 14:04:47] 
📍 Scanning Town: West Hartford, CT (Progress: 33/1000)
[2026-09-16 14:04:58]    Found 0 new candidates in West Hartford.
[2026-09-16 14:04:58] 
📍 Scanning Town: Seymour, CT (Progress: 33/1000)
[2026-09-16 14:05:09]    Found 0 new candidates in Seymour.
[2026-09-16 14:05:09] 
📍 Scanning Town: Vernon, CT (Progress: 33/1000)
[2026-09-16 14:05:21]    Found 0 new candidates in Vernon.
[2026-09-16 14:05:21] 
📍 Scanning Town: Wilton, CT (Progress: 33/1000)
[2026-09-16 14:05:32]    Found 0 new candidates in Wilton.
[2026-09-16 14:05:32] 
📍 Scanning Town: Simsbury, CT (Progress: 33/1000)
[2026-09-16 14:05:51]    Found 0 new candidates in Simsbury.
[2026-09-16 14:05:51] 
📍 Scanning Town: Plainville, CT (Progress: 33/1000)
[2026-09-16 14:06:02]    Found 0 new candidates in Plainville.
[2026-09-16 14:06:02] 
📍 Scanning Town: Southington, CT (Progress: 33/1000)
[2026-09-16 14:06:21]    Found 0 new candidates in Southington.
[2026-09-16 14:06:21] 
📍 Scanning Town: Enfield, CT (Progress: 33/1000)
[2026-09-16 14:06:31]    Found 0 new candidates in Enfield.
[2026-09-16 14:06:31] 
📍 Scanning Town: Cheshire, CT (Progress: 33/1000)
[2026-09-16 14:06:41]    Found 0 new candidates in Cheshire.
[2026-09-16 14:06:41] 
📍 Scanning Town: Milford, CT (Progress: 33/1000)
[2026-09-16 14:07:01]    Found 0 new candidates in Milford.
[2026-09-16 14:07:01] 
📍 Scanning Town: East Hartford, CT (Progress: 33/1000)
[2026-09-16 14:07:10]    Found 0 new candidates in East Hartford.
[2026-09-16 14:07:10] 
📍 Scanning Town: Hamden, CT (Progress: 33/1000)
[2026-09-16 14:07:29]    Found 0 new candidates in Hamden.
[2026-09-16 14:07:29] 
📍 Scanning Town: Norwalk, CT (Progress: 33/1000)
[2026-09-16 14:07:38]    Found 0 new candidates in Norwalk.
[2026-09-16 14:07:38] 
📍 Scanning Town: Westport, CT (Progress: 33/1000)
[2026-09-16 14:07:58]    Found 0 new candidates in Westport.
[2026-09-16 14:07:58] 
📍 Scanning Town: New Fairfield, CT (Progress: 33/1000)
[2026-09-16 14:08:09]    Found 0 new candidates in New Fairfield.
[2026-09-16 14:08:09] 
📍 Scanning Town: Hartford, CT (Progress: 33/1000)
[2026-09-16 14:08:19]    Found 0 new candidates in Hartford.
[2026-09-16 14:08:19] 
📍 Scanning Town: Bethel, CT (Progress: 33/1000)
[2026-09-16 14:08:43]    Found 0 new candidates in Bethel.
[2026-09-16 14:08:43] 
📍 Scanning Town: Avon, CT (Progress: 33/1000)
[2026-09-16 14:08:53]    Found 0 new candidates in Avon.
[2026-09-16 14:08:53] 
📍 Scanning Town: Oxford, CT (Progress: 33/1000)
[2026-09-16 14:09:04]    Found 0 new candidates in Oxford.
[2026-09-16 14:09:04] 
📍 Scanning Town: Ridgefield, CT (Progress: 33/1000)
[2026-09-16 14:09:23]    Found 0 new candidates in Ridgefield.
[2026-09-16 14:09:23] 
📍 Scanning Town: Wethersfield, CT (Progress: 33/1000)
[2026-09-16 14:09:41]    Found 0 new candidates in Wethersfield.
[2026-09-16 14:09:41] 
📍 Scanning Town: Waterbury, CT (Progress: 33/1000)
[2026-09-16 14:09:52]    Found 0 new candidates in Waterbury.
[2026-09-16 14:09:52] 
📍 Scanning Town: North Haven, CT (Progress: 33/1000)
[2026-09-16 14:10:13]    Found 0 new candidates in North Haven.
[2026-09-16 14:10:13] 
📍 Scanning Town: Woodbury, CT (Progress: 33/1000)
[2026-09-16 14:10:31]    Found 0 new candidates in Woodbury.
[2026-09-16 14:10:31] 
📍 Scanning Town: Glastonbury, CT (Progress: 33/1000)
[2026-09-16 14:10:42]    Found 0 new candidates in Glastonbury.
[2026-09-16 14:10:42] 
📍 Scanning Town: Derby, CT (Progress: 33/1000)
[2026-09-16 14:10:52]    Found 0 new candidates in Derby.
[2026-09-16 14:10:52] 
📍 Scanning Town: Farmington, CT (Progress: 33/1000)
[2026-09-16 14:11:03]    Found 0 new candidates in Farmington.
[2026-09-16 14:11:03] 
📍 Scanning Town: Waterford, CT (Progress: 33/1000)
[2026-09-16 14:11:25]    Found 0 new candidates in Waterford.
[2026-09-16 14:11:25] 
📍 Scanning Town: Branford, CT (Progress: 33/1000)
[2026-09-16 14:11:45]    Found 0 new candidates in Branford.
[2026-09-16 14:11:45] 
📍 Scanning Town: Middletown, CT (Progress: 33/1000)
[2026-09-16 14:11:56]    Found 0 new candidates in Middletown.
[2026-09-16 14:11:56] 
📍 Scanning Town: Groton, CT (Progress: 33/1000)
[2026-09-16 14:12:17]    Found 0 new candidates in Groton.
[2026-09-16 14:12:17] 
📍 Scanning Town: New Haven, CT (Progress: 33/1000)
[2026-09-16 14:12:27]    Found 0 new candidates in New Haven.
[2026-09-16 14:12:27] 
📍 Scanning Town: Watertown, CT (Progress: 33/1000)
[2026-09-16 14:12:37]    Found 0 new candidates in Watertown.
[2026-09-16 14:12:37] 
📍 Scanning Town: Guilford, CT (Progress: 33/1000)
[2026-09-16 14:12:47]    Found 0 new candidates in Guilford.
[2026-09-16 14:12:47] 
📍 Scanning Town: Darien, CT (Progress: 33/1000)
[2026-09-16 14:12:57]    Found 0 new candidates in Darien.
[2026-09-16 14:12:57] 
📍 Scanning Town: Bristol, CT (Progress: 33/1000)
[2026-09-16 14:13:07]    Found 0 new candidates in Bristol.
[2026-09-16 14:13:07] 
📍 Scanning Town: Orange, CT (Progress: 33/1000)
[2026-09-16 14:13:18]    Found 0 new candidates in Orange.
[2026-09-16 14:13:18] 
📍 Scanning Town: Cromwell, CT (Progress: 33/1000)
[2026-09-16 14:13:29]    Found 0 new candidates in Cromwell.
[2026-09-16 14:13:29] 
📍 Scanning Town: Southbury, CT (Progress: 33/1000)
[2026-09-16 14:13:40]    Found 0 new candidates in Southbury.
[2026-09-16 14:13:40] 
📍 Scanning Town: Fairfield, CT (Progress: 33/1000)
[2026-09-16 14:13:59]    Found 0 new candidates in Fairfield.
[2026-09-16 14:13:59] 
📍 Scanning Town: Newington, CT (Progress: 33/1000)
[2026-09-16 14:14:20]    Found 0 new candidates in Newington.
[2026-09-16 14:14:20] 
📍 Scanning Town: Bridgeport, CT (Progress: 33/1000)
[2026-09-16 14:14:33]    Found 0 new candidates in Bridgeport.
[2026-09-16 14:14:33] 
📍 Scanning Town: Newington, CT (Progress: 33/1000)
[2026-09-16 14:14:48]    Found 0 new candidates in Newington.
[2026-09-16 14:14:48] 
📍 Scanning Town: Vernon, CT (Progress: 33/1000)
[2026-09-16 14:14:59]    Found 0 new candidates in Vernon.
[2026-09-16 14:14:59] 
📍 Scanning Town: East Hartford, CT (Progress: 33/1000)
[2026-09-16 14:15:11]    Found 0 new candidates in East Hartford.
[2026-09-16 14:15:11] 
📍 Scanning Town: Enfield, CT (Progress: 33/1000)
[2026-09-16 14:15:21]    Found 0 new candidates in Enfield.
[2026-09-16 14:15:21] 
📍 Scanning Town: Cromwell, CT (Progress: 33/1000)
[2026-09-16 14:15:31]    Found 0 new candidates in Cromwell.
[2026-09-16 14:15:31] 
📍 Scanning Town: Watertown, CT (Progress: 33/1000)
[2026-09-16 14:15:42]    Found 0 new candidates in Watertown.
[2026-09-16 14:15:42] 
📍 Scanning Town: Ansonia, CT (Progress: 33/1000)
[2026-09-16 14:16:01]    Found 0 new candidates in Ansonia.
[2026-09-16 14:16:01] 
📍 Scanning Town: Woodbury, CT (Progress: 33/1000)
[2026-09-16 14:16:12]    Found 0 new candidates in Woodbury.
[2026-09-16 14:16:12] 
📍 Scanning Town: Milford, CT (Progress: 33/1000)
[2026-09-16 14:16:21]    Found 0 new candidates in Milford.
[2026-09-16 14:16:21] 
📍 Scanning Town: Simsbury, CT (Progress: 33/1000)
[2026-09-16 14:16:32]    Found 0 new candidates in Simsbury.
[2026-09-16 14:16:32] 
📍 Scanning Town: Waterbury, CT (Progress: 33/1000)
[2026-09-16 14:16:43]    Found 0 new candidates in Waterbury.
[2026-09-16 14:16:43] 
📍 Scanning Town: Rocky Hill, CT (Progress: 33/1000)
[2026-09-16 14:17:02]    Found 0 new candidates in Rocky Hill.
[2026-09-16 14:17:02] 
📍 Scanning Town: Hartford, CT (Progress: 33/1000)
[2026-09-16 14:17:12]    Found 0 new candidates in Hartford.
[2026-09-16 14:17:12] 
📍 Scanning Town: Seymour, CT (Progress: 33/1000)
[2026-09-16 14:17:23]    Found 0 new candidates in Seymour.
[2026-09-16 14:17:23] 
📍 Scanning Town: Trumbull, CT (Progress: 33/1000)
[2026-09-16 14:17:42]    Found 0 new candidates in Trumbull.
[2026-09-16 14:17:42] 
📍 Scanning Town: Branford, CT (Progress: 33/1000)
[2026-09-16 14:17:51]    Found 0 new candidates in Branford.
[2026-09-16 14:17:51] 
📍 Scanning Town: Middletown, CT (Progress: 33/1000)
[2026-09-16 14:18:02]    Found 0 new candidates in Middletown.
[2026-09-16 14:18:02] 
📍 Scanning Town: Groton, CT (Progress: 33/1000)
[2026-09-16 14:18:13]    Found 0 new candidates in Groton.
[2026-09-16 14:18:13] 
📍 Scanning Town: Windsor, CT (Progress: 33/1000)
[2026-09-16 14:18:36]    Found 0 new candidates in Windsor.
[2026-09-16 14:18:36] 
📍 Scanning Town: Wethersfield, CT (Progress: 33/1000)
[2026-09-16 14:18:46]    Found 0 new candidates in Wethersfield.
[2026-09-16 14:18:46] 
📍 Scanning Town: Guilford, CT (Progress: 33/1000)
[2026-09-16 14:19:00]    Found 0 new candidates in Guilford.
[2026-09-16 14:19:00] 
📍 Scanning Town: Southington, CT (Progress: 33/1000)
[2026-09-16 14:19:10]    Found 0 new candidates in Southington.
[2026-09-16 14:19:10] 
📍 Scanning Town: Bloomfield, CT (Progress: 33/1000)
[2026-09-16 14:19:21]    Found 0 new candidates in Bloomfield.
[2026-09-16 14:19:21] 
📍 Scanning Town: Torrington, CT (Progress: 33/1000)
[2026-09-16 14:19:40]    Found 0 new candidates in Torrington.
[2026-09-16 14:19:40] 
📍 Scanning Town: Danbury, CT (Progress: 33/1000)
[2026-09-16 14:19:50]    Found 0 new candidates in Danbury.
[2026-09-16 14:19:50] 
📍 Scanning Town: North Haven, CT (Progress: 33/1000)
[2026-09-16 14:20:01]    Found 0 new candidates in North Haven.
[2026-09-16 14:20:01] 
📍 Scanning Town: New Haven, CT (Progress: 33/1000)
[2026-09-16 14:20:12]    Found 0 new candidates in New Haven.
[2026-09-16 14:20:12] 
📍 Scanning Town: Darien, CT (Progress: 33/1000)
[2026-09-16 14:20:23]    Found 0 new candidates in Darien.
[2026-09-16 14:20:23] 
📍 Scanning Town: Prospect, CT (Progress: 33/1000)
[2026-09-16 14:20:33]    Found 0 new candidates in Prospect.
[2026-09-16 14:20:33] 
📍 Scanning Town: Oxford, CT (Progress: 33/1000)
[2026-09-16 14:20:57]    Found 0 new candidates in Oxford.
[2026-09-16 14:20:57] 
📍 Scanning Town: Ridgefield, CT (Progress: 33/1000)
[2026-09-16 14:21:07]    Found 0 new candidates in Ridgefield.
[2026-09-16 14:21:07] 
📍 Scanning Town: Monroe, CT (Progress: 33/1000)
[2026-09-16 14:21:32]    Found 0 new candidates in Monroe.
[2026-09-16 14:21:32] 
📍 Scanning Town: New Fairfield, CT (Progress: 33/1000)
[2026-09-16 14:21:56]    Found 0 new candidates in New Fairfield.
[2026-09-16 14:21:56] 
📍 Scanning Town: Mansfield, CT (Progress: 33/1000)
[2026-09-16 14:22:13]    Found 0 new candidates in Mansfield.
[2026-09-16 14:22:13] 
📍 Scanning Town: Stamford, CT (Progress: 33/1000)
[2026-09-16 14:22:23]    Found 0 new candidates in Stamford.
[2026-09-16 14:22:23] 
📍 Scanning Town: Waterford, CT (Progress: 33/1000)
[2026-09-16 14:22:34]    Found 0 new candidates in Waterford.
[2026-09-16 14:22:34] 
📍 Scanning Town: West Hartford, CT (Progress: 33/1000)
[2026-09-16 14:22:43]    Found 0 new candidates in West Hartford.
[2026-09-16 14:22:43] 
📍 Scanning Town: Fairfield, CT (Progress: 33/1000)
[2026-09-16 14:22:54]    Found 0 new candidates in Fairfield.
[2026-09-16 14:22:54] 
📍 Scanning Town: Newtown, CT (Progress: 33/1000)
[2026-09-16 14:23:04]    Found 0 new candidates in Newtown.
[2026-09-16 14:23:04] 
📍 Scanning Town: Bethel, CT (Progress: 33/1000)
[2026-09-16 14:23:15]    Found 0 new candidates in Bethel.
[2026-09-16 14:23:15] 
📍 Scanning Town: Plainville, CT (Progress: 33/1000)
[2026-09-16 14:23:34]    Found 0 new candidates in Plainville.
[2026-09-16 14:23:34] 
📍 Scanning Town: Stratford, CT (Progress: 33/1000)
[2026-09-16 14:23:56]    Found 0 new candidates in Stratford.
[2026-09-16 14:23:56] 
📍 Scanning Town: Greenwich, CT (Progress: 33/1000)
[2026-09-16 14:24:20]    Found 0 new candidates in Greenwich.
[2026-09-16 14:24:20] 
📍 Scanning Town: Orange, CT (Progress: 33/1000)
[2026-09-16 14:24:31]    Found 0 new candidates in Orange.
[2026-09-16 14:24:31] 
📍 Scanning Town: Norwalk, CT (Progress: 33/1000)
[2026-09-16 14:24:51]    Found 0 new candidates in Norwalk.
[2026-09-16 14:24:51] 
📍 Scanning Town: South Windsor, CT (Progress: 33/1000)
[2026-09-16 14:25:03]    Found 0 new candidates in South Windsor.
[2026-09-16 14:25:03] 
📍 Scanning Town: Shelton, CT (Progress: 33/1000)
[2026-09-16 14:25:13]    Found 0 new candidates in Shelton.
[2026-09-16 14:25:13] 
📍 Scanning Town: Berlin, CT (Progress: 33/1000)
[2026-09-16 14:25:38]    Found 0 new candidates in Berlin.
[2026-09-16 14:25:38] 
📍 Scanning Town: Naugatuck, CT (Progress: 33/1000)
[2026-09-16 14:25:59]    Found 0 new candidates in Naugatuck.
[2026-09-16 14:25:59] 
📍 Scanning Town: Avon, CT (Progress: 33/1000)
[2026-09-16 14:26:09]    Found 0 new candidates in Avon.
[2026-09-16 14:26:09] 
📍 Scanning Town: Wilton, CT (Progress: 33/1000)
[2026-09-16 14:26:28]    Found 0 new candidates in Wilton.
[2026-09-16 14:26:28] 
📍 Scanning Town: Farmington, CT (Progress: 33/1000)
[2026-09-16 14:26:49]    Found 0 new candidates in Farmington.
[2026-09-16 14:26:49] 
📍 Scanning Town: Cheshire, CT (Progress: 33/1000)
[2026-09-16 14:27:10]    Found 0 new candidates in Cheshire.
[2026-09-16 14:27:10] 
📍 Scanning Town: Norwich, CT (Progress: 33/1000)
[2026-09-16 14:27:20]    Found 0 new candidates in Norwich.
[2026-09-16 14:27:20] 
📍 Scanning Town: Derby, CT (Progress: 33/1000)
[2026-09-16 14:27:32]    Found 0 new candidates in Derby.
[2026-09-16 14:27:32] 
📍 Scanning Town: Westport, CT (Progress: 33/1000)
[2026-09-16 14:27:43]    Found 0 new candidates in Westport.
[2026-09-16 14:27:43] 
📍 Scanning Town: West Haven, CT (Progress: 33/1000)
[2026-09-16 14:27:53]    Found 0 new candidates in West Haven.
[2026-09-16 14:27:53] 
📍 Scanning Town: Manchester, CT (Progress: 33/1000)
[2026-09-16 14:28:17]    Found 0 new candidates in Manchester.
[2026-09-16 14:28:17] 
📍 Scanning Town: Bridgeport, CT (Progress: 33/1000)
[2026-09-16 14:28:39]    Found 0 new candidates in Bridgeport.
[2026-09-16 14:28:39] 
📍 Scanning Town: Hamden, CT (Progress: 33/1000)
[2026-09-16 14:28:48]    Found 0 new candidates in Hamden.
[2026-09-16 14:28:48] 
📍 Scanning Town: Brookfield, CT (Progress: 33/1000)
[2026-09-16 14:29:09]    Found 0 new candidates in Brookfield.
[2026-09-16 14:29:09] 
📍 Scanning Town: Bristol, CT (Progress: 33/1000)
[2026-09-16 14:29:19]    Found 0 new candidates in Bristol.
[2026-09-16 14:29:19] 
📍 Scanning Town: Southbury, CT (Progress: 33/1000)
[2026-09-16 14:29:29]    Found 0 new candidates in Southbury.
[2026-09-16 14:29:29] 
📍 Scanning Town: Glastonbury, CT (Progress: 33/1000)
[2026-09-16 14:29:39]    Found 0 new candidates in Glastonbury.
[2026-09-16 14:29:39] 
📍 Scanning Town: Meriden, CT (Progress: 33/1000)
[2026-09-16 14:29:49]    Found 0 new candidates in Meriden.
[2026-09-16 14:29:49] 
📍 Scanning Town: Derby, CT (Progress: 33/1000)
[2026-09-16 14:29:58]    Found 0 new candidates in Derby.
[2026-09-16 14:29:58] 
📍 Scanning Town: East Hartford, CT (Progress: 33/1000)
[2026-09-16 14:30:09]    Found 0 new candidates in East Hartford.
[2026-09-16 14:30:09] 
📍 Scanning Town: Newington, CT (Progress: 33/1000)
[2026-09-16 14:30:19]    Found 0 new candidates in Newington.
[2026-09-16 14:30:19] 
📍 Scanning Town: Prospect, CT (Progress: 33/1000)
[2026-09-16 14:30:43]    Found 0 new candidates in Prospect.
[2026-09-16 14:30:43] 
📍 Scanning Town: Farmington, CT (Progress: 33/1000)
[2026-09-16 14:30:53]    Found 0 new candidates in Farmington.
[2026-09-16 14:30:53] 
📍 Scanning Town: Stratford, CT (Progress: 33/1000)
[2026-09-16 14:31:03]    Found 0 new candidates in Stratford.
[2026-09-16 14:31:03] 
📍 Scanning Town: Brookfield, CT (Progress: 33/1000)
[2026-09-16 14:31:13]    Found 0 new candidates in Brookfield.
[2026-09-16 14:31:13] 
📍 Scanning Town: Newtown, CT (Progress: 33/1000)
[2026-09-16 14:31:24]    Found 0 new candidates in Newtown.
[2026-09-16 14:31:24] 
📍 Scanning Town: Waterford, CT (Progress: 33/1000)
[2026-09-16 14:31:34]    Found 0 new candidates in Waterford.
[2026-09-16 14:31:34] 
📍 Scanning Town: Manchester, CT (Progress: 33/1000)
[2026-09-16 14:31:46]    Found 0 new candidates in Manchester.
[2026-09-16 14:31:46] 
📍 Scanning Town: West Haven, CT (Progress: 33/1000)
[2026-09-16 14:31:56]    Found 0 new candidates in West Haven.
[2026-09-16 14:31:56] 
📍 Scanning Town: Bethel, CT (Progress: 33/1000)
[2026-09-16 14:32:06]    Found 0 new candidates in Bethel.
[2026-09-16 14:32:06] 
📍 Scanning Town: Southbury, CT (Progress: 33/1000)
[2026-09-16 14:32:16]    Found 0 new candidates in Southbury.
[2026-09-16 14:32:16] 
📍 Scanning Town: West Hartford, CT (Progress: 33/1000)
[2026-09-16 14:32:37]    Found 0 new candidates in West Hartford.
[2026-09-16 14:32:37] 
📍 Scanning Town: New Fairfield, CT (Progress: 33/1000)
[2026-09-16 14:32:49]    Found 0 new candidates in New Fairfield.
[2026-09-16 14:32:49] 
📍 Scanning Town: Watertown, CT (Progress: 33/1000)
[2026-09-16 14:33:10]    Found 0 new candidates in Watertown.
[2026-09-16 14:33:10] 
📍 Scanning Town: Seymour, CT (Progress: 33/1000)
[2026-09-16 14:33:20]    Found 0 new candidates in Seymour.
[2026-09-16 14:33:20] 
📍 Scanning Town: Avon, CT (Progress: 33/1000)
[2026-09-16 14:33:29]    Found 0 new candidates in Avon.
[2026-09-16 14:33:29] 
📍 Scanning Town: Rocky Hill, CT (Progress: 33/1000)
[2026-09-16 14:33:42]    Found 0 new candidates in Rocky Hill.
[2026-09-16 14:33:42] 
📍 Scanning Town: Branford, CT (Progress: 33/1000)
[2026-09-16 14:33:52]    Found 0 new candidates in Branford.
[2026-09-16 14:33:52] 
📍 Scanning Town: South Windsor, CT (Progress: 33/1000)
[2026-09-16 14:34:04]    Found 0 new candidates in South Windsor.
[2026-09-16 14:34:04] 
📍 Scanning Town: Monroe, CT (Progress: 33/1000)
[2026-09-16 14:34:14]    Found 0 new candidates in Monroe.
[2026-09-16 14:34:14] 
📍 Scanning Town: Vernon, CT (Progress: 33/1000)
[2026-09-16 14:34:27]    Found 0 new candidates in Vernon.
[2026-09-16 14:34:27] 
📍 Scanning Town: Torrington, CT (Progress: 33/1000)
[2026-09-16 14:34:38]    Found 0 new candidates in Torrington.
[2026-09-16 14:34:38] 
📍 Scanning Town: Mansfield, CT (Progress: 33/1000)
[2026-09-16 14:34:55]    Found 0 new candidates in Mansfield.
[2026-09-16 14:34:55] 
📍 Scanning Town: Naugatuck, CT (Progress: 33/1000)
[2026-09-16 14:35:05]    Found 0 new candidates in Naugatuck.
[2026-09-16 14:35:05] 
📍 Scanning Town: New Haven, CT (Progress: 33/1000)
[2026-09-16 14:35:17]    Found 0 new candidates in New Haven.
[2026-09-16 14:35:17] 
📍 Scanning Town: Greenwich, CT (Progress: 33/1000)
[2026-09-16 14:35:28]    Found 0 new candidates in Greenwich.
[2026-09-16 14:35:28] 
📍 Scanning Town: Southington, CT (Progress: 33/1000)
[2026-09-16 14:35:37]    Found 0 new candidates in Southington.
[2026-09-16 14:35:37] 
📍 Scanning Town: Bristol, CT (Progress: 33/1000)
[2026-09-16 14:36:00]    Found 0 new candidates in Bristol.
[2026-09-16 14:36:00] 
📍 Scanning Town: Darien, CT (Progress: 33/1000)
[2026-09-16 14:36:11]    Found 0 new candidates in Darien.
[2026-09-16 14:36:11] 
📍 Scanning Town: Oxford, CT (Progress: 33/1000)
[2026-09-16 14:36:20]    Found 0 new candidates in Oxford.
[2026-09-16 14:36:20] 
📍 Scanning Town: Wethersfield, CT (Progress: 33/1000)
[2026-09-16 14:36:31]    Found 0 new candidates in Wethersfield.
[2026-09-16 14:36:31] 
📍 Scanning Town: Bloomfield, CT (Progress: 33/1000)
[2026-09-16 14:36:43]    Found 0 new candidates in Bloomfield.
[2026-09-16 14:36:43] 
📍 Scanning Town: Ridgefield, CT (Progress: 33/1000)
[2026-09-16 14:36:54]    Found 0 new candidates in Ridgefield.
[2026-09-16 14:36:54] 
📍 Scanning Town: Cromwell, CT (Progress: 33/1000)
[2026-09-16 14:37:15]    Found 0 new candidates in Cromwell.
[2026-09-16 14:37:15] 
📍 Scanning Town: Wilton, CT (Progress: 33/1000)
[2026-09-16 14:37:26]    Found 0 new candidates in Wilton.
[2026-09-16 14:37:26] 
📍 Scanning Town: Enfield, CT (Progress: 33/1000)
[2026-09-16 14:37:35]    Found 0 new candidates in Enfield.
[2026-09-16 14:37:35] 
📍 Scanning Town: Waterbury, CT (Progress: 33/1000)
[2026-09-16 14:37:46]    Found 0 new candidates in Waterbury.
[2026-09-16 14:37:46] 
📍 Scanning Town: Windsor, CT (Progress: 33/1000)
[2026-09-16 14:37:56]    Found 0 new candidates in Windsor.
[2026-09-16 14:37:56] 
📍 Scanning Town: Danbury, CT (Progress: 33/1000)
[2026-09-16 14:38:06]    Found 0 new candidates in Danbury.
[2026-09-16 14:38:06] 
📍 Scanning Town: Berlin, CT (Progress: 33/1000)
[2026-09-16 14:38:17]    Found 0 new candidates in Berlin.
[2026-09-16 14:38:17] 
📍 Scanning Town: Plainville, CT (Progress: 33/1000)
[2026-09-16 14:38:27]    Found 0 new candidates in Plainville.
[2026-09-16 14:38:27] 
📍 Scanning Town: Guilford, CT (Progress: 33/1000)
[2026-09-16 14:38:37]    Found 0 new candidates in Guilford.
[2026-09-16 14:38:37] 
📍 Scanning Town: North Haven, CT (Progress: 33/1000)
[2026-09-16 14:38:51]    Found 0 new candidates in North Haven.
[2026-09-16 14:38:51] 
📍 Scanning Town: Norwich, CT (Progress: 33/1000)
[2026-09-16 14:39:13]    Found 0 new candidates in Norwich.
[2026-09-16 14:39:13] 
📍 Scanning Town: Fairfield, CT (Progress: 33/1000)
[2026-09-16 14:39:23]    Found 0 new candidates in Fairfield.
[2026-09-16 14:39:23] 
📍 Scanning Town: Orange, CT (Progress: 33/1000)
[2026-09-16 14:39:35]    Found 0 new candidates in Orange.
[2026-09-16 14:39:35] 
📍 Scanning Town: Glastonbury, CT (Progress: 33/1000)
[2026-09-16 14:39:46]    Found 0 new candidates in Glastonbury.
[2026-09-16 14:39:46] 
📍 Scanning Town: Cheshire, CT (Progress: 33/1000)
[2026-09-16 14:39:56]    Found 0 new candidates in Cheshire.
[2026-09-16 14:39:56] 
📍 Scanning Town: Shelton, CT (Progress: 33/1000)
[2026-09-16 14:40:07]    Found 0 new candidates in Shelton.
[2026-09-16 14:40:07] 
📍 Scanning Town: Bridgeport, CT (Progress: 33/1000)
