/Users/andresmcmahon/Documents/LANGUAGE TOOL/.venv/lib/python3.9/site-packages/google/auth/__init__.py:54: FutureWarning: You are using a Python version 3.9 past its end of life. Google will update google-auth with critical bug fixes on a best-effort basis, but not with any other fixes or features. Please upgrade your Python version, and then update google-auth.
  warnings.warn(eol_message.format("3.9"), FutureWarning)
/Users/andresmcmahon/Documents/LANGUAGE TOOL/.venv/lib/python3.9/site-packages/google/oauth2/__init__.py:40: FutureWarning: You are using a Python version 3.9 past its end of life. Google will update google-auth with critical bug fixes on a best-effort basis, but not with any other fixes or features. Please upgrade your Python version, and then update google-auth.
  warnings.warn(eol_message.format("3.9"), FutureWarning)
/Users/andresmcmahon/Documents/LANGUAGE TOOL/.venv/lib/python3.9/site-packages/urllib3/__init__.py:35: NotOpenSSLWarning: urllib3 v2 only supports OpenSSL 1.1.1+, currently the 'ssl' module is compiled with 'LibreSSL 2.8.3'. See: https://github.com/urllib3/urllib3/issues/3020
  warnings.warn(
/Users/andresmcmahon/Documents/LANGUAGE TOOL/.venv/lib/python3.9/site-packages/google/auth/__init__.py:54: FutureWarning: You are using a Python version 3.9 past its end of life. Google will update google-auth with critical bug fixes on a best-effort basis, but not with any other fixes or features. Please upgrade your Python version, and then update google-auth.
  warnings.warn(eol_message.format("3.9"), FutureWarning)
/Users/andresmcmahon/Documents/LANGUAGE TOOL/.venv/lib/python3.9/site-packages/google/oauth2/__init__.py:40: FutureWarning: You are using a Python version 3.9 past its end of life. Google will update google-auth with critical bug fixes on a best-effort basis, but not with any other fixes or features. Please upgrade your Python version, and then update google-auth.
  warnings.warn(eol_message.format("3.9"), FutureWarning)
/Users/andresmcmahon/Documents/LANGUAGE TOOL/.venv/lib/python3.9/site-packages/urllib3/__init__.py:35: NotOpenSSLWarning: urllib3 v2 only supports OpenSSL 1.1.1+, currently the 'ssl' module is compiled with 'LibreSSL 2.8.3'. See: https://github.com/urllib3/urllib3/issues/3020
  warnings.warn(
=================================================================
 🚀 Continuous Social Lead Scraper (Instagram & Facebook)
=================================================================
Strict Exclusions: greenwich, new canaan, stamford
Target Towns: Norwalk, Westport, Fairfield, Darien, Wilton, Ridgefield, Bridgeport, Trumbull, Milford, Stratford, Shelton, Bethel, Danbury, Newtown, Monroe, Orange, West Haven, Derby, Ansonia
Destination: Google Sheet 'FaceBook/Instagram Scraper'
=================================================================
🧹 Auditing existing Google Sheet for excluded towns and dead links...
✅ Google Sheet clean! 3 verified live leads active.

🔄 === Starting Social Scraping Cycle #1 ===
🚀 Starting Social Media Lead Scraping for towns: Shelton, West Haven, Wilton, Orange, Trumbull, Milford, Danbury, Ansonia, Stratford, Ridgefield, Derby, Bethel, Westport, Newtown, Fairfield, Monroe, Bridgeport, Darien, Norwalk

📍 Scanning Town: Shelton, CT (Target: ~15 leads)
   Found 18 candidate businesses in Shelton.
   ⚠️ Instagram link dead for Chaves Bakery & Deli (@chaves_shelton_seymour) -> Checking Facebook fallback...
   [+] [FACEBOOK - LIVE VERIFIED] Chaves Bakery & Deli (Shelton) -> Chaves-Bakery-Deli-443136569121901 (https://www.facebook.com/Chaves-Bakery-Deli-443136569121901)
   ⚠️ Instagram link dead for Oronoque Farms Gift & Bakery (@oronoquefarms) -> Checking Facebook fallback...
   [+] [FACEBOOK - LIVE VERIFIED] Oronoque Farms Gift & Bakery (Shelton) -> oronoquefarms (https://www.facebook.com/oronoquefarms)
   ⚠️ Instagram link dead for Kickback Lunch & Lounge (@kickbackloungeshelton) -> Checking Facebook fallback...
   ⚠️ Instagram link dead for Common Grounds (@commongroundsbranford) -> Checking Facebook fallback...
   [+] [FACEBOOK - LIVE VERIFIED] Common Grounds (Shelton) -> commongroundsbranford (https://www.facebook.com/commongroundsbranford)
   ⚠️ Instagram link dead for Olives and Oil (@olivesandoil) -> Checking Facebook fallback...
   [+] [FACEBOOK - LIVE VERIFIED] Olives and Oil (Shelton) -> olivesandoilnewhaven (https://www.facebook.com/olivesandoilnewhaven)
   ⚠️ Instagram link dead for Riverdale Diner (@riverdaledinerct) -> Checking Facebook fallback...
   [+] [FACEBOOK - LIVE VERIFIED] Riverdale Diner (Shelton) -> riverdaledinerct (https://www.facebook.com/riverdaledinerct)
   [+] [FACEBOOK - LIVE VERIFIED] The Waterview (Shelton) -> the.waterview (https://www.facebook.com/the.waterview)
✅ Completed Shelton: 6 verified live social leads extracted.

📍 Scanning Town: West Haven, CT (Target: ~15 leads)
   Found 1 candidate businesses in West Haven.
✅ Completed West Haven: 0 verified live social leads extracted.

📍 Scanning Town: Wilton, CT (Target: ~15 leads)
   Found 4 candidate businesses in Wilton.
   ⚠️ Instagram link dead for Orem's Diner (@oremsdiner) -> Checking Facebook fallback...
   [+] [FACEBOOK - LIVE VERIFIED] Orem's Diner (Wilton) -> OremsDiner (https://www.facebook.com/OremsDiner)
   ⚠️ Instagram link dead for Outback Steakhouse (@outback) -> Checking Facebook fallback...
   [+] [FACEBOOK - LIVE VERIFIED] Outback Steakhouse (Wilton) -> outback (https://www.facebook.com/outback)
   ⚠️ Instagram link dead for Heibeck’s Stand (@heibecks.stand) -> Checking Facebook fallback...
   [+] [FACEBOOK - LIVE VERIFIED] Heibeck’s Stand (Wilton) -> HeibecksStand (https://www.facebook.com/HeibecksStand)
✅ Completed Wilton: 3 verified live social leads extracted.

📍 Scanning Town: Orange, CT (Target: ~15 leads)
   Found 1 candidate businesses in Orange.
✅ Completed Orange: 0 verified live social leads extracted.

📍 Scanning Town: Trumbull, CT (Target: ~15 leads)
   Found 8 candidate businesses in Trumbull.
   ⚠️ Instagram link dead for Plasko's Farm (@plaskosfarm) -> Checking Facebook fallback...
   [+] [FACEBOOK - LIVE VERIFIED] Plasko's Farm (Trumbull) -> plaskofarm (https://www.facebook.com/plaskofarm)
   ⚠️ Instagram link dead for Sunny Daes (@sunnydaesicecream) -> Checking Facebook fallback...
   [+] [FACEBOOK - LIVE VERIFIED] Sunny Daes (Trumbull) -> Sunny-Daes-109509112539 (https://www.facebook.com/Sunny-Daes-109509112539)
   ⚠️ Instagram link dead for The Cheesecake Factory (@cheesecakefactory) -> Checking Facebook fallback...
   [+] [FACEBOOK - LIVE VERIFIED] The Cheesecake Factory (Trumbull) -> thecheesecakefactory (https://www.facebook.com/thecheesecakefactory)
   ⚠️ Instagram link dead for Layla's Falafel & Greenleaf Cafe (@laylas_falafel) -> Checking Facebook fallback...
   [+] [FACEBOOK - LIVE VERIFIED] Layla's Falafel & Greenleaf Cafe (Trumbull) -> LaylasFalafel (https://www.facebook.com/LaylasFalafel)
✅ Completed Trumbull: 4 verified live social leads extracted.

📍 Scanning Town: Milford, CT (Target: ~15 leads)
   Found 21 candidate businesses in Milford.
   ⚠️ Instagram link dead for Cafe Atlantique (@cafe_atlantique) -> Checking Facebook fallback...
   [+] [FACEBOOK - LIVE VERIFIED] Cafe Atlantique (Milford) -> Cafeatlantiquemilford (https://www.facebook.com/Cafeatlantiquemilford)
   ⚠️ Instagram link dead for The Whale Tea (@whaletea.milford) -> Checking Facebook fallback...
   ⚠️ Instagram link dead for Frenchies Coffee Bar At Silver Sands State Park (@qodeinteractive) -> Checking Facebook fallback...
   [+] [FACEBOOK - LIVE VERIFIED] Frenchies Coffee Bar At Silver Sands State Park (Milford) -> QodeInteractive (https://www.facebook.com/QodeInteractive)
/Users/andresmcmahon/Documents/LANGUAGE TOOL/.venv/lib/python3.9/site-packages/google/auth/__init__.py:54: FutureWarning: You are using a Python version 3.9 past its end of life. Google will update google-auth with critical bug fixes on a best-effort basis, but not with any other fixes or features. Please upgrade your Python version, and then update google-auth.
  warnings.warn(eol_message.format("3.9"), FutureWarning)
/Users/andresmcmahon/Documents/LANGUAGE TOOL/.venv/lib/python3.9/site-packages/google/oauth2/__init__.py:40: FutureWarning: You are using a Python version 3.9 past its end of life. Google will update google-auth with critical bug fixes on a best-effort basis, but not with any other fixes or features. Please upgrade your Python version, and then update google-auth.
  warnings.warn(eol_message.format("3.9"), FutureWarning)
/Users/andresmcmahon/Documents/LANGUAGE TOOL/.venv/lib/python3.9/site-packages/urllib3/__init__.py:35: NotOpenSSLWarning: urllib3 v2 only supports OpenSSL 1.1.1+, currently the 'ssl' module is compiled with 'LibreSSL 2.8.3'. See: https://github.com/urllib3/urllib3/issues/3020
  warnings.warn(
=================================================================
 🚀 DuoTaps Balanced Social Media Lead Scraper (IG & FB)
=================================================================
Excluded Towns: new canaan
Target Towns: Stamford, Greenwich, Norwalk, Westport, Fairfield, Darien, Wilton, Ridgefield, Bridgeport, Trumbull, Milford, Stratford, Shelton, Bethel, Danbury, Newtown, Monroe, Orange, West Haven, Derby, Ansonia
Destination: Google Sheet 'FaceBook/Instagram Scraper' (Append-Only)
=================================================================

🔄 === Starting Discovery Cycle #1 ===
   Current Sheet Balance: 33 Instagram / 3 Facebook
🚀 Starting Balanced Social Media Lead Scraping for towns: Greenwich, Norwalk, Derby, Stamford, Danbury, Milford, Shelton, West Haven, Wilton, Monroe, Newtown, Stratford, Bethel, Ansonia, Ridgefield, Bridgeport, Trumbull, Darien, Westport, Orange, Fairfield

📍 Scanning Town: Greenwich, CT (Target: ~15 leads)
   Found 6 candidate businesses in Greenwich.
   [+] [FACEBOOK - LIVE VERIFIED] Le Pain Quotidien (Greenwich) -> lepainquotidienus (https://www.facebook.com/lepainquotidienus)
   [+] [FACEBOOK - LIVE VERIFIED] COBS Bread (Greenwich) -> cobsbread (https://www.facebook.com/cobsbread)
   [+] [FACEBOOK - LIVE VERIFIED] Gregory's (Greenwich) -> GregorysCoffee (https://www.facebook.com/GregorysCoffee)
   [+] [FACEBOOK - LIVE VERIFIED] CFCF Coffee (Greenwich) -> cfcfroasters (https://www.facebook.com/cfcfroasters)
   [+] [FACEBOOK - LIVE VERIFIED] Cady's Tea Room (Greenwich) -> cadystearoom (https://www.facebook.com/cadystearoom)
✅ Completed Greenwich: 5 verified live social leads extracted.

📍 Scanning Town: Norwalk, CT (Target: ~15 leads)
   Found 6 candidate businesses in Norwalk.
   [+] [FACEBOOK - LIVE VERIFIED] Aji 10 (Norwalk) -> Aji10latincuisinenorwalk (https://www.facebook.com/Aji10latincuisinenorwalk)
✅ Completed Norwalk: 1 verified live social leads extracted.

📍 Scanning Town: Derby, CT (Target: ~15 leads)
   Found 7 candidate businesses in Derby.
   [+] [FACEBOOK - LIVE VERIFIED] Entenmann's Bakery Outlet (Derby) -> Entenmanns (https://www.facebook.com/Entenmanns)
✅ Completed Derby: 1 verified live social leads extracted.

📍 Scanning Town: Stamford, CT (Target: ~15 leads)
   Found 22 candidate businesses in Stamford.
   [+] [FACEBOOK - LIVE VERIFIED] Winfield Street Coffee (Stamford) -> winfieldstreetcoffee (https://www.facebook.com/winfieldstreetcoffee)
   [+] [FACEBOOK - LIVE VERIFIED] Honey Joe’s Family Coffeehouse (Stamford) -> HoneyJoesCoffee (https://www.facebook.com/HoneyJoesCoffee)
   [+] [FACEBOOK - LIVE VERIFIED] PROOF Coffe Roasters (Stamford) -> proofcoffee (https://www.facebook.com/proofcoffee)
   [+] [FACEBOOK - LIVE VERIFIED] 261 (Stamford) -> AmenityHomedotcom (https://www.facebook.com/AmenityHomedotcom)
   [+] [FACEBOOK - LIVE VERIFIED] Zaza (Stamford) -> 100071472859435 (https://www.facebook.com/100071472859435)
   [+] [FACEBOOK - LIVE VERIFIED] Remo's (Stamford) -> Remos-Pizza-259859275266 (https://www.facebook.com/Remos-Pizza-259859275266)
   [+] [FACEBOOK - LIVE VERIFIED] Bartaco (Stamford) -> bartacolife (https://www.facebook.com/bartacolife)
   [+] [FACEBOOK - LIVE VERIFIED] Hudson Social (Stamford) -> hudsonsocialstamford (https://www.facebook.com/hudsonsocialstamford)
   [+] [FACEBOOK - LIVE VERIFIED] Roasted (Stamford) -> RoastedStamford (https://www.facebook.com/RoastedStamford)
   [+] [FACEBOOK - LIVE VERIFIED] Chutni Biryani & Noodle Bar (Stamford) -> 179853912545 (https://www.facebook.com/179853912545)
✅ Completed Stamford: 10 verified live social leads extracted.

📍 Scanning Town: Danbury, CT (Target: ~15 leads)
   Found 3 candidate businesses in Danbury.
   [+] [FACEBOOK - LIVE VERIFIED] Mothership (Danbury) -> MothershipBakery (https://www.facebook.com/MothershipBakery)
   [+] [FACEBOOK - LIVE VERIFIED] O'Brien's Irish Pub (Danbury) -> OBriensSportsPub (https://www.facebook.com/OBriensSportsPub)
✅ Completed Danbury: 2 verified live social leads extracted.

📍 Scanning Town: Milford, CT (Target: ~15 leads)
   Found 20 candidate businesses in Milford.
   [+] [FACEBOOK - LIVE VERIFIED] Cafe Atlantique (Milford) -> Cafeatlantiquemilford (https://www.facebook.com/Cafeatlantiquemilford)
   [+] [FACEBOOK - LIVE VERIFIED] Seven Seas (Milford) -> Seven-Seas-Restaurant-Pub-321580913828 (https://www.facebook.com/Seven-Seas-Restaurant-Pub-321580913828)
   [+] [FACEBOOK - LIVE VERIFIED] Taste of Thai (Milford) -> 1608388519421994 (https://www.facebook.com/1608388519421994)
   [+] [FACEBOOK - LIVE VERIFIED] Archie Moore's Bar & Restaurant (Milford) -> 100063563740576 (https://www.facebook.com/100063563740576)
   [+] [FACEBOOK - LIVE VERIFIED] Goodies (Milford) -> GoodiesMilford (https://www.facebook.com/GoodiesMilford)
   [+] [FACEBOOK - LIVE VERIFIED] Mama Teresa's Italian Restaurant & Pizza (Milford) -> 122135441133512 (https://www.facebook.com/122135441133512)
✅ Completed Milford: 6 verified live social leads extracted.

📍 Scanning Town: Shelton, CT (Target: ~15 leads)
   Found 16 candidate businesses in Shelton.
   [+] [FACEBOOK - LIVE VERIFIED] Chaves Bakery & Deli (Shelton) -> Chaves-Bakery-Deli-443136569121901 (https://www.facebook.com/Chaves-Bakery-Deli-443136569121901)
   [+] [FACEBOOK - LIVE VERIFIED] Oronoque Farms Gift & Bakery (Shelton) -> oronoquefarms (https://www.facebook.com/oronoquefarms)
   [+] [FACEBOOK - LIVE VERIFIED] Common Grounds (Shelton) -> commongroundsbranford (https://www.facebook.com/commongroundsbranford)
   [+] [FACEBOOK - LIVE VERIFIED] Olives and Oil (Shelton) -> olivesandoilnewhaven (https://www.facebook.com/olivesandoilnewhaven)
   [+] [FACEBOOK - LIVE VERIFIED] Riverdale Diner (Shelton) -> riverdaledinerct (https://www.facebook.com/riverdaledinerct)
   [+] [FACEBOOK - LIVE VERIFIED] The Waterview (Shelton) -> the.waterview (https://www.facebook.com/the.waterview)
✅ Completed Shelton: 6 verified live social leads extracted.

📍 Scanning Town: West Haven, CT (Target: ~15 leads)
   Found 0 candidate businesses in West Haven.
✅ Completed West Haven: 0 verified live social leads extracted.

📍 Scanning Town: Wilton, CT (Target: ~15 leads)
   Found 4 candidate businesses in Wilton.
   [+] [INSTAGRAM - LIVE VERIFIED] Outback Steakhouse (Wilton) -> @outback (https://www.instagram.com/outback/)
   [+] [FACEBOOK - LIVE VERIFIED] Heibeck’s Stand (Wilton) -> HeibecksStand (https://www.facebook.com/HeibecksStand)
✅ Completed Wilton: 2 verified live social leads extracted.

📍 Scanning Town: Monroe, CT (Target: ~15 leads)
   Found 11 candidate businesses in Monroe.
   [+] [FACEBOOK - LIVE VERIFIED] El Coyote (Monroe) -> El-Coyote-Monroe-CT-784670684929395 (https://www.facebook.com/El-Coyote-Monroe-CT-784670684929395)
   [+] [INSTAGRAM - LIVE VERIFIED] Buffalo Bill's (Monroe) -> @onlocationexp (https://www.instagram.com/onlocationexp/)
   [+] [INSTAGRAM - LIVE VERIFIED] Monroe Diner (Monroe) -> @monroediner (https://www.instagram.com/monroediner/)
   [+] [INSTAGRAM - LIVE VERIFIED] Robertos Restaurant (Monroe) -> @robertos_ct (https://www.instagram.com/robertos_ct/)
✅ Completed Monroe: 4 verified live social leads extracted.

📍 Scanning Town: Newtown, CT (Target: ~15 leads)
   Found 17 candidate businesses in Newtown.
   [+] [INSTAGRAM - LIVE VERIFIED] Perfusion Espresso And Cocktail Bar (Newtown) -> @perfusionbarct (https://www.instagram.com/perfusionbarct/)
   [+] [INSTAGRAM - LIVE VERIFIED] Cosmic Cafe + Smoothie Bar (Newtown) -> @cosmiccafeofficial (https://www.instagram.com/cosmiccafeofficial/)
   [+] [INSTAGRAM - LIVE VERIFIED] Taco Dia (Newtown) -> @taco.dia (https://www.instagram.com/taco.dia/)
   [+] [FACEBOOK - LIVE VERIFIED] Blue Colony Diner (Newtown) -> 145393455481321 (https://www.facebook.com/145393455481321)
   [+] [INSTAGRAM - LIVE VERIFIED] Nouveau Monde - Wine Bar and Restaurant (Newtown) -> @nouveaumondect (https://www.instagram.com/nouveaumondect/)
✅ Completed Newtown: 5 verified live social leads extracted.

📍 Scanning Town: Stratford, CT (Target: ~15 leads)
   Found 16 candidate businesses in Stratford.
   [+] [FACEBOOK - LIVE VERIFIED] Star Pizza (Stratford) -> Grabull-1741332959264156 (https://www.facebook.com/Grabull-1741332959264156)
   [+] [FACEBOOK - LIVE VERIFIED] Kingston Kafe (Stratford) -> kingstonkafeatstratford (https://www.facebook.com/kingstonkafeatstratford)
   [+] [FACEBOOK - LIVE VERIFIED] Villa Pizza (Stratford) -> VillaPizzaStratford (https://www.facebook.com/VillaPizzaStratford)
   [+] [INSTAGRAM - LIVE VERIFIED] Two Roads Food Hall + Bar (Stratford) -> @tworoadsbrewing (https://www.instagram.com/tworoadsbrewing/)
   [+] [FACEBOOK - LIVE VERIFIED] Vazzy's (Stratford) -> Vazzys-of-Stratford-434093563459988 (https://www.facebook.com/Vazzys-of-Stratford-434093563459988)
✅ Completed Stratford: 5 verified live social leads extracted.

📍 Scanning Town: Bethel, CT (Target: ~15 leads)
   Found 13 candidate businesses in Bethel.
   [+] [FACEBOOK - LIVE VERIFIED] Frost Cupcakery (Bethel) -> 120795641011729 (https://www.facebook.com/120795641011729)
   [+] [FACEBOOK - LIVE VERIFIED] Holy Rollie Pastry Shop (Bethel) -> 117927113404657 (https://www.facebook.com/117927113404657)
   [+] [INSTAGRAM - LIVE VERIFIED] Entenmann's Oroweat Bimbo Bakeries (Bethel) -> @entenmanns (https://www.instagram.com/entenmanns/)
   [+] [INSTAGRAM - LIVE VERIFIED] Jubi Tea & Sweets (Bethel) -> @jubibubbletea (https://www.instagram.com/jubibubbletea/)
   [+] [FACEBOOK - LIVE VERIFIED] Molten Java (Bethel) -> MoltenJava (https://www.facebook.com/MoltenJava)
   [+] [FACEBOOK - LIVE VERIFIED] Famous Pizza (Bethel) -> famouspizzabethel (https://www.facebook.com/famouspizzabethel)
✅ Completed Bethel: 6 verified live social leads extracted.

📍 Scanning Town: Ansonia, CT (Target: ~15 leads)
   Found 8 candidate businesses in Ansonia.
   [+] [INSTAGRAM - LIVE VERIFIED] Palma (Ansonia) -> @palmarestaurant171 (https://www.instagram.com/palmarestaurant171/)
   [+] [FACEBOOK - LIVE VERIFIED] Relish Wine Bar & Grill (Ansonia) -> relishansoniact (https://www.facebook.com/relishansoniact)
   [+] [INSTAGRAM - LIVE VERIFIED] Roseland Apizza (Ansonia) -> @roselandapizza (https://www.instagram.com/roselandapizza/)
✅ Completed Ansonia: 3 verified live social leads extracted.

📍 Scanning Town: Ridgefield, CT (Target: ~15 leads)
   Found 19 candidate businesses in Ridgefield.
   [+] [FACEBOOK - LIVE VERIFIED] Cake Box (Ridgefield) -> cakeboxofct (https://www.facebook.com/cakeboxofct)
   [+] [FACEBOOK - LIVE VERIFIED] Bobo's Cafe (Ridgefield) -> Boboscafes (https://www.facebook.com/Boboscafes)
   [+] [FACEBOOK - LIVE VERIFIED] Tequila Escape (Ridgefield) -> tequilaescape (https://www.facebook.com/tequilaescape)
   [+] [INSTAGRAM - LIVE VERIFIED] Gallo (Ridgefield) -> @galloridgefield (https://www.instagram.com/galloridgefield/)
   [+] [FACEBOOK - LIVE VERIFIED] Bare Burger (Ridgefield) -> Bareburger (https://www.facebook.com/Bareburger)
✅ Completed Ridgefield: 5 verified live social leads extracted.

📍 Scanning Town: Bridgeport, CT (Target: ~15 leads)
   Found 25 candidate businesses in Bridgeport.
   [+] [FACEBOOK - LIVE VERIFIED] Ralph n Rich's (Bridgeport) -> ralphnrichs (https://www.facebook.com/ralphnrichs)
   [+] [FACEBOOK - LIVE VERIFIED] Taqueria La Michoacana (Bridgeport) -> taquerialamichoacanact (https://www.facebook.com/taquerialamichoacanact)
   [+] [FACEBOOK - LIVE VERIFIED] El Rio Lempa (Bridgeport) -> rio.lempa.90 (https://www.facebook.com/rio.lempa.90)
   [+] [INSTAGRAM - LIVE VERIFIED] Mainport Fish & Chips (Bridgeport) -> @mainport56 (https://www.instagram.com/mainport56/)
✅ Completed Bridgeport: 4 verified live social leads extracted.

📍 Scanning Town: Trumbull, CT (Target: ~15 leads)
   Found 8 candidate businesses in Trumbull.
   [+] [INSTAGRAM - LIVE VERIFIED] Plasko's Farm (Trumbull) -> @plaskosfarm (https://www.instagram.com/plaskosfarm/)
   [+] [FACEBOOK - LIVE VERIFIED] Sunny Daes (Trumbull) -> Sunny-Daes-109509112539 (https://www.facebook.com/Sunny-Daes-109509112539)
   [+] [INSTAGRAM - LIVE VERIFIED] The Cheesecake Factory (Trumbull) -> @cheesecakefactory (https://www.instagram.com/cheesecakefactory/)
   [+] [FACEBOOK - LIVE VERIFIED] Layla's Falafel & Greenleaf Cafe (Trumbull) -> LaylasFalafel (https://www.facebook.com/LaylasFalafel)
✅ Completed Trumbull: 4 verified live social leads extracted.

📍 Scanning Town: Darien, CT (Target: ~15 leads)
   Found 3 candidate businesses in Darien.
✅ Completed Darien: 0 verified live social leads extracted.

📍 Scanning Town: Westport, CT (Target: ~15 leads)
   Found 16 candidate businesses in Westport.
   [+] [FACEBOOK - LIVE VERIFIED] OKO (Westport) -> OKOKitchen (https://www.facebook.com/OKOKitchen)
   [+] [FACEBOOK - LIVE VERIFIED] Viva Zapata (Westport) -> Viva-Zapata-Mexican-Restaurant-75537517939 (https://www.facebook.com/Viva-Zapata-Mexican-Restaurant-75537517939)
   [+] [FACEBOOK - LIVE VERIFIED] Tarantino Restaurant & Bar (Westport) -> TarantinoRestaurant (https://www.facebook.com/TarantinoRestaurant)
✅ Completed Westport: 3 verified live social leads extracted.

📍 Scanning Town: Orange, CT (Target: ~15 leads)
   Found 1 candidate businesses in Orange.
✅ Completed Orange: 0 verified live social leads extracted.

📍 Scanning Town: Fairfield, CT (Target: ~15 leads)
   Found 13 candidate businesses in Fairfield.
   [+] [FACEBOOK - LIVE VERIFIED] Isabella et Vincent (Fairfield) -> isabelleetvincentbakery (https://www.facebook.com/isabelleetvincentbakery)
   [+] [FACEBOOK - LIVE VERIFIED] Village Bagels (Fairfield) -> Village-Bagels-Fairfield-County-416751115011087 (https://www.facebook.com/Village-Bagels-Fairfield-County-416751115011087)
✅ Completed Fairfield: 2 verified live social leads extracted.

🎉 Total Verified Live Leads (IG: 62, FB: 63): 74
📊 Connecting to Google Sheet: 'FaceBook/Instagram Scraper'...
📥 Appending 58 brand-new verified social leads to Google Sheet...
✅ Successfully appended! Total rows in sheet now: 95
📊 Cycle #1 completed: Appended 58 new verified leads.
⏳ Sleeping for 20 minutes before next discovery cycle...

🔄 === Starting Discovery Cycle #2 ===
   Current Sheet Balance: 50 Instagram / 44 Facebook
🚀 Starting Balanced Social Media Lead Scraping for towns: Ansonia, Darien, Trumbull, Westport, Derby, West Haven, Fairfield, Milford, Monroe, Shelton, Norwalk, Orange, Ridgefield, Greenwich, Stamford, Wilton, Danbury, Stratford, Bridgeport, Newtown, Bethel

📍 Scanning Town: Ansonia, CT (Target: ~15 leads)
   Found 17 candidate businesses in Ansonia.
   [+] [FACEBOOK - LIVE VERIFIED] Palma (Ansonia) -> resturantpalma (https://www.facebook.com/resturantpalma)
   [+] [FACEBOOK - LIVE VERIFIED] Roseland Apizza (Ansonia) -> roselandapizza (https://www.facebook.com/roselandapizza)
   [+] [FACEBOOK - LIVE VERIFIED] Center Street (Ansonia) -> City-of-Ansonia-1543707149176288 (https://www.facebook.com/City-of-Ansonia-1543707149176288)
✅ Completed Ansonia: 3 verified live social leads extracted.

📍 Scanning Town: Darien, CT (Target: ~15 leads)
   Found 3 candidate businesses in Darien.
   [+] [FACEBOOK - LIVE VERIFIED] Home Run Inn Pizzeria (Darien) -> homeruninn (https://www.facebook.com/homeruninn)
✅ Completed Darien: 1 verified live social leads extracted.

📍 Scanning Town: Trumbull, CT (Target: ~15 leads)
   Found 8 candidate businesses in Trumbull.
   [+] [FACEBOOK - LIVE VERIFIED] Plasko's Farm (Trumbull) -> plaskofarm (https://www.facebook.com/plaskofarm)
   [+] [FACEBOOK - LIVE VERIFIED] The Cheesecake Factory (Trumbull) -> thecheesecakefactory (https://www.facebook.com/thecheesecakefactory)
✅ Completed Trumbull: 2 verified live social leads extracted.

📍 Scanning Town: Westport, CT (Target: ~15 leads)
   Found 17 candidate businesses in Westport.
   [+] [FACEBOOK - LIVE VERIFIED] Green & Tonic (Westport) -> greenandtonic (https://www.facebook.com/greenandtonic)
   [+] [FACEBOOK - LIVE VERIFIED] Bartaco (Westport) -> bartacolife (https://www.facebook.com/bartacolife)
   [+] [FACEBOOK - LIVE VERIFIED] OKO (Westport) -> OKOKitchen (https://www.facebook.com/OKOKitchen)
   [+] [FACEBOOK - LIVE VERIFIED] Viva Zapata (Westport) -> Viva-Zapata-Mexican-Restaurant-75537517939 (https://www.facebook.com/Viva-Zapata-Mexican-Restaurant-75537517939)
   [+] [FACEBOOK - LIVE VERIFIED] Rizzuto's Oyster Bar & Restaurant (Westport) -> RizzutosWestport (https://www.facebook.com/RizzutosWestport)
✅ Completed Westport: 5 verified live social leads extracted.

📍 Scanning Town: Derby, CT (Target: ~15 leads)
   Found 4 candidate businesses in Derby.
✅ Completed Derby: 0 verified live social leads extracted.

📍 Scanning Town: West Haven, CT (Target: ~15 leads)
   Found 0 candidate businesses in West Haven.
✅ Completed West Haven: 0 verified live social leads extracted.

📍 Scanning Town: Fairfield, CT (Target: ~15 leads)
   Found 13 candidate businesses in Fairfield.
✅ Completed Fairfield: 0 verified live social leads extracted.

📍 Scanning Town: Milford, CT (Target: ~15 leads)
   Found 20 candidate businesses in Milford.
   [+] [FACEBOOK - LIVE VERIFIED] Barosa Indian Kitchen & Bar (Milford) -> Barosaikb (https://www.facebook.com/Barosaikb)
✅ Completed Milford: 1 verified live social leads extracted.

📍 Scanning Town: Monroe, CT (Target: ~15 leads)
   Found 12 candidate businesses in Monroe.
   [+] [FACEBOOK - LIVE VERIFIED] Buffalo Bill's (Monroe) -> OnLocationExp (https://www.facebook.com/OnLocationExp)
✅ Completed Monroe: 1 verified live social leads extracted.

📍 Scanning Town: Shelton, CT (Target: ~15 leads)
   Found 10 candidate businesses in Shelton.
✅ Completed Shelton: 0 verified live social leads extracted.

📍 Scanning Town: Norwalk, CT (Target: ~15 leads)
   Found 6 candidate businesses in Norwalk.
   [+] [FACEBOOK - LIVE VERIFIED] Aji 10 (Norwalk) -> Aji10latincuisinenorwalk (https://www.facebook.com/Aji10latincuisinenorwalk)
✅ Completed Norwalk: 1 verified live social leads extracted.

📍 Scanning Town: Orange, CT (Target: ~15 leads)
   Found 1 candidate businesses in Orange.
✅ Completed Orange: 0 verified live social leads extracted.

📍 Scanning Town: Ridgefield, CT (Target: ~15 leads)
   Found 20 candidate businesses in Ridgefield.
   [+] [FACEBOOK - LIVE VERIFIED] Cake Box (Ridgefield) -> cakeboxofct (https://www.facebook.com/cakeboxofct)
   [+] [FACEBOOK - LIVE VERIFIED] Ross Artisanal Bakery & Cafe (Ridgefield) -> RossBreadShoppe (https://www.facebook.com/RossBreadShoppe)
   [+] [FACEBOOK - LIVE VERIFIED] Queen B Coffee Company (Ridgefield) -> queenbcoffeecompany (https://www.facebook.com/queenbcoffeecompany)
   [+] [FACEBOOK - LIVE VERIFIED] Bobo's Cafe (Ridgefield) -> Boboscafes (https://www.facebook.com/Boboscafes)
   [+] [FACEBOOK - LIVE VERIFIED] Bailey's Backyard (Ridgefield) -> 158110456494 (https://www.facebook.com/158110456494)
   [+] [FACEBOOK - LIVE VERIFIED] Prime Burger (Ridgefield) -> PrimeBurger203 (https://www.facebook.com/PrimeBurger203)
   [+] [FACEBOOK - LIVE VERIFIED] Gallo (Ridgefield) -> galloridgefield (https://www.facebook.com/galloridgefield)
✅ Completed Ridgefield: 7 verified live social leads extracted.

📍 Scanning Town: Greenwich, CT (Target: ~15 leads)
   Found 5 candidate businesses in Greenwich.
   [+] [FACEBOOK - LIVE VERIFIED] CFCF Coffee (Greenwich) -> cfcfroasters (https://www.facebook.com/cfcfroasters)
   [+] [FACEBOOK - LIVE VERIFIED] Cady's Tea Room (Greenwich) -> cadystearoom (https://www.facebook.com/cadystearoom)
✅ Completed Greenwich: 2 verified live social leads extracted.

📍 Scanning Town: Stamford, CT (Target: ~15 leads)
   Found 20 candidate businesses in Stamford.
   [+] [FACEBOOK - LIVE VERIFIED] Winfield Street Coffee (Stamford) -> winfieldstreetcoffee (https://www.facebook.com/winfieldstreetcoffee)
   [+] [FACEBOOK - LIVE VERIFIED] Honey Joe’s Family Coffeehouse (Stamford) -> HoneyJoesCoffee (https://www.facebook.com/HoneyJoesCoffee)
   [+] [FACEBOOK - LIVE VERIFIED] Hudson Social (Stamford) -> hudsonsocialstamford (https://www.facebook.com/hudsonsocialstamford)
✅ Completed Stamford: 3 verified live social leads extracted.

📍 Scanning Town: Wilton, CT (Target: ~15 leads)
   Found 4 candidate businesses in Wilton.
   [+] [FACEBOOK - LIVE VERIFIED] Orem's Diner (Wilton) -> OremsDiner (https://www.facebook.com/OremsDiner)
   [+] [FACEBOOK - LIVE VERIFIED] Outback Steakhouse (Wilton) -> outback (https://www.facebook.com/outback)
   [+] [FACEBOOK - LIVE VERIFIED] Heibeck’s Stand (Wilton) -> HeibecksStand (https://www.facebook.com/HeibecksStand)
✅ Completed Wilton: 3 verified live social leads extracted.

📍 Scanning Town: Danbury, CT (Target: ~15 leads)
   Found 3 candidate businesses in Danbury.
✅ Completed Danbury: 0 verified live social leads extracted.

📍 Scanning Town: Stratford, CT (Target: ~15 leads)
   Found 16 candidate businesses in Stratford.
✅ Completed Stratford: 0 verified live social leads extracted.

📍 Scanning Town: Bridgeport, CT (Target: ~15 leads)
   Found 25 candidate businesses in Bridgeport.
   [+] [FACEBOOK - LIVE VERIFIED] Ralph n Rich's (Bridgeport) -> ralphnrichs (https://www.facebook.com/ralphnrichs)
   [+] [FACEBOOK - LIVE VERIFIED] Taqueria La Michoacana (Bridgeport) -> taquerialamichoacanact (https://www.facebook.com/taquerialamichoacanact)
   [+] [FACEBOOK - LIVE VERIFIED] Mainport Fish & Chips (Bridgeport) -> Main-port-fish-and-chips-570958186579532 (https://www.facebook.com/Main-port-fish-and-chips-570958186579532)
✅ Completed Bridgeport: 3 verified live social leads extracted.

📍 Scanning Town: Newtown, CT (Target: ~15 leads)
   Found 17 candidate businesses in Newtown.
✅ Completed Newtown: 0 verified live social leads extracted.

📍 Scanning Town: Bethel, CT (Target: ~15 leads)
   Found 13 candidate businesses in Bethel.
✅ Completed Bethel: 0 verified live social leads extracted.

🎉 Total Verified Live Leads (IG: 51, FB: 113): 32
📊 Connecting to Google Sheet: 'FaceBook/Instagram Scraper'...
📥 Appending 3 brand-new verified social leads to Google Sheet...
✅ Successfully appended! Total rows in sheet now: 98
📊 Cycle #2 completed: Appended 3 new verified leads.
⏳ Sleeping for 20 minutes before next discovery cycle...

🔄 === Starting Discovery Cycle #3 ===
   Current Sheet Balance: 50 Instagram / 47 Facebook
🚀 Starting Balanced Social Media Lead Scraping for towns: Fairfield, Darien, Monroe, Wilton, Stamford, Norwalk, Shelton, Bridgeport, Stratford, Milford, Ansonia, Newtown, Westport, Danbury, Orange, Derby, Trumbull, West Haven, Greenwich, Ridgefield, Bethel

📍 Scanning Town: Fairfield, CT (Target: ~15 leads)
   Found 14 candidate businesses in Fairfield.
   [+] [FACEBOOK - LIVE VERIFIED] Isabella et Vincent (Fairfield) -> isabelleetvincentbakery (https://www.facebook.com/isabelleetvincentbakery)
✅ Completed Fairfield: 1 verified live social leads extracted.

📍 Scanning Town: Darien, CT (Target: ~15 leads)
   Found 3 candidate businesses in Darien.
   [+] [FACEBOOK - LIVE VERIFIED] Home Run Inn Pizzeria (Darien) -> homeruninn (https://www.facebook.com/homeruninn)
✅ Completed Darien: 1 verified live social leads extracted.

📍 Scanning Town: Monroe, CT (Target: ~15 leads)
   Found 12 candidate businesses in Monroe.
   [+] [FACEBOOK - LIVE VERIFIED] Buffalo Bill's (Monroe) -> OnLocationExp (https://www.facebook.com/OnLocationExp)
✅ Completed Monroe: 1 verified live social leads extracted.

📍 Scanning Town: Wilton, CT (Target: ~15 leads)
   Found 4 candidate businesses in Wilton.
   [+] [FACEBOOK - LIVE VERIFIED] Orem's Diner (Wilton) -> OremsDiner (https://www.facebook.com/OremsDiner)
   [+] [FACEBOOK - LIVE VERIFIED] Outback Steakhouse (Wilton) -> outback (https://www.facebook.com/outback)
   [+] [FACEBOOK - LIVE VERIFIED] Heibeck’s Stand (Wilton) -> HeibecksStand (https://www.facebook.com/HeibecksStand)
✅ Completed Wilton: 3 verified live social leads extracted.

📍 Scanning Town: Stamford, CT (Target: ~15 leads)
   Found 23 candidate businesses in Stamford.
✅ Completed Stamford: 0 verified live social leads extracted.

📍 Scanning Town: Norwalk, CT (Target: ~15 leads)
   Found 6 candidate businesses in Norwalk.
✅ Completed Norwalk: 0 verified live social leads extracted.

📍 Scanning Town: Shelton, CT (Target: ~15 leads)
   Found 15 candidate businesses in Shelton.
✅ Completed Shelton: 0 verified live social leads extracted.

📍 Scanning Town: Bridgeport, CT (Target: ~15 leads)
   Found 25 candidate businesses in Bridgeport.
   [+] [FACEBOOK - LIVE VERIFIED] Mainport Fish & Chips (Bridgeport) -> Main-port-fish-and-chips-570958186579532 (https://www.facebook.com/Main-port-fish-and-chips-570958186579532)
✅ Completed Bridgeport: 1 verified live social leads extracted.

📍 Scanning Town: Stratford, CT (Target: ~15 leads)
   Found 16 candidate businesses in Stratford.
✅ Completed Stratford: 0 verified live social leads extracted.

📍 Scanning Town: Milford, CT (Target: ~15 leads)
   Found 21 candidate businesses in Milford.
✅ Completed Milford: 0 verified live social leads extracted.

📍 Scanning Town: Ansonia, CT (Target: ~15 leads)
   Found 8 candidate businesses in Ansonia.
✅ Completed Ansonia: 0 verified live social leads extracted.

📍 Scanning Town: Newtown, CT (Target: ~15 leads)
   Found 17 candidate businesses in Newtown.
✅ Completed Newtown: 0 verified live social leads extracted.

📍 Scanning Town: Westport, CT (Target: ~15 leads)
   Found 16 candidate businesses in Westport.
   [+] [FACEBOOK - LIVE VERIFIED] Viva Zapata (Westport) -> Viva-Zapata-Mexican-Restaurant-75537517939 (https://www.facebook.com/Viva-Zapata-Mexican-Restaurant-75537517939)
✅ Completed Westport: 1 verified live social leads extracted.

📍 Scanning Town: Danbury, CT (Target: ~15 leads)
   Found 3 candidate businesses in Danbury.
✅ Completed Danbury: 0 verified live social leads extracted.

📍 Scanning Town: Orange, CT (Target: ~15 leads)
   Found 1 candidate businesses in Orange.
✅ Completed Orange: 0 verified live social leads extracted.

📍 Scanning Town: Derby, CT (Target: ~15 leads)
   Found 4 candidate businesses in Derby.
✅ Completed Derby: 0 verified live social leads extracted.

📍 Scanning Town: Trumbull, CT (Target: ~15 leads)
   Found 8 candidate businesses in Trumbull.
✅ Completed Trumbull: 0 verified live social leads extracted.

📍 Scanning Town: West Haven, CT (Target: ~15 leads)
   Found 0 candidate businesses in West Haven.
✅ Completed West Haven: 0 verified live social leads extracted.

📍 Scanning Town: Greenwich, CT (Target: ~15 leads)
   Found 5 candidate businesses in Greenwich.
✅ Completed Greenwich: 0 verified live social leads extracted.

📍 Scanning Town: Ridgefield, CT (Target: ~15 leads)
   Found 19 candidate businesses in Ridgefield.
✅ Completed Ridgefield: 0 verified live social leads extracted.

📍 Scanning Town: Bethel, CT (Target: ~15 leads)
   Found 13 candidate businesses in Bethel.
✅ Completed Bethel: 0 verified live social leads extracted.

🎉 Total Verified Live Leads (IG: 50, FB: 68): 8
📊 Connecting to Google Sheet: 'FaceBook/Instagram Scraper'...
ℹ️ No new unique leads to append. All leads already in Google Sheet!
📊 Cycle #3 completed: Appended 0 new verified leads.
⏳ Sleeping for 16 minutes before next discovery cycle...

🔄 === Starting Discovery Cycle #4 ===
   Current Sheet Balance: 50 Instagram / 47 Facebook
🚀 Starting Balanced Social Media Lead Scraping for towns: Derby, Wilton, Westport, Trumbull, Fairfield, Ansonia, Bethel, Bridgeport, Ridgefield, Shelton, West Haven, Orange, Darien, Milford, Stamford, Stratford, Greenwich, Norwalk, Newtown, Monroe, Danbury

📍 Scanning Town: Derby, CT (Target: ~15 leads)
   Found 7 candidate businesses in Derby.
✅ Completed Derby: 0 verified live social leads extracted.

📍 Scanning Town: Wilton, CT (Target: ~15 leads)
   Found 4 candidate businesses in Wilton.
✅ Completed Wilton: 0 verified live social leads extracted.

📍 Scanning Town: Westport, CT (Target: ~15 leads)
   Found 17 candidate businesses in Westport.
   [+] [FACEBOOK - LIVE VERIFIED] Viva Zapata (Westport) -> Viva-Zapata-Mexican-Restaurant-75537517939 (https://www.facebook.com/Viva-Zapata-Mexican-Restaurant-75537517939)
✅ Completed Westport: 1 verified live social leads extracted.

📍 Scanning Town: Trumbull, CT (Target: ~15 leads)
   Found 8 candidate businesses in Trumbull.
✅ Completed Trumbull: 0 verified live social leads extracted.

📍 Scanning Town: Fairfield, CT (Target: ~15 leads)
   Found 14 candidate businesses in Fairfield.
✅ Completed Fairfield: 0 verified live social leads extracted.

📍 Scanning Town: Ansonia, CT (Target: ~15 leads)
   Found 10 candidate businesses in Ansonia.
✅ Completed Ansonia: 0 verified live social leads extracted.

📍 Scanning Town: Bethel, CT (Target: ~15 leads)
   Found 13 candidate businesses in Bethel.
✅ Completed Bethel: 0 verified live social leads extracted.

📍 Scanning Town: Bridgeport, CT (Target: ~15 leads)
   Found 25 candidate businesses in Bridgeport.
   [+] [FACEBOOK - LIVE VERIFIED] Mainport Fish & Chips (Bridgeport) -> Main-port-fish-and-chips-570958186579532 (https://www.facebook.com/Main-port-fish-and-chips-570958186579532)
✅ Completed Bridgeport: 1 verified live social leads extracted.

📍 Scanning Town: Ridgefield, CT (Target: ~15 leads)
   Found 20 candidate businesses in Ridgefield.
✅ Completed Ridgefield: 0 verified live social leads extracted.

📍 Scanning Town: Shelton, CT (Target: ~15 leads)
   Found 13 candidate businesses in Shelton.
✅ Completed Shelton: 0 verified live social leads extracted.

📍 Scanning Town: West Haven, CT (Target: ~15 leads)
   Found 0 candidate businesses in West Haven.
✅ Completed West Haven: 0 verified live social leads extracted.

📍 Scanning Town: Orange, CT (Target: ~15 leads)
   Found 1 candidate businesses in Orange.
✅ Completed Orange: 0 verified live social leads extracted.

📍 Scanning Town: Darien, CT (Target: ~15 leads)
   Found 3 candidate businesses in Darien.
✅ Completed Darien: 0 verified live social leads extracted.

📍 Scanning Town: Milford, CT (Target: ~15 leads)
   Found 20 candidate businesses in Milford.
✅ Completed Milford: 0 verified live social leads extracted.

📍 Scanning Town: Stamford, CT (Target: ~15 leads)
   Found 21 candidate businesses in Stamford.
✅ Completed Stamford: 0 verified live social leads extracted.

📍 Scanning Town: Stratford, CT (Target: ~15 leads)
   Found 16 candidate businesses in Stratford.
✅ Completed Stratford: 0 verified live social leads extracted.

📍 Scanning Town: Greenwich, CT (Target: ~15 leads)
   Found 4 candidate businesses in Greenwich.
✅ Completed Greenwich: 0 verified live social leads extracted.

📍 Scanning Town: Norwalk, CT (Target: ~15 leads)
   Found 6 candidate businesses in Norwalk.
✅ Completed Norwalk: 0 verified live social leads extracted.

📍 Scanning Town: Newtown, CT (Target: ~15 leads)
   Found 17 candidate businesses in Newtown.
✅ Completed Newtown: 0 verified live social leads extracted.

📍 Scanning Town: Monroe, CT (Target: ~15 leads)
   Found 11 candidate businesses in Monroe.
✅ Completed Monroe: 0 verified live social leads extracted.

📍 Scanning Town: Danbury, CT (Target: ~15 leads)
   Found 3 candidate businesses in Danbury.
✅ Completed Danbury: 0 verified live social leads extracted.

🎉 Total Verified Live Leads (IG: 50, FB: 57): 2
📊 Connecting to Google Sheet: 'FaceBook/Instagram Scraper'...
ℹ️ No new unique leads to append. All leads already in Google Sheet!
📊 Cycle #4 completed: Appended 0 new verified leads.
⏳ Sleeping for 13 minutes before next discovery cycle...

🔄 === Starting Discovery Cycle #5 ===
   Current Sheet Balance: 50 Instagram / 47 Facebook
🚀 Starting Balanced Social Media Lead Scraping for towns: Stamford, Darien, Wilton, Monroe, Shelton, Ridgefield, Trumbull, Norwalk, Derby, West Haven, Danbury, Bethel, Stratford, Newtown, Westport, Greenwich, Fairfield, Orange, Ansonia, Bridgeport, Milford

📍 Scanning Town: Stamford, CT (Target: ~15 leads)
   Found 23 candidate businesses in Stamford.
✅ Completed Stamford: 0 verified live social leads extracted.

📍 Scanning Town: Darien, CT (Target: ~15 leads)
   Found 3 candidate businesses in Darien.
✅ Completed Darien: 0 verified live social leads extracted.

📍 Scanning Town: Wilton, CT (Target: ~15 leads)
   Found 4 candidate businesses in Wilton.
✅ Completed Wilton: 0 verified live social leads extracted.

📍 Scanning Town: Monroe, CT (Target: ~15 leads)
   Found 12 candidate businesses in Monroe.
✅ Completed Monroe: 0 verified live social leads extracted.

📍 Scanning Town: Shelton, CT (Target: ~15 leads)
   Found 16 candidate businesses in Shelton.
✅ Completed Shelton: 0 verified live social leads extracted.

📍 Scanning Town: Ridgefield, CT (Target: ~15 leads)
   Found 20 candidate businesses in Ridgefield.
✅ Completed Ridgefield: 0 verified live social leads extracted.

📍 Scanning Town: Trumbull, CT (Target: ~15 leads)
   Found 8 candidate businesses in Trumbull.
✅ Completed Trumbull: 0 verified live social leads extracted.

📍 Scanning Town: Norwalk, CT (Target: ~15 leads)
   Found 6 candidate businesses in Norwalk.
✅ Completed Norwalk: 0 verified live social leads extracted.

📍 Scanning Town: Derby, CT (Target: ~15 leads)
   Found 6 candidate businesses in Derby.
✅ Completed Derby: 0 verified live social leads extracted.

📍 Scanning Town: West Haven, CT (Target: ~15 leads)
   Found 0 candidate businesses in West Haven.
✅ Completed West Haven: 0 verified live social leads extracted.

📍 Scanning Town: Danbury, CT (Target: ~15 leads)
   Found 3 candidate businesses in Danbury.
✅ Completed Danbury: 0 verified live social leads extracted.

📍 Scanning Town: Bethel, CT (Target: ~15 leads)
   Found 13 candidate businesses in Bethel.
✅ Completed Bethel: 0 verified live social leads extracted.

📍 Scanning Town: Stratford, CT (Target: ~15 leads)
   Found 16 candidate businesses in Stratford.
✅ Completed Stratford: 0 verified live social leads extracted.

📍 Scanning Town: Newtown, CT (Target: ~15 leads)
   Found 17 candidate businesses in Newtown.
✅ Completed Newtown: 0 verified live social leads extracted.

📍 Scanning Town: Westport, CT (Target: ~15 leads)
   Found 16 candidate businesses in Westport.
   [+] [FACEBOOK - LIVE VERIFIED] Viva Zapata (Westport) -> Viva-Zapata-Mexican-Restaurant-75537517939 (https://www.facebook.com/Viva-Zapata-Mexican-Restaurant-75537517939)
✅ Completed Westport: 1 verified live social leads extracted.

📍 Scanning Town: Greenwich, CT (Target: ~15 leads)
   Found 4 candidate businesses in Greenwich.
✅ Completed Greenwich: 0 verified live social leads extracted.

📍 Scanning Town: Fairfield, CT (Target: ~15 leads)
   Found 13 candidate businesses in Fairfield.
✅ Completed Fairfield: 0 verified live social leads extracted.

📍 Scanning Town: Orange, CT (Target: ~15 leads)
   Found 1 candidate businesses in Orange.
✅ Completed Orange: 0 verified live social leads extracted.

📍 Scanning Town: Ansonia, CT (Target: ~15 leads)
   Found 7 candidate businesses in Ansonia.
✅ Completed Ansonia: 0 verified live social leads extracted.

📍 Scanning Town: Bridgeport, CT (Target: ~15 leads)
   Found 25 candidate businesses in Bridgeport.
   [+] [FACEBOOK - LIVE VERIFIED] Awesom Sauce Caribbean Restaurant (Bridgeport) -> Awesome-Sauce-Caribbean-Flavors-765077306876293 (https://www.facebook.com/Awesome-Sauce-Caribbean-Flavors-765077306876293)
   [+] [FACEBOOK - LIVE VERIFIED] Mainport Fish & Chips (Bridgeport) -> Main-port-fish-and-chips-570958186579532 (https://www.facebook.com/Main-port-fish-and-chips-570958186579532)
✅ Completed Bridgeport: 2 verified live social leads extracted.

📍 Scanning Town: Milford, CT (Target: ~15 leads)
   Found 20 candidate businesses in Milford.
✅ Completed Milford: 0 verified live social leads extracted.

🎉 Total Verified Live Leads (IG: 50, FB: 58): 3
📊 Connecting to Google Sheet: 'FaceBook/Instagram Scraper'...
📥 Appending 1 brand-new verified social leads to Google Sheet...
✅ Successfully appended! Total rows in sheet now: 99
📊 Cycle #5 completed: Appended 1 new verified leads.
⏳ Sleeping for 11 minutes before next discovery cycle...

🔄 === Starting Discovery Cycle #6 ===
   Current Sheet Balance: 50 Instagram / 48 Facebook
🚀 Starting Balanced Social Media Lead Scraping for towns: Shelton, Fairfield, Westport, Milford, Ansonia, Danbury, Derby, Orange, Bethel, Wilton, Darien, Newtown, Bridgeport, Ridgefield, Norwalk, West Haven, Monroe, Greenwich, Trumbull, Stamford, Stratford

📍 Scanning Town: Shelton, CT (Target: ~15 leads)
   Found 18 candidate businesses in Shelton.
✅ Completed Shelton: 0 verified live social leads extracted.

📍 Scanning Town: Fairfield, CT (Target: ~15 leads)
   Found 13 candidate businesses in Fairfield.
✅ Completed Fairfield: 0 verified live social leads extracted.

📍 Scanning Town: Westport, CT (Target: ~15 leads)
   Found 17 candidate businesses in Westport.
   [+] [FACEBOOK - LIVE VERIFIED] Viva Zapata (Westport) -> Viva-Zapata-Mexican-Restaurant-75537517939 (https://www.facebook.com/Viva-Zapata-Mexican-Restaurant-75537517939)
✅ Completed Westport: 1 verified live social leads extracted.

📍 Scanning Town: Milford, CT (Target: ~15 leads)
   Found 21 candidate businesses in Milford.
✅ Completed Milford: 0 verified live social leads extracted.

📍 Scanning Town: Ansonia, CT (Target: ~15 leads)
   Found 8 candidate businesses in Ansonia.
✅ Completed Ansonia: 0 verified live social leads extracted.

📍 Scanning Town: Danbury, CT (Target: ~15 leads)
   Found 3 candidate businesses in Danbury.
✅ Completed Danbury: 0 verified live social leads extracted.

📍 Scanning Town: Derby, CT (Target: ~15 leads)
   Found 4 candidate businesses in Derby.
   [+] [FACEBOOK - LIVE VERIFIED] River Rock Tavern (Derby) -> River-Rock-Tavern-106652167594479 (https://www.facebook.com/River-Rock-Tavern-106652167594479)
✅ Completed Derby: 1 verified live social leads extracted.

📍 Scanning Town: Orange, CT (Target: ~15 leads)
   Found 1 candidate businesses in Orange.
✅ Completed Orange: 0 verified live social leads extracted.

📍 Scanning Town: Bethel, CT (Target: ~15 leads)
   Found 13 candidate businesses in Bethel.
✅ Completed Bethel: 0 verified live social leads extracted.

📍 Scanning Town: Wilton, CT (Target: ~15 leads)
   Found 4 candidate businesses in Wilton.
✅ Completed Wilton: 0 verified live social leads extracted.

📍 Scanning Town: Darien, CT (Target: ~15 leads)
   Found 3 candidate businesses in Darien.
✅ Completed Darien: 0 verified live social leads extracted.

📍 Scanning Town: Newtown, CT (Target: ~15 leads)
   Found 17 candidate businesses in Newtown.
✅ Completed Newtown: 0 verified live social leads extracted.

📍 Scanning Town: Bridgeport, CT (Target: ~15 leads)
   Found 25 candidate businesses in Bridgeport.
   [+] [FACEBOOK - LIVE VERIFIED] Mainport Fish & Chips (Bridgeport) -> Main-port-fish-and-chips-570958186579532 (https://www.facebook.com/Main-port-fish-and-chips-570958186579532)
✅ Completed Bridgeport: 1 verified live social leads extracted.

📍 Scanning Town: Ridgefield, CT (Target: ~15 leads)
   Found 20 candidate businesses in Ridgefield.
✅ Completed Ridgefield: 0 verified live social leads extracted.

📍 Scanning Town: Norwalk, CT (Target: ~15 leads)
   Found 6 candidate businesses in Norwalk.
✅ Completed Norwalk: 0 verified live social leads extracted.

📍 Scanning Town: West Haven, CT (Target: ~15 leads)
   Found 0 candidate businesses in West Haven.
✅ Completed West Haven: 0 verified live social leads extracted.

📍 Scanning Town: Monroe, CT (Target: ~15 leads)
   Found 11 candidate businesses in Monroe.
✅ Completed Monroe: 0 verified live social leads extracted.

📍 Scanning Town: Greenwich, CT (Target: ~15 leads)
   Found 5 candidate businesses in Greenwich.
✅ Completed Greenwich: 0 verified live social leads extracted.

📍 Scanning Town: Trumbull, CT (Target: ~15 leads)
   Found 8 candidate businesses in Trumbull.
✅ Completed Trumbull: 0 verified live social leads extracted.

📍 Scanning Town: Stamford, CT (Target: ~15 leads)
   Found 20 candidate businesses in Stamford.
✅ Completed Stamford: 0 verified live social leads extracted.

📍 Scanning Town: Stratford, CT (Target: ~15 leads)
   Found 16 candidate businesses in Stratford.
✅ Completed Stratford: 0 verified live social leads extracted.

🎉 Total Verified Live Leads (IG: 50, FB: 62): 3
📊 Connecting to Google Sheet: 'FaceBook/Instagram Scraper'...
📥 Appending 1 brand-new verified social leads to Google Sheet...
✅ Successfully appended! Total rows in sheet now: 100
📊 Cycle #6 completed: Appended 1 new verified leads.
⏳ Sleeping for 11 minutes before next discovery cycle...

🔄 === Starting Discovery Cycle #7 ===
   Current Sheet Balance: 50 Instagram / 49 Facebook
🚀 Starting Balanced Social Media Lead Scraping for towns: Orange, Monroe, Ridgefield, Fairfield, Derby, Bethel, Trumbull, Danbury, Wilton, Stamford, Norwalk, Ansonia, West Haven, Shelton, Stratford, Westport, Bridgeport, Milford, Darien, Greenwich, Newtown

📍 Scanning Town: Orange, CT (Target: ~15 leads)
/Users/andresmcmahon/Documents/LANGUAGE TOOL/.venv/lib/python3.9/site-packages/google/auth/__init__.py:54: FutureWarning: You are using a Python version 3.9 past its end of life. Google will update google-auth with critical bug fixes on a best-effort basis, but not with any other fixes or features. Please upgrade your Python version, and then update google-auth.
  warnings.warn(eol_message.format("3.9"), FutureWarning)
/Users/andresmcmahon/Documents/LANGUAGE TOOL/.venv/lib/python3.9/site-packages/google/oauth2/__init__.py:40: FutureWarning: You are using a Python version 3.9 past its end of life. Google will update google-auth with critical bug fixes on a best-effort basis, but not with any other fixes or features. Please upgrade your Python version, and then update google-auth.
  warnings.warn(eol_message.format("3.9"), FutureWarning)
/Users/andresmcmahon/Documents/LANGUAGE TOOL/.venv/lib/python3.9/site-packages/urllib3/__init__.py:35: NotOpenSSLWarning: urllib3 v2 only supports OpenSSL 1.1.1+, currently the 'ssl' module is compiled with 'LibreSSL 2.8.3'. See: https://github.com/urllib3/urllib3/issues/3020
  warnings.warn(
=================================================================
 🚀 DuoTaps Balanced Social Media Lead Scraper (IG & FB)
=================================================================
Excluded Towns: new canaan
Target Towns: Stamford, Greenwich, Norwalk, Westport, Fairfield, Darien, Wilton, Ridgefield, Bridgeport, Trumbull, Milford, Stratford, Shelton, Bethel, Danbury, Newtown, Monroe, Orange, West Haven, Derby, Ansonia
Destination: Google Sheet 'FaceBook/Instagram Scraper' (Append-Only)
=================================================================

🔄 === Starting Discovery Cycle #1 ===
   Current Sheet Balance: 50 Instagram / 49 Facebook
🚀 Starting Balanced Social Media Lead Scraping for towns: Bethel, Milford, Norwalk, Fairfield, Ansonia, Greenwich, Stamford, Westport, Danbury, West Haven, Darien, Ridgefield, Wilton, Newtown, Bridgeport, Orange, Monroe, Trumbull, Shelton, Derby, Stratford

📍 Scanning Town: Bethel, CT (Target: ~15 leads)
   Found 13 candidate businesses in Bethel.
   [+] [INSTAGRAM - LIVE VERIFIED] Holy Rollie Pastry Shop (Bethel) -> @holyrolliepastryshop (https://www.instagram.com/holyrolliepastryshop/)
✅ Completed Bethel: 1 verified live social leads extracted.

📍 Scanning Town: Milford, CT (Target: ~15 leads)
   Found 21 candidate businesses in Milford.
   [+] [INSTAGRAM - LIVE VERIFIED] Cafe Atlantique (Milford) -> @cafe_atlantique (https://www.instagram.com/cafe_atlantique/)
   [+] [INSTAGRAM - LIVE VERIFIED] The Whale Tea (Milford) -> @whaletea.milford (https://www.instagram.com/whaletea.milford/)
   [+] [INSTAGRAM - LIVE VERIFIED] Archie Moore's (Milford) -> @archiemooresnh (https://www.instagram.com/archiemooresnh/)
✅ Completed Milford: 3 verified live social leads extracted.

📍 Scanning Town: Norwalk, CT (Target: ~15 leads)
   Found 6 candidate businesses in Norwalk.
✅ Completed Norwalk: 0 verified live social leads extracted.

📍 Scanning Town: Fairfield, CT (Target: ~15 leads)
   Found 14 candidate businesses in Fairfield.
✅ Completed Fairfield: 0 verified live social leads extracted.

📍 Scanning Town: Ansonia, CT (Target: ~15 leads)
   Found 11 candidate businesses in Ansonia.
   [+] [INSTAGRAM - LIVE VERIFIED] Common Grounds (Ansonia) -> @commongroundsbranford (https://www.instagram.com/commongroundsbranford/)
   [+] [INSTAGRAM - LIVE VERIFIED] Dew Drop Inn (Ansonia) -> @dewdropinnct (https://www.instagram.com/dewdropinnct/)
   [+] [FACEBOOK - LIVE VERIFIED] Palma (Ansonia) -> resturantpalma (https://www.facebook.com/resturantpalma)
   [+] [INSTAGRAM - LIVE VERIFIED] Relish Wine Bar & Grill (Ansonia) -> @relishansonia (https://www.instagram.com/relishansonia/)
✅ Completed Ansonia: 4 verified live social leads extracted.

📍 Scanning Town: Greenwich, CT (Target: ~15 leads)
   Found 6 candidate businesses in Greenwich.
   [+] [FACEBOOK - LIVE VERIFIED] Le Pain Quotidien (Greenwich) -> lepainquotidienus (https://www.facebook.com/lepainquotidienus)
   [+] [INSTAGRAM - LIVE VERIFIED] COBS Bread (Greenwich) -> @cobsbread (https://www.instagram.com/cobsbread/)
   [+] [FACEBOOK - LIVE VERIFIED] CFCF Coffee (Greenwich) -> cfcfroasters (https://www.facebook.com/cfcfroasters)
   [+] [FACEBOOK - LIVE VERIFIED] Planet Pizza (Greenwich) -> PlanetPizzaofGreenwich (https://www.facebook.com/PlanetPizzaofGreenwich)
✅ Completed Greenwich: 4 verified live social leads extracted.

📍 Scanning Town: Stamford, CT (Target: ~15 leads)
   Found 22 candidate businesses in Stamford.
   [+] [FACEBOOK - LIVE VERIFIED] Honey Joe’s Family Coffeehouse (Stamford) -> HoneyJoesCoffee (https://www.facebook.com/HoneyJoesCoffee)
   [+] [INSTAGRAM - LIVE VERIFIED] Zaza (Stamford) -> @zazagastrobar (https://www.instagram.com/zazagastrobar/)
   [+] [INSTAGRAM - LIVE VERIFIED] Remo's (Stamford) -> @remosbrickovenpizza (https://www.instagram.com/remosbrickovenpizza/)
   [+] [FACEBOOK - LIVE VERIFIED] Bartaco (Stamford) -> bartacolife (https://www.facebook.com/bartacolife)
   [+] [FACEBOOK - LIVE VERIFIED] Hudson Social (Stamford) -> hudsonsocialstamford (https://www.facebook.com/hudsonsocialstamford)
✅ Completed Stamford: 5 verified live social leads extracted.

📍 Scanning Town: Westport, CT (Target: ~15 leads)
   Found 16 candidate businesses in Westport.
   [+] [INSTAGRAM - LIVE VERIFIED] Green & Tonic (Westport) -> @greenandtonic (https://www.instagram.com/greenandtonic/)
   [+] [FACEBOOK - LIVE VERIFIED] OKO (Westport) -> OKOKitchen (https://www.facebook.com/OKOKitchen)
   [+] [FACEBOOK - LIVE VERIFIED] Viva Zapata (Westport) -> Viva-Zapata-Mexican-Restaurant-75537517939 (https://www.facebook.com/Viva-Zapata-Mexican-Restaurant-75537517939)
✅ Completed Westport: 3 verified live social leads extracted.

📍 Scanning Town: Danbury, CT (Target: ~15 leads)
   Found 3 candidate businesses in Danbury.
✅ Completed Danbury: 0 verified live social leads extracted.

📍 Scanning Town: West Haven, CT (Target: ~15 leads)
   Found 1 candidate businesses in West Haven.
✅ Completed West Haven: 0 verified live social leads extracted.

📍 Scanning Town: Darien, CT (Target: ~15 leads)
   Found 3 candidate businesses in Darien.
✅ Completed Darien: 0 verified live social leads extracted.

📍 Scanning Town: Ridgefield, CT (Target: ~15 leads)
   Found 19 candidate businesses in Ridgefield.
   [+] [FACEBOOK - LIVE VERIFIED] Ross Artisanal Bakery & Cafe (Ridgefield) -> RossBreadShoppe (https://www.facebook.com/RossBreadShoppe)
   [+] [FACEBOOK - LIVE VERIFIED] Prime Burger (Ridgefield) -> PrimeBurger203 (https://www.facebook.com/PrimeBurger203)
   [+] [INSTAGRAM - LIVE VERIFIED] Bare Burger (Ridgefield) -> @bareburger (https://www.instagram.com/bareburger/)
✅ Completed Ridgefield: 3 verified live social leads extracted.

📍 Scanning Town: Wilton, CT (Target: ~15 leads)
   Found 4 candidate businesses in Wilton.
   [+] [FACEBOOK - LIVE VERIFIED] Orem's Diner (Wilton) -> OremsDiner (https://www.facebook.com/OremsDiner)
   [+] [FACEBOOK - LIVE VERIFIED] Heibeck’s Stand (Wilton) -> HeibecksStand (https://www.facebook.com/HeibecksStand)
✅ Completed Wilton: 2 verified live social leads extracted.

📍 Scanning Town: Newtown, CT (Target: ~15 leads)
   Found 17 candidate businesses in Newtown.
✅ Completed Newtown: 0 verified live social leads extracted.

📍 Scanning Town: Bridgeport, CT (Target: ~15 leads)
   Found 25 candidate businesses in Bridgeport.
   [+] [FACEBOOK - LIVE VERIFIED] Ralph n Rich's (Bridgeport) -> ralphnrichs (https://www.facebook.com/ralphnrichs)
   [+] [FACEBOOK - LIVE VERIFIED] Mainport Fish & Chips (Bridgeport) -> Main-port-fish-and-chips-570958186579532 (https://www.facebook.com/Main-port-fish-and-chips-570958186579532)
✅ Completed Bridgeport: 2 verified live social leads extracted.

📍 Scanning Town: Orange, CT (Target: ~15 leads)
   Found 1 candidate businesses in Orange.
✅ Completed Orange: 0 verified live social leads extracted.

📍 Scanning Town: Monroe, CT (Target: ~15 leads)
   Found 12 candidate businesses in Monroe.
✅ Completed Monroe: 0 verified live social leads extracted.

📍 Scanning Town: Trumbull, CT (Target: ~15 leads)
   Found 8 candidate businesses in Trumbull.
   [+] [FACEBOOK - LIVE VERIFIED] Plasko's Farm (Trumbull) -> plaskofarm (https://www.facebook.com/plaskofarm)
   [+] [FACEBOOK - LIVE VERIFIED] The Cheesecake Factory (Trumbull) -> thecheesecakefactory (https://www.facebook.com/thecheesecakefactory)
✅ Completed Trumbull: 2 verified live social leads extracted.

📍 Scanning Town: Shelton, CT (Target: ~15 leads)
   Found 11 candidate businesses in Shelton.
✅ Completed Shelton: 0 verified live social leads extracted.

📍 Scanning Town: Derby, CT (Target: ~15 leads)
   Found 3 candidate businesses in Derby.
✅ Completed Derby: 0 verified live social leads extracted.

📍 Scanning Town: Stratford, CT (Target: ~15 leads)
   Found 16 candidate businesses in Stratford.
   [+] [FACEBOOK - LIVE VERIFIED] The Ninety Nine (Stratford) -> 99restaurants (https://www.facebook.com/99restaurants)
   [+] [FACEBOOK - LIVE VERIFIED] Fairfield Pizza (Stratford) -> fairfieldpizzaofct (https://www.facebook.com/fairfieldpizzaofct)
✅ Completed Stratford: 2 verified live social leads extracted.

🎉 Total Verified Live Leads (IG: 83, FB: 105): 31
📊 Connecting to Google Sheet: 'FaceBook/Instagram Scraper'...
📥 Appending 6 brand-new verified social leads to Google Sheet...
✅ Successfully appended! Total rows in sheet now: 106
📊 Cycle #1 completed: Appended 6 new verified leads.
⏳ Sleeping for 13 minutes before next discovery cycle...

🔄 === Starting Discovery Cycle #2 ===
   Current Sheet Balance: 53 Instagram / 52 Facebook
🚀 Starting Balanced Social Media Lead Scraping for towns: Greenwich, Fairfield, Shelton, West Haven, Danbury, Wilton, Ansonia, Orange, Stamford, Bethel, Ridgefield, Trumbull, Derby, Newtown, Monroe, Norwalk, Darien, Milford, Stratford, Westport, Bridgeport

📍 Scanning Town: Greenwich, CT (Target: ~15 leads)
   Found 6 candidate businesses in Greenwich.
   [+] [FACEBOOK - LIVE VERIFIED] Le Pain Quotidien (Greenwich) -> lepainquotidienus (https://www.facebook.com/lepainquotidienus)
   [+] [FACEBOOK - LIVE VERIFIED] CFCF Coffee (Greenwich) -> cfcfroasters (https://www.facebook.com/cfcfroasters)
   [+] [FACEBOOK - LIVE VERIFIED] Cady's Tea Room (Greenwich) -> cadystearoom (https://www.facebook.com/cadystearoom)
✅ Completed Greenwich: 3 verified live social leads extracted.

📍 Scanning Town: Fairfield, CT (Target: ~15 leads)
   Found 14 candidate businesses in Fairfield.
   [+] [FACEBOOK - LIVE VERIFIED] Isabella et Vincent (Fairfield) -> isabelleetvincentbakery (https://www.facebook.com/isabelleetvincentbakery)
✅ Completed Fairfield: 1 verified live social leads extracted.

📍 Scanning Town: Shelton, CT (Target: ~15 leads)
   Found 17 candidate businesses in Shelton.
✅ Completed Shelton: 0 verified live social leads extracted.

📍 Scanning Town: West Haven, CT (Target: ~15 leads)
   Found 1 candidate businesses in West Haven.
✅ Completed West Haven: 0 verified live social leads extracted.

📍 Scanning Town: Danbury, CT (Target: ~15 leads)
   Found 3 candidate businesses in Danbury.
✅ Completed Danbury: 0 verified live social leads extracted.

📍 Scanning Town: Wilton, CT (Target: ~15 leads)
   Found 4 candidate businesses in Wilton.
   [+] [FACEBOOK - LIVE VERIFIED] Orem's Diner (Wilton) -> OremsDiner (https://www.facebook.com/OremsDiner)
   [+] [FACEBOOK - LIVE VERIFIED] Outback Steakhouse (Wilton) -> outback (https://www.facebook.com/outback)
   [+] [FACEBOOK - LIVE VERIFIED] Heibeck’s Stand (Wilton) -> HeibecksStand (https://www.facebook.com/HeibecksStand)
✅ Completed Wilton: 3 verified live social leads extracted.

📍 Scanning Town: Ansonia, CT (Target: ~15 leads)
   Found 7 candidate businesses in Ansonia.
   [+] [FACEBOOK - LIVE VERIFIED] Palma (Ansonia) -> resturantpalma (https://www.facebook.com/resturantpalma)
✅ Completed Ansonia: 1 verified live social leads extracted.

📍 Scanning Town: Orange, CT (Target: ~15 leads)
   Found 1 candidate businesses in Orange.
✅ Completed Orange: 0 verified live social leads extracted.

📍 Scanning Town: Stamford, CT (Target: ~15 leads)
   Found 7 candidate businesses in Stamford.
   [+] [FACEBOOK - LIVE VERIFIED] Winfield Street Coffee (Stamford) -> winfieldstreetcoffee (https://www.facebook.com/winfieldstreetcoffee)
   [+] [FACEBOOK - LIVE VERIFIED] Honey Joe’s Family Coffeehouse (Stamford) -> HoneyJoesCoffee (https://www.facebook.com/HoneyJoesCoffee)
✅ Completed Stamford: 2 verified live social leads extracted.

📍 Scanning Town: Bethel, CT (Target: ~15 leads)
   Found 0 candidate businesses in Bethel.
✅ Completed Bethel: 0 verified live social leads extracted.

📍 Scanning Town: Ridgefield, CT (Target: ~15 leads)
   Found 0 candidate businesses in Ridgefield.
✅ Completed Ridgefield: 0 verified live social leads extracted.

📍 Scanning Town: Trumbull, CT (Target: ~15 leads)
   Found 0 candidate businesses in Trumbull.
✅ Completed Trumbull: 0 verified live social leads extracted.

📍 Scanning Town: Derby, CT (Target: ~15 leads)
   Found 4 candidate businesses in Derby.
✅ Completed Derby: 0 verified live social leads extracted.

📍 Scanning Town: Newtown, CT (Target: ~15 leads)
   Found 17 candidate businesses in Newtown.
   [+] [INSTAGRAM - LIVE VERIFIED] Blue Colony Diner (Newtown) -> @bluecolonydiner_ (https://www.instagram.com/bluecolonydiner_/)
✅ Completed Newtown: 1 verified live social leads extracted.

📍 Scanning Town: Monroe, CT (Target: ~15 leads)
   Found 0 candidate businesses in Monroe.
✅ Completed Monroe: 0 verified live social leads extracted.

📍 Scanning Town: Norwalk, CT (Target: ~15 leads)
   Found 0 candidate businesses in Norwalk.
✅ Completed Norwalk: 0 verified live social leads extracted.

📍 Scanning Town: Darien, CT (Target: ~15 leads)
   Found 0 candidate businesses in Darien.
✅ Completed Darien: 0 verified live social leads extracted.

📍 Scanning Town: Milford, CT (Target: ~15 leads)
   Found 0 candidate businesses in Milford.
✅ Completed Milford: 0 verified live social leads extracted.

📍 Scanning Town: Stratford, CT (Target: ~15 leads)
   Found 0 candidate businesses in Stratford.
✅ Completed Stratford: 0 verified live social leads extracted.

📍 Scanning Town: Westport, CT (Target: ~15 leads)
   Found 0 candidate businesses in Westport.
✅ Completed Westport: 0 verified live social leads extracted.

📍 Scanning Town: Bridgeport, CT (Target: ~15 leads)
   Found 0 candidate businesses in Bridgeport.
✅ Completed Bridgeport: 0 verified live social leads extracted.

🎉 Total Verified Live Leads (IG: 56, FB: 76): 11
📊 Connecting to Google Sheet: 'FaceBook/Instagram Scraper'...
ℹ️ No new unique leads to append. All leads already in Google Sheet!
📊 Cycle #2 completed: Appended 0 new verified leads.
⏳ Sleeping for 16 minutes before next discovery cycle...

🔄 === Starting Discovery Cycle #3 ===
   Current Sheet Balance: 53 Instagram / 52 Facebook
🚀 Starting Balanced Social Media Lead Scraping for towns: Shelton, Newtown, Ridgefield, Greenwich, Stamford, Fairfield, Ansonia, West Haven, Bridgeport, Wilton, Monroe, Bethel, Norwalk, Orange, Stratford, Derby, Trumbull, Danbury, Westport, Darien, Milford

📍 Scanning Town: Shelton, CT (Target: ~15 leads)
   Found 18 candidate businesses in Shelton.
✅ Completed Shelton: 0 verified live social leads extracted.

📍 Scanning Town: Newtown, CT (Target: ~15 leads)
   Found 17 candidate businesses in Newtown.
✅ Completed Newtown: 0 verified live social leads extracted.

📍 Scanning Town: Ridgefield, CT (Target: ~15 leads)
   Found 20 candidate businesses in Ridgefield.
   [+] [FACEBOOK - LIVE VERIFIED] Ross Artisanal Bakery & Cafe (Ridgefield) -> RossBreadShoppe (https://www.facebook.com/RossBreadShoppe)
   [+] [FACEBOOK - LIVE VERIFIED] Queen B Coffee Company (Ridgefield) -> queenbcoffeecompany (https://www.facebook.com/queenbcoffeecompany)
   [+] [FACEBOOK - LIVE VERIFIED] Bobo's Cafe (Ridgefield) -> Boboscafes (https://www.facebook.com/Boboscafes)
   [+] [FACEBOOK - LIVE VERIFIED] Bailey's Backyard (Ridgefield) -> 158110456494 (https://www.facebook.com/158110456494)
   [+] [FACEBOOK - LIVE VERIFIED] Prime Burger (Ridgefield) -> PrimeBurger203 (https://www.facebook.com/PrimeBurger203)
   [+] [FACEBOOK - LIVE VERIFIED] Gallo (Ridgefield) -> galloridgefield (https://www.facebook.com/galloridgefield)
✅ Completed Ridgefield: 6 verified live social leads extracted.

📍 Scanning Town: Greenwich, CT (Target: ~15 leads)
   Found 5 candidate businesses in Greenwich.
   [+] [FACEBOOK - LIVE VERIFIED] Le Pain Quotidien (Greenwich) -> lepainquotidienus (https://www.facebook.com/lepainquotidienus)
   [+] [FACEBOOK - LIVE VERIFIED] CFCF Coffee (Greenwich) -> cfcfroasters (https://www.facebook.com/cfcfroasters)
   [+] [FACEBOOK - LIVE VERIFIED] Cady's Tea Room (Greenwich) -> cadystearoom (https://www.facebook.com/cadystearoom)
✅ Completed Greenwich: 3 verified live social leads extracted.

📍 Scanning Town: Stamford, CT (Target: ~15 leads)
   Found 21 candidate businesses in Stamford.
   [+] [FACEBOOK - LIVE VERIFIED] Winfield Street Coffee (Stamford) -> winfieldstreetcoffee (https://www.facebook.com/winfieldstreetcoffee)
   [+] [FACEBOOK - LIVE VERIFIED] Honey Joe’s Family Coffeehouse (Stamford) -> HoneyJoesCoffee (https://www.facebook.com/HoneyJoesCoffee)
   [+] [FACEBOOK - LIVE VERIFIED] Bartaco (Stamford) -> bartacolife (https://www.facebook.com/bartacolife)
   [+] [FACEBOOK - LIVE VERIFIED] Hudson Social (Stamford) -> hudsonsocialstamford (https://www.facebook.com/hudsonsocialstamford)
✅ Completed Stamford: 4 verified live social leads extracted.

📍 Scanning Town: Fairfield, CT (Target: ~15 leads)
   Found 13 candidate businesses in Fairfield.
   [+] [FACEBOOK - LIVE VERIFIED] Isabella et Vincent (Fairfield) -> isabelleetvincentbakery (https://www.facebook.com/isabelleetvincentbakery)
✅ Completed Fairfield: 1 verified live social leads extracted.

📍 Scanning Town: Ansonia, CT (Target: ~15 leads)
   Found 7 candidate businesses in Ansonia.
   [+] [FACEBOOK - LIVE VERIFIED] Palma (Ansonia) -> resturantpalma (https://www.facebook.com/resturantpalma)
✅ Completed Ansonia: 1 verified live social leads extracted.

📍 Scanning Town: West Haven, CT (Target: ~15 leads)
   Found 1 candidate businesses in West Haven.
✅ Completed West Haven: 0 verified live social leads extracted.

📍 Scanning Town: Bridgeport, CT (Target: ~15 leads)
   Found 25 candidate businesses in Bridgeport.
   [+] [FACEBOOK - LIVE VERIFIED] Ralph n Rich's (Bridgeport) -> ralphnrichs (https://www.facebook.com/ralphnrichs)
   [+] [FACEBOOK - LIVE VERIFIED] Mainport Fish & Chips (Bridgeport) -> Main-port-fish-and-chips-570958186579532 (https://www.facebook.com/Main-port-fish-and-chips-570958186579532)
✅ Completed Bridgeport: 2 verified live social leads extracted.

📍 Scanning Town: Wilton, CT (Target: ~15 leads)
   Found 0 candidate businesses in Wilton.
✅ Completed Wilton: 0 verified live social leads extracted.

📍 Scanning Town: Monroe, CT (Target: ~15 leads)
   Found 0 candidate businesses in Monroe.
✅ Completed Monroe: 0 verified live social leads extracted.

📍 Scanning Town: Bethel, CT (Target: ~15 leads)
   Found 0 candidate businesses in Bethel.
✅ Completed Bethel: 0 verified live social leads extracted.

📍 Scanning Town: Norwalk, CT (Target: ~15 leads)
   Found 6 candidate businesses in Norwalk.
   [+] [FACEBOOK - LIVE VERIFIED] Aji 10 (Norwalk) -> Aji10latincuisinenorwalk (https://www.facebook.com/Aji10latincuisinenorwalk)
✅ Completed Norwalk: 1 verified live social leads extracted.

📍 Scanning Town: Orange, CT (Target: ~15 leads)
   Found 1 candidate businesses in Orange.
✅ Completed Orange: 0 verified live social leads extracted.

📍 Scanning Town: Stratford, CT (Target: ~15 leads)
   Found 16 candidate businesses in Stratford.
   [+] [INSTAGRAM - LIVE VERIFIED] Star Pizza (Stratford) -> @grabullinc (https://www.instagram.com/grabullinc/)
✅ Completed Stratford: 1 verified live social leads extracted.

📍 Scanning Town: Derby, CT (Target: ~15 leads)
   Found 0 candidate businesses in Derby.
✅ Completed Derby: 0 verified live social leads extracted.

📍 Scanning Town: Trumbull, CT (Target: ~15 leads)
   Found 0 candidate businesses in Trumbull.
✅ Completed Trumbull: 0 verified live social leads extracted.

📍 Scanning Town: Danbury, CT (Target: ~15 leads)
   Found 0 candidate businesses in Danbury.
✅ Completed Danbury: 0 verified live social leads extracted.

📍 Scanning Town: Westport, CT (Target: ~15 leads)
   Found 0 candidate businesses in Westport.
✅ Completed Westport: 0 verified live social leads extracted.

📍 Scanning Town: Darien, CT (Target: ~15 leads)
   Found 0 candidate businesses in Darien.
✅ Completed Darien: 0 verified live social leads extracted.

📍 Scanning Town: Milford, CT (Target: ~15 leads)
   Found 0 candidate businesses in Milford.
✅ Completed Milford: 0 verified live social leads extracted.

🎉 Total Verified Live Leads (IG: 54, FB: 94): 19
📊 Connecting to Google Sheet: 'FaceBook/Instagram Scraper'...
ℹ️ No new unique leads to append. All leads already in Google Sheet!
📊 Cycle #3 completed: Appended 0 new verified leads.
⏳ Sleeping for 12 minutes before next discovery cycle...

🔄 === Starting Discovery Cycle #4 ===
   Current Sheet Balance: 53 Instagram / 52 Facebook
🚀 Starting Balanced Social Media Lead Scraping for towns: West Haven, Stratford, Shelton, Bethel, Greenwich, Fairfield, Danbury, Wilton, Monroe, Newtown, Stamford, Orange, Bridgeport, Derby, Darien, Trumbull, Norwalk, Ridgefield, Westport, Milford, Ansonia

📍 Scanning Town: West Haven, CT (Target: ~15 leads)
   Found 1 candidate businesses in West Haven.
✅ Completed West Haven: 0 verified live social leads extracted.

📍 Scanning Town: Stratford, CT (Target: ~15 leads)
   Found 16 candidate businesses in Stratford.
✅ Completed Stratford: 0 verified live social leads extracted.

📍 Scanning Town: Shelton, CT (Target: ~15 leads)
   Found 18 candidate businesses in Shelton.
✅ Completed Shelton: 0 verified live social leads extracted.

📍 Scanning Town: Bethel, CT (Target: ~15 leads)
   Found 13 candidate businesses in Bethel.
✅ Completed Bethel: 0 verified live social leads extracted.

📍 Scanning Town: Greenwich, CT (Target: ~15 leads)
   Found 6 candidate businesses in Greenwich.
   [+] [FACEBOOK - LIVE VERIFIED] Le Pain Quotidien (Greenwich) -> lepainquotidienus (https://www.facebook.com/lepainquotidienus)
   [+] [FACEBOOK - LIVE VERIFIED] CFCF Coffee (Greenwich) -> cfcfroasters (https://www.facebook.com/cfcfroasters)
   [+] [FACEBOOK - LIVE VERIFIED] Cady's Tea Room (Greenwich) -> cadystearoom (https://www.facebook.com/cadystearoom)
✅ Completed Greenwich: 3 verified live social leads extracted.

📍 Scanning Town: Fairfield, CT (Target: ~15 leads)
   Found 13 candidate businesses in Fairfield.
   [+] [FACEBOOK - LIVE VERIFIED] Isabella et Vincent (Fairfield) -> isabelleetvincentbakery (https://www.facebook.com/isabelleetvincentbakery)
✅ Completed Fairfield: 1 verified live social leads extracted.

📍 Scanning Town: Danbury, CT (Target: ~15 leads)
   Found 3 candidate businesses in Danbury.
✅ Completed Danbury: 0 verified live social leads extracted.

📍 Scanning Town: Wilton, CT (Target: ~15 leads)
   Found 4 candidate businesses in Wilton.
   [+] [FACEBOOK - LIVE VERIFIED] Orem's Diner (Wilton) -> OremsDiner (https://www.facebook.com/OremsDiner)
   [+] [FACEBOOK - LIVE VERIFIED] Outback Steakhouse (Wilton) -> outback (https://www.facebook.com/outback)
   [+] [FACEBOOK - LIVE VERIFIED] Heibeck’s Stand (Wilton) -> HeibecksStand (https://www.facebook.com/HeibecksStand)
✅ Completed Wilton: 3 verified live social leads extracted.

📍 Scanning Town: Monroe, CT (Target: ~15 leads)
   Found 11 candidate businesses in Monroe.
   [+] [FACEBOOK - LIVE VERIFIED] Buffalo Bill's (Monroe) -> OnLocationExp (https://www.facebook.com/OnLocationExp)
✅ Completed Monroe: 1 verified live social leads extracted.

📍 Scanning Town: Newtown, CT (Target: ~15 leads)
   Found 17 candidate businesses in Newtown.
✅ Completed Newtown: 0 verified live social leads extracted.

📍 Scanning Town: Stamford, CT (Target: ~15 leads)
   Found 21 candidate businesses in Stamford.
   [+] [FACEBOOK - LIVE VERIFIED] Winfield Street Coffee (Stamford) -> winfieldstreetcoffee (https://www.facebook.com/winfieldstreetcoffee)
   [+] [FACEBOOK - LIVE VERIFIED] Honey Joe’s Family Coffeehouse (Stamford) -> HoneyJoesCoffee (https://www.facebook.com/HoneyJoesCoffee)
   [+] [FACEBOOK - LIVE VERIFIED] Bartaco (Stamford) -> bartacolife (https://www.facebook.com/bartacolife)
   [+] [FACEBOOK - LIVE VERIFIED] Hudson Social (Stamford) -> hudsonsocialstamford (https://www.facebook.com/hudsonsocialstamford)
✅ Completed Stamford: 4 verified live social leads extracted.

📍 Scanning Town: Orange, CT (Target: ~15 leads)
   Found 1 candidate businesses in Orange.
✅ Completed Orange: 0 verified live social leads extracted.

📍 Scanning Town: Bridgeport, CT (Target: ~15 leads)
   Found 25 candidate businesses in Bridgeport.
   [+] [FACEBOOK - LIVE VERIFIED] Ralph n Rich's (Bridgeport) -> ralphnrichs (https://www.facebook.com/ralphnrichs)
   [+] [FACEBOOK - LIVE VERIFIED] Brewport (Bridgeport) -> brewportct (https://www.facebook.com/brewportct)
   [+] [FACEBOOK - LIVE VERIFIED] Mainport Fish & Chips (Bridgeport) -> Main-port-fish-and-chips-570958186579532 (https://www.facebook.com/Main-port-fish-and-chips-570958186579532)
✅ Completed Bridgeport: 3 verified live social leads extracted.

📍 Scanning Town: Derby, CT (Target: ~15 leads)
   Found 5 candidate businesses in Derby.
✅ Completed Derby: 0 verified live social leads extracted.

📍 Scanning Town: Darien, CT (Target: ~15 leads)
   Found 3 candidate businesses in Darien.
   [+] [FACEBOOK - LIVE VERIFIED] Home Run Inn Pizzeria (Darien) -> homeruninn (https://www.facebook.com/homeruninn)
✅ Completed Darien: 1 verified live social leads extracted.

📍 Scanning Town: Trumbull, CT (Target: ~15 leads)
   Found 8 candidate businesses in Trumbull.
   [+] [FACEBOOK - LIVE VERIFIED] Plasko's Farm (Trumbull) -> plaskofarm (https://www.facebook.com/plaskofarm)
   [+] [FACEBOOK - LIVE VERIFIED] The Cheesecake Factory (Trumbull) -> thecheesecakefactory (https://www.facebook.com/thecheesecakefactory)
✅ Completed Trumbull: 2 verified live social leads extracted.

📍 Scanning Town: Norwalk, CT (Target: ~15 leads)
   Found 6 candidate businesses in Norwalk.
   [+] [FACEBOOK - LIVE VERIFIED] Aji 10 (Norwalk) -> Aji10latincuisinenorwalk (https://www.facebook.com/Aji10latincuisinenorwalk)
✅ Completed Norwalk: 1 verified live social leads extracted.

📍 Scanning Town: Ridgefield, CT (Target: ~15 leads)
   Found 19 candidate businesses in Ridgefield.
   [+] [FACEBOOK - LIVE VERIFIED] Cake Box (Ridgefield) -> cakeboxofct (https://www.facebook.com/cakeboxofct)
   [+] [FACEBOOK - LIVE VERIFIED] Ross Artisanal Bakery & Cafe (Ridgefield) -> RossBreadShoppe (https://www.facebook.com/RossBreadShoppe)
   [+] [FACEBOOK - LIVE VERIFIED] Queen B Coffee Company (Ridgefield) -> queenbcoffeecompany (https://www.facebook.com/queenbcoffeecompany)
   [+] [FACEBOOK - LIVE VERIFIED] Bobo's Cafe (Ridgefield) -> Boboscafes (https://www.facebook.com/Boboscafes)
   [+] [FACEBOOK - LIVE VERIFIED] Bailey's Backyard (Ridgefield) -> 158110456494 (https://www.facebook.com/158110456494)
   [+] [FACEBOOK - LIVE VERIFIED] Prime Burger (Ridgefield) -> PrimeBurger203 (https://www.facebook.com/PrimeBurger203)
   [+] [FACEBOOK - LIVE VERIFIED] Gallo (Ridgefield) -> galloridgefield (https://www.facebook.com/galloridgefield)
✅ Completed Ridgefield: 7 verified live social leads extracted.

📍 Scanning Town: Westport, CT (Target: ~15 leads)
   Found 16 candidate businesses in Westport.
   [+] [FACEBOOK - LIVE VERIFIED] Viva Zapata (Westport) -> Viva-Zapata-Mexican-Restaurant-75537517939 (https://www.facebook.com/Viva-Zapata-Mexican-Restaurant-75537517939)
   [+] [FACEBOOK - LIVE VERIFIED] Rizzuto's Oyster Bar & Restaurant (Westport) -> RizzutosWestport (https://www.facebook.com/RizzutosWestport)
✅ Completed Westport: 2 verified live social leads extracted.

📍 Scanning Town: Milford, CT (Target: ~15 leads)
   Found 20 candidate businesses in Milford.
   [+] [INSTAGRAM - LIVE VERIFIED] Barosa Indian Kitchen & Bar (Milford) -> @barosaikb (https://www.instagram.com/barosaikb/)
✅ Completed Milford: 1 verified live social leads extracted.

📍 Scanning Town: Ansonia, CT (Target: ~15 leads)
   Found 9 candidate businesses in Ansonia.
   [+] [FACEBOOK - LIVE VERIFIED] Palma (Ansonia) -> resturantpalma (https://www.facebook.com/resturantpalma)
   [+] [FACEBOOK - LIVE VERIFIED] Valley Diner (Ansonia) -> valleydinerct (https://www.facebook.com/valleydinerct)
✅ Completed Ansonia: 2 verified live social leads extracted.

🎉 Total Verified Live Leads (IG: 55, FB: 128): 31
📊 Connecting to Google Sheet: 'FaceBook/Instagram Scraper'...
📥 Appending 1 brand-new verified social leads to Google Sheet...
✅ Successfully appended! Total rows in sheet now: 107
📊 Cycle #4 completed: Appended 1 new verified leads.
⏳ Sleeping for 18 minutes before next discovery cycle...

🔄 === Starting Discovery Cycle #5 ===
   Current Sheet Balance: 53 Instagram / 53 Facebook
🚀 Starting Balanced Social Media Lead Scraping for towns: Fairfield, Bridgeport, Wilton, Greenwich, Norwalk, Ansonia, Shelton, Darien, Ridgefield, Milford, Orange, Monroe, Derby, Bethel, Trumbull, Danbury, Stamford, Westport, Stratford, Newtown, West Haven

📍 Scanning Town: Fairfield, CT (Target: ~15 leads)
   Found 14 candidate businesses in Fairfield.
✅ Completed Fairfield: 0 verified live social leads extracted.

📍 Scanning Town: Bridgeport, CT (Target: ~15 leads)
   Found 25 candidate businesses in Bridgeport.
   [+] [FACEBOOK - LIVE VERIFIED] Mainport Fish & Chips (Bridgeport) -> Main-port-fish-and-chips-570958186579532 (https://www.facebook.com/Main-port-fish-and-chips-570958186579532)
✅ Completed Bridgeport: 1 verified live social leads extracted.

📍 Scanning Town: Wilton, CT (Target: ~15 leads)
   Found 4 candidate businesses in Wilton.
✅ Completed Wilton: 0 verified live social leads extracted.

📍 Scanning Town: Greenwich, CT (Target: ~15 leads)
   Found 6 candidate businesses in Greenwich.
✅ Completed Greenwich: 0 verified live social leads extracted.

📍 Scanning Town: Norwalk, CT (Target: ~15 leads)
   Found 6 candidate businesses in Norwalk.
✅ Completed Norwalk: 0 verified live social leads extracted.

📍 Scanning Town: Ansonia, CT (Target: ~15 leads)
   Found 17 candidate businesses in Ansonia.
✅ Completed Ansonia: 0 verified live social leads extracted.

📍 Scanning Town: Shelton, CT (Target: ~15 leads)
   Found 11 candidate businesses in Shelton.
✅ Completed Shelton: 0 verified live social leads extracted.

📍 Scanning Town: Darien, CT (Target: ~15 leads)
   Found 3 candidate businesses in Darien.
✅ Completed Darien: 0 verified live social leads extracted.

📍 Scanning Town: Ridgefield, CT (Target: ~15 leads)
   Found 19 candidate businesses in Ridgefield.
✅ Completed Ridgefield: 0 verified live social leads extracted.

📍 Scanning Town: Milford, CT (Target: ~15 leads)
   Found 21 candidate businesses in Milford.
✅ Completed Milford: 0 verified live social leads extracted.

📍 Scanning Town: Orange, CT (Target: ~15 leads)
   Found 1 candidate businesses in Orange.
✅ Completed Orange: 0 verified live social leads extracted.

📍 Scanning Town: Monroe, CT (Target: ~15 leads)
   Found 11 candidate businesses in Monroe.
✅ Completed Monroe: 0 verified live social leads extracted.

📍 Scanning Town: Derby, CT (Target: ~15 leads)
   Found 3 candidate businesses in Derby.
✅ Completed Derby: 0 verified live social leads extracted.

📍 Scanning Town: Bethel, CT (Target: ~15 leads)
   Found 12 candidate businesses in Bethel.
✅ Completed Bethel: 0 verified live social leads extracted.

📍 Scanning Town: Trumbull, CT (Target: ~15 leads)
   Found 8 candidate businesses in Trumbull.
✅ Completed Trumbull: 0 verified live social leads extracted.

📍 Scanning Town: Danbury, CT (Target: ~15 leads)
   Found 3 candidate businesses in Danbury.
✅ Completed Danbury: 0 verified live social leads extracted.

📍 Scanning Town: Stamford, CT (Target: ~15 leads)
   Found 21 candidate businesses in Stamford.
✅ Completed Stamford: 0 verified live social leads extracted.

📍 Scanning Town: Westport, CT (Target: ~15 leads)
   Found 16 candidate businesses in Westport.
   [+] [FACEBOOK - LIVE VERIFIED] Viva Zapata (Westport) -> Viva-Zapata-Mexican-Restaurant-75537517939 (https://www.facebook.com/Viva-Zapata-Mexican-Restaurant-75537517939)
✅ Completed Westport: 1 verified live social leads extracted.

📍 Scanning Town: Stratford, CT (Target: ~15 leads)
   Found 16 candidate businesses in Stratford.
✅ Completed Stratford: 0 verified live social leads extracted.

📍 Scanning Town: Newtown, CT (Target: ~15 leads)
   Found 17 candidate businesses in Newtown.
✅ Completed Newtown: 0 verified live social leads extracted.

📍 Scanning Town: West Haven, CT (Target: ~15 leads)
   Found 0 candidate businesses in West Haven.
✅ Completed West Haven: 0 verified live social leads extracted.

🎉 Total Verified Live Leads (IG: 53, FB: 68): 2
📊 Connecting to Google Sheet: 'FaceBook/Instagram Scraper'...
ℹ️ No new unique leads to append. All leads already in Google Sheet!
📊 Cycle #5 completed: Appended 0 new verified leads.
⏳ Sleeping for 13 minutes before next discovery cycle...

🔄 === Starting Discovery Cycle #6 ===
   Current Sheet Balance: 53 Instagram / 53 Facebook
🚀 Starting Balanced Social Media Lead Scraping for towns: Orange, Wilton, Darien, Ansonia, Derby, West Haven, Norwalk, Westport, Stamford, Greenwich, Danbury, Shelton, Stratford, Ridgefield, Monroe, Newtown, Bethel, Trumbull, Bridgeport, Milford, Fairfield

📍 Scanning Town: Orange, CT (Target: ~15 leads)
   Found 1 candidate businesses in Orange.
✅ Completed Orange: 0 verified live social leads extracted.

📍 Scanning Town: Wilton, CT (Target: ~15 leads)
   Found 4 candidate businesses in Wilton.
✅ Completed Wilton: 0 verified live social leads extracted.

📍 Scanning Town: Darien, CT (Target: ~15 leads)
   Found 3 candidate businesses in Darien.
✅ Completed Darien: 0 verified live social leads extracted.

📍 Scanning Town: Ansonia, CT (Target: ~15 leads)
   Found 13 candidate businesses in Ansonia.
✅ Completed Ansonia: 0 verified live social leads extracted.

📍 Scanning Town: Derby, CT (Target: ~15 leads)
   Found 5 candidate businesses in Derby.
✅ Completed Derby: 0 verified live social leads extracted.

📍 Scanning Town: West Haven, CT (Target: ~15 leads)
   Found 0 candidate businesses in West Haven.
✅ Completed West Haven: 0 verified live social leads extracted.

📍 Scanning Town: Norwalk, CT (Target: ~15 leads)
   Found 6 candidate businesses in Norwalk.
✅ Completed Norwalk: 0 verified live social leads extracted.

📍 Scanning Town: Westport, CT (Target: ~15 leads)
   Found 17 candidate businesses in Westport.
   [+] [FACEBOOK - LIVE VERIFIED] Viva Zapata (Westport) -> Viva-Zapata-Mexican-Restaurant-75537517939 (https://www.facebook.com/Viva-Zapata-Mexican-Restaurant-75537517939)
✅ Completed Westport: 1 verified live social leads extracted.

📍 Scanning Town: Stamford, CT (Target: ~15 leads)
   Found 22 candidate businesses in Stamford.
✅ Completed Stamford: 0 verified live social leads extracted.

📍 Scanning Town: Greenwich, CT (Target: ~15 leads)
   Found 5 candidate businesses in Greenwich.
✅ Completed Greenwich: 0 verified live social leads extracted.

📍 Scanning Town: Danbury, CT (Target: ~15 leads)
   Found 3 candidate businesses in Danbury.
✅ Completed Danbury: 0 verified live social leads extracted.

📍 Scanning Town: Shelton, CT (Target: ~15 leads)
   Found 12 candidate businesses in Shelton.
✅ Completed Shelton: 0 verified live social leads extracted.

📍 Scanning Town: Stratford, CT (Target: ~15 leads)
   Found 16 candidate businesses in Stratford.
✅ Completed Stratford: 0 verified live social leads extracted.

📍 Scanning Town: Ridgefield, CT (Target: ~15 leads)
   Found 19 candidate businesses in Ridgefield.
✅ Completed Ridgefield: 0 verified live social leads extracted.

📍 Scanning Town: Monroe, CT (Target: ~15 leads)
   Found 11 candidate businesses in Monroe.
✅ Completed Monroe: 0 verified live social leads extracted.

📍 Scanning Town: Newtown, CT (Target: ~15 leads)
   Found 17 candidate businesses in Newtown.
✅ Completed Newtown: 0 verified live social leads extracted.

📍 Scanning Town: Bethel, CT (Target: ~15 leads)
   Found 12 candidate businesses in Bethel.
✅ Completed Bethel: 0 verified live social leads extracted.

📍 Scanning Town: Trumbull, CT (Target: ~15 leads)
   Found 8 candidate businesses in Trumbull.
✅ Completed Trumbull: 0 verified live social leads extracted.

📍 Scanning Town: Bridgeport, CT (Target: ~15 leads)
   Found 25 candidate businesses in Bridgeport.
   [+] [FACEBOOK - LIVE VERIFIED] Ralph n Rich's (Bridgeport) -> ralphnrichs (https://www.facebook.com/ralphnrichs)
   [+] [FACEBOOK - LIVE VERIFIED] Taqueria La Michoacana (Bridgeport) -> taquerialamichoacanact (https://www.facebook.com/taquerialamichoacanact)
   [+] [FACEBOOK - LIVE VERIFIED] Mainport Fish & Chips (Bridgeport) -> Main-port-fish-and-chips-570958186579532 (https://www.facebook.com/Main-port-fish-and-chips-570958186579532)
✅ Completed Bridgeport: 3 verified live social leads extracted.

📍 Scanning Town: Milford, CT (Target: ~15 leads)
   Found 20 candidate businesses in Milford.
✅ Completed Milford: 0 verified live social leads extracted.

📍 Scanning Town: Fairfield, CT (Target: ~15 leads)
   Found 13 candidate businesses in Fairfield.
   [+] [FACEBOOK - LIVE VERIFIED] Isabella et Vincent (Fairfield) -> isabelleetvincentbakery (https://www.facebook.com/isabelleetvincentbakery)
✅ Completed Fairfield: 1 verified live social leads extracted.

🎉 Total Verified Live Leads (IG: 53, FB: 72): 5
📊 Connecting to Google Sheet: 'FaceBook/Instagram Scraper'...
ℹ️ No new unique leads to append. All leads already in Google Sheet!
📊 Cycle #6 completed: Appended 0 new verified leads.
⏳ Sleeping for 13 minutes before next discovery cycle...

🔄 === Starting Discovery Cycle #7 ===
   Current Sheet Balance: 53 Instagram / 53 Facebook
🚀 Starting Balanced Social Media Lead Scraping for towns: Greenwich, Ridgefield, Fairfield, Shelton, Monroe, Newtown, Stratford, Trumbull, Bridgeport, Darien, Danbury, West Haven, Milford, Derby, Norwalk, Orange, Westport, Ansonia, Stamford, Wilton, Bethel

📍 Scanning Town: Greenwich, CT (Target: ~15 leads)
   Found 6 candidate businesses in Greenwich.
   [+] [INSTAGRAM - LIVE VERIFIED] Gregory's (Greenwich) -> @gregoryscoffee (https://www.instagram.com/gregoryscoffee/)
   [+] [FACEBOOK - LIVE VERIFIED] CFCF Coffee (Greenwich) -> cfcfroasters (https://www.facebook.com/cfcfroasters)
✅ Completed Greenwich: 2 verified live social leads extracted.

📍 Scanning Town: Ridgefield, CT (Target: ~15 leads)
   Found 19 candidate businesses in Ridgefield.
   [+] [FACEBOOK - LIVE VERIFIED] Ross Artisanal Bakery & Cafe (Ridgefield) -> RossBreadShoppe (https://www.facebook.com/RossBreadShoppe)
   [+] [FACEBOOK - LIVE VERIFIED] Prime Burger (Ridgefield) -> PrimeBurger203 (https://www.facebook.com/PrimeBurger203)
✅ Completed Ridgefield: 2 verified live social leads extracted.

📍 Scanning Town: Fairfield, CT (Target: ~15 leads)
   Found 14 candidate businesses in Fairfield.
✅ Completed Fairfield: 0 verified live social leads extracted.

📍 Scanning Town: Shelton, CT (Target: ~15 leads)
   Found 17 candidate businesses in Shelton.
   [+] [INSTAGRAM - LIVE VERIFIED] Common Grounds (Shelton) -> @commongroundsbranford (https://www.instagram.com/commongroundsbranford/)
   [+] [INSTAGRAM - LIVE VERIFIED] Riverdale Diner (Shelton) -> @riverdaledinerct (https://www.instagram.com/riverdaledinerct/)
✅ Completed Shelton: 2 verified live social leads extracted.

📍 Scanning Town: Monroe, CT (Target: ~15 leads)
   Found 11 candidate businesses in Monroe.
✅ Completed Monroe: 0 verified live social leads extracted.

📍 Scanning Town: Newtown, CT (Target: ~15 leads)
   Found 17 candidate businesses in Newtown.
✅ Completed Newtown: 0 verified live social leads extracted.

📍 Scanning Town: Stratford, CT (Target: ~15 leads)
   Found 16 candidate businesses in Stratford.
✅ Completed Stratford: 0 verified live social leads extracted.

📍 Scanning Town: Trumbull, CT (Target: ~15 leads)
   Found 8 candidate businesses in Trumbull.
   [+] [FACEBOOK - LIVE VERIFIED] Plasko's Farm (Trumbull) -> plaskofarm (https://www.facebook.com/plaskofarm)
   [+] [FACEBOOK - LIVE VERIFIED] The Cheesecake Factory (Trumbull) -> thecheesecakefactory (https://www.facebook.com/thecheesecakefactory)
   [+] [INSTAGRAM - LIVE VERIFIED] Layla's Falafel & Greenleaf Cafe (Trumbull) -> @laylas_falafel (https://www.instagram.com/laylas_falafel/)
✅ Completed Trumbull: 3 verified live social leads extracted.

📍 Scanning Town: Bridgeport, CT (Target: ~15 leads)
   Found 25 candidate businesses in Bridgeport.
   [+] [FACEBOOK - LIVE VERIFIED] Ralph n Rich's (Bridgeport) -> ralphnrichs (https://www.facebook.com/ralphnrichs)
✅ Completed Bridgeport: 1 verified live social leads extracted.

📍 Scanning Town: Darien, CT (Target: ~15 leads)
   Found 3 candidate businesses in Darien.
✅ Completed Darien: 0 verified live social leads extracted.

📍 Scanning Town: Danbury, CT (Target: ~15 leads)
   Found 3 candidate businesses in Danbury.
✅ Completed Danbury: 0 verified live social leads extracted.

📍 Scanning Town: West Haven, CT (Target: ~15 leads)
   Found 1 candidate businesses in West Haven.
✅ Completed West Haven: 0 verified live social leads extracted.

📍 Scanning Town: Milford, CT (Target: ~15 leads)
   Found 21 candidate businesses in Milford.
   [+] [INSTAGRAM - LIVE VERIFIED] Cafe Atlantique (Milford) -> @cafe_atlantique (https://www.instagram.com/cafe_atlantique/)
   [+] [INSTAGRAM - LIVE VERIFIED] Taste of Thai (Milford) -> @tasteofthaimilford (https://www.instagram.com/tasteofthaimilford/)
✅ Completed Milford: 2 verified live social leads extracted.

📍 Scanning Town: Derby, CT (Target: ~15 leads)
   Found 4 candidate businesses in Derby.
   [+] [INSTAGRAM - LIVE VERIFIED] River Rock Tavern (Derby) -> @rrtavern (https://www.instagram.com/rrtavern/)
✅ Completed Derby: 1 verified live social leads extracted.

📍 Scanning Town: Norwalk, CT (Target: ~15 leads)
   Found 6 candidate businesses in Norwalk.
✅ Completed Norwalk: 0 verified live social leads extracted.

📍 Scanning Town: Orange, CT (Target: ~15 leads)
   Found 1 candidate businesses in Orange.
✅ Completed Orange: 0 verified live social leads extracted.

📍 Scanning Town: Westport, CT (Target: ~15 leads)
   Found 17 candidate businesses in Westport.
   [+] [FACEBOOK - LIVE VERIFIED] Bartaco (Westport) -> bartacolife (https://www.facebook.com/bartacolife)
   [+] [FACEBOOK - LIVE VERIFIED] OKO (Westport) -> OKOKitchen (https://www.facebook.com/OKOKitchen)
   [+] [FACEBOOK - LIVE VERIFIED] Viva Zapata (Westport) -> Viva-Zapata-Mexican-Restaurant-75537517939 (https://www.facebook.com/Viva-Zapata-Mexican-Restaurant-75537517939)
   [+] [FACEBOOK - LIVE VERIFIED] Rizzuto's Oyster Bar & Restaurant (Westport) -> RizzutosWestport (https://www.facebook.com/RizzutosWestport)
✅ Completed Westport: 4 verified live social leads extracted.

📍 Scanning Town: Ansonia, CT (Target: ~15 leads)
   Found 7 candidate businesses in Ansonia.
   [+] [FACEBOOK - LIVE VERIFIED] Roseland Apizza (Ansonia) -> roselandapizza (https://www.facebook.com/roselandapizza)
✅ Completed Ansonia: 1 verified live social leads extracted.

📍 Scanning Town: Stamford, CT (Target: ~15 leads)
   Found 20 candidate businesses in Stamford.
   [+] [FACEBOOK - LIVE VERIFIED] Winfield Street Coffee (Stamford) -> winfieldstreetcoffee (https://www.facebook.com/winfieldstreetcoffee)
   [+] [FACEBOOK - LIVE VERIFIED] Honey Joe’s Family Coffeehouse (Stamford) -> HoneyJoesCoffee (https://www.facebook.com/HoneyJoesCoffee)
   [+] [FACEBOOK - LIVE VERIFIED] Hudson Social (Stamford) -> hudsonsocialstamford (https://www.facebook.com/hudsonsocialstamford)
✅ Completed Stamford: 3 verified live social leads extracted.

📍 Scanning Town: Wilton, CT (Target: ~15 leads)
   Found 4 candidate businesses in Wilton.
   [+] [FACEBOOK - LIVE VERIFIED] Orem's Diner (Wilton) -> OremsDiner (https://www.facebook.com/OremsDiner)
   [+] [FACEBOOK - LIVE VERIFIED] Heibeck’s Stand (Wilton) -> HeibecksStand (https://www.facebook.com/HeibecksStand)
✅ Completed Wilton: 2 verified live social leads extracted.

📍 Scanning Town: Bethel, CT (Target: ~15 leads)
   Found 13 candidate businesses in Bethel.
✅ Completed Bethel: 0 verified live social leads extracted.

🎉 Total Verified Live Leads (IG: 88, FB: 108): 23
📊 Connecting to Google Sheet: 'FaceBook/Instagram Scraper'...
ℹ️ No new unique leads to append. All leads already in Google Sheet!
📊 Cycle #7 completed: Appended 0 new verified leads.
⏳ Sleeping for 18 minutes before next discovery cycle...

🔄 === Starting Discovery Cycle #8 ===
   Current Sheet Balance: 53 Instagram / 53 Facebook
🚀 Starting Balanced Social Media Lead Scraping for towns: Wilton, Greenwich, Fairfield, Danbury, Trumbull, Monroe, Ansonia, Westport, Bethel, Darien, Norwalk, Ridgefield, Bridgeport, Orange, Milford, Stamford, Derby, Newtown, West Haven, Stratford, Shelton

📍 Scanning Town: Wilton, CT (Target: ~15 leads)
   Found 4 candidate businesses in Wilton.
   [+] [FACEBOOK - LIVE VERIFIED] Orem's Diner (Wilton) -> OremsDiner (https://www.facebook.com/OremsDiner)
   [+] [FACEBOOK - LIVE VERIFIED] Outback Steakhouse (Wilton) -> outback (https://www.facebook.com/outback)
   [+] [FACEBOOK - LIVE VERIFIED] Heibeck’s Stand (Wilton) -> HeibecksStand (https://www.facebook.com/HeibecksStand)
✅ Completed Wilton: 3 verified live social leads extracted.

📍 Scanning Town: Greenwich, CT (Target: ~15 leads)
   Found 6 candidate businesses in Greenwich.
   [+] [FACEBOOK - LIVE VERIFIED] Le Pain Quotidien (Greenwich) -> lepainquotidienus (https://www.facebook.com/lepainquotidienus)
   [+] [FACEBOOK - LIVE VERIFIED] CFCF Coffee (Greenwich) -> cfcfroasters (https://www.facebook.com/cfcfroasters)
   [+] [FACEBOOK - LIVE VERIFIED] Cady's Tea Room (Greenwich) -> cadystearoom (https://www.facebook.com/cadystearoom)
✅ Completed Greenwich: 3 verified live social leads extracted.

📍 Scanning Town: Fairfield, CT (Target: ~15 leads)
   Found 14 candidate businesses in Fairfield.
   [+] [FACEBOOK - LIVE VERIFIED] Isabella et Vincent (Fairfield) -> isabelleetvincentbakery (https://www.facebook.com/isabelleetvincentbakery)
✅ Completed Fairfield: 1 verified live social leads extracted.

📍 Scanning Town: Danbury, CT (Target: ~15 leads)
   Found 3 candidate businesses in Danbury.
✅ Completed Danbury: 0 verified live social leads extracted.

📍 Scanning Town: Trumbull, CT (Target: ~15 leads)
   Found 8 candidate businesses in Trumbull.
   [+] [FACEBOOK - LIVE VERIFIED] Plasko's Farm (Trumbull) -> plaskofarm (https://www.facebook.com/plaskofarm)
   [+] [FACEBOOK - LIVE VERIFIED] The Cheesecake Factory (Trumbull) -> thecheesecakefactory (https://www.facebook.com/thecheesecakefactory)
✅ Completed Trumbull: 2 verified live social leads extracted.

📍 Scanning Town: Monroe, CT (Target: ~15 leads)
   Found 12 candidate businesses in Monroe.
   [+] [FACEBOOK - LIVE VERIFIED] Buffalo Bill's (Monroe) -> OnLocationExp (https://www.facebook.com/OnLocationExp)
✅ Completed Monroe: 1 verified live social leads extracted.

📍 Scanning Town: Ansonia, CT (Target: ~15 leads)
   Found 15 candidate businesses in Ansonia.
✅ Completed Ansonia: 0 verified live social leads extracted.

📍 Scanning Town: Westport, CT (Target: ~15 leads)
   Found 17 candidate businesses in Westport.
   [+] [FACEBOOK - LIVE VERIFIED] Viva Zapata (Westport) -> Viva-Zapata-Mexican-Restaurant-75537517939 (https://www.facebook.com/Viva-Zapata-Mexican-Restaurant-75537517939)
✅ Completed Westport: 1 verified live social leads extracted.

📍 Scanning Town: Bethel, CT (Target: ~15 leads)
   Found 13 candidate businesses in Bethel.
✅ Completed Bethel: 0 verified live social leads extracted.

📍 Scanning Town: Darien, CT (Target: ~15 leads)
   Found 3 candidate businesses in Darien.
✅ Completed Darien: 0 verified live social leads extracted.

📍 Scanning Town: Norwalk, CT (Target: ~15 leads)
   Found 6 candidate businesses in Norwalk.
✅ Completed Norwalk: 0 verified live social leads extracted.

📍 Scanning Town: Ridgefield, CT (Target: ~15 leads)
   Found 19 candidate businesses in Ridgefield.
✅ Completed Ridgefield: 0 verified live social leads extracted.

📍 Scanning Town: Bridgeport, CT (Target: ~15 leads)
   Found 25 candidate businesses in Bridgeport.
   [+] [FACEBOOK - LIVE VERIFIED] Mainport Fish & Chips (Bridgeport) -> Main-port-fish-and-chips-570958186579532 (https://www.facebook.com/Main-port-fish-and-chips-570958186579532)
✅ Completed Bridgeport: 1 verified live social leads extracted.

📍 Scanning Town: Orange, CT (Target: ~15 leads)
   Found 1 candidate businesses in Orange.
✅ Completed Orange: 0 verified live social leads extracted.

📍 Scanning Town: Milford, CT (Target: ~15 leads)
   Found 21 candidate businesses in Milford.
✅ Completed Milford: 0 verified live social leads extracted.

📍 Scanning Town: Stamford, CT (Target: ~15 leads)
   Found 21 candidate businesses in Stamford.
✅ Completed Stamford: 0 verified live social leads extracted.

📍 Scanning Town: Derby, CT (Target: ~15 leads)
   Found 3 candidate businesses in Derby.
✅ Completed Derby: 0 verified live social leads extracted.

📍 Scanning Town: Newtown, CT (Target: ~15 leads)
   Found 17 candidate businesses in Newtown.
✅ Completed Newtown: 0 verified live social leads extracted.

📍 Scanning Town: West Haven, CT (Target: ~15 leads)
   Found 0 candidate businesses in West Haven.
✅ Completed West Haven: 0 verified live social leads extracted.

📍 Scanning Town: Stratford, CT (Target: ~15 leads)
   Found 16 candidate businesses in Stratford.
✅ Completed Stratford: 0 verified live social leads extracted.

📍 Scanning Town: Shelton, CT (Target: ~15 leads)
   Found 9 candidate businesses in Shelton.
✅ Completed Shelton: 0 verified live social leads extracted.

🎉 Total Verified Live Leads (IG: 53, FB: 85): 12
📊 Connecting to Google Sheet: 'FaceBook/Instagram Scraper'...
ℹ️ No new unique leads to append. All leads already in Google Sheet!
📊 Cycle #8 completed: Appended 0 new verified leads.
⏳ Sleeping for 13 minutes before next discovery cycle...

🔄 === Starting Discovery Cycle #9 ===
   Current Sheet Balance: 53 Instagram / 53 Facebook
🚀 Starting Balanced Social Media Lead Scraping for towns: Orange, Greenwich, Shelton, Milford, Ansonia, Bridgeport, Bethel, Darien, Stratford, Norwalk, Stamford, Newtown, West Haven, Trumbull, Monroe, Wilton, Derby, Fairfield, Danbury, Ridgefield, Westport

📍 Scanning Town: Orange, CT (Target: ~15 leads)
   Found 1 candidate businesses in Orange.
✅ Completed Orange: 0 verified live social leads extracted.

📍 Scanning Town: Greenwich, CT (Target: ~15 leads)
   Found 6 candidate businesses in Greenwich.
✅ Completed Greenwich: 0 verified live social leads extracted.

📍 Scanning Town: Shelton, CT (Target: ~15 leads)
   Found 18 candidate businesses in Shelton.
✅ Completed Shelton: 0 verified live social leads extracted.

📍 Scanning Town: Milford, CT (Target: ~15 leads)
   Found 21 candidate businesses in Milford.
✅ Completed Milford: 0 verified live social leads extracted.

📍 Scanning Town: Ansonia, CT (Target: ~15 leads)
   Found 9 candidate businesses in Ansonia.
✅ Completed Ansonia: 0 verified live social leads extracted.

📍 Scanning Town: Bridgeport, CT (Target: ~15 leads)
   Found 25 candidate businesses in Bridgeport.
   [+] [FACEBOOK - LIVE VERIFIED] Mainport Fish & Chips (Bridgeport) -> Main-port-fish-and-chips-570958186579532 (https://www.facebook.com/Main-port-fish-and-chips-570958186579532)
✅ Completed Bridgeport: 1 verified live social leads extracted.

📍 Scanning Town: Bethel, CT (Target: ~15 leads)
   Found 13 candidate businesses in Bethel.
✅ Completed Bethel: 0 verified live social leads extracted.

📍 Scanning Town: Darien, CT (Target: ~15 leads)
   Found 3 candidate businesses in Darien.
✅ Completed Darien: 0 verified live social leads extracted.

📍 Scanning Town: Stratford, CT (Target: ~15 leads)
   Found 16 candidate businesses in Stratford.
✅ Completed Stratford: 0 verified live social leads extracted.

📍 Scanning Town: Norwalk, CT (Target: ~15 leads)
   Found 6 candidate businesses in Norwalk.
✅ Completed Norwalk: 0 verified live social leads extracted.

📍 Scanning Town: Stamford, CT (Target: ~15 leads)
   Found 21 candidate businesses in Stamford.
✅ Completed Stamford: 0 verified live social leads extracted.

📍 Scanning Town: Newtown, CT (Target: ~15 leads)
   Found 17 candidate businesses in Newtown.
✅ Completed Newtown: 0 verified live social leads extracted.

📍 Scanning Town: West Haven, CT (Target: ~15 leads)
   Found 1 candidate businesses in West Haven.
✅ Completed West Haven: 0 verified live social leads extracted.

📍 Scanning Town: Trumbull, CT (Target: ~15 leads)
   Found 8 candidate businesses in Trumbull.
✅ Completed Trumbull: 0 verified live social leads extracted.

📍 Scanning Town: Monroe, CT (Target: ~15 leads)
   Found 11 candidate businesses in Monroe.
✅ Completed Monroe: 0 verified live social leads extracted.

📍 Scanning Town: Wilton, CT (Target: ~15 leads)
   Found 4 candidate businesses in Wilton.
✅ Completed Wilton: 0 verified live social leads extracted.

📍 Scanning Town: Derby, CT (Target: ~15 leads)
   Found 2 candidate businesses in Derby.
✅ Completed Derby: 0 verified live social leads extracted.

📍 Scanning Town: Fairfield, CT (Target: ~15 leads)
   Found 13 candidate businesses in Fairfield.
✅ Completed Fairfield: 0 verified live social leads extracted.

📍 Scanning Town: Danbury, CT (Target: ~15 leads)
   Found 3 candidate businesses in Danbury.
✅ Completed Danbury: 0 verified live social leads extracted.

📍 Scanning Town: Ridgefield, CT (Target: ~15 leads)
   Found 19 candidate businesses in Ridgefield.
✅ Completed Ridgefield: 0 verified live social leads extracted.

📍 Scanning Town: Westport, CT (Target: ~15 leads)
   Found 16 candidate businesses in Westport.
   [+] [FACEBOOK - LIVE VERIFIED] Viva Zapata (Westport) -> Viva-Zapata-Mexican-Restaurant-75537517939 (https://www.facebook.com/Viva-Zapata-Mexican-Restaurant-75537517939)
✅ Completed Westport: 1 verified live social leads extracted.

🎉 Total Verified Live Leads (IG: 53, FB: 64): 2
📊 Connecting to Google Sheet: 'FaceBook/Instagram Scraper'...
ℹ️ No new unique leads to append. All leads already in Google Sheet!
📊 Cycle #9 completed: Appended 0 new verified leads.
⏳ Sleeping for 19 minutes before next discovery cycle...

🔄 === Starting Discovery Cycle #10 ===
   Current Sheet Balance: 53 Instagram / 53 Facebook
🚀 Starting Balanced Social Media Lead Scraping for towns: Trumbull, Ridgefield, Milford, Norwalk, Monroe, Greenwich, West Haven, Stamford, Bridgeport, Orange, Wilton, Derby, Westport, Bethel, Newtown, Stratford, Danbury, Fairfield, Ansonia, Shelton, Darien

📍 Scanning Town: Trumbull, CT (Target: ~15 leads)
   Found 8 candidate businesses in Trumbull.
✅ Completed Trumbull: 0 verified live social leads extracted.

📍 Scanning Town: Ridgefield, CT (Target: ~15 leads)
   Found 20 candidate businesses in Ridgefield.
✅ Completed Ridgefield: 0 verified live social leads extracted.

📍 Scanning Town: Milford, CT (Target: ~15 leads)
   Found 21 candidate businesses in Milford.
✅ Completed Milford: 0 verified live social leads extracted.

📍 Scanning Town: Norwalk, CT (Target: ~15 leads)
   Found 6 candidate businesses in Norwalk.
✅ Completed Norwalk: 0 verified live social leads extracted.

📍 Scanning Town: Monroe, CT (Target: ~15 leads)
   Found 12 candidate businesses in Monroe.
✅ Completed Monroe: 0 verified live social leads extracted.

📍 Scanning Town: Greenwich, CT (Target: ~15 leads)
   Found 5 candidate businesses in Greenwich.
✅ Completed Greenwich: 0 verified live social leads extracted.

📍 Scanning Town: West Haven, CT (Target: ~15 leads)
   Found 1 candidate businesses in West Haven.
✅ Completed West Haven: 0 verified live social leads extracted.

📍 Scanning Town: Stamford, CT (Target: ~15 leads)
   Found 22 candidate businesses in Stamford.
✅ Completed Stamford: 0 verified live social leads extracted.

📍 Scanning Town: Bridgeport, CT (Target: ~15 leads)
   Found 25 candidate businesses in Bridgeport.
   [+] [FACEBOOK - LIVE VERIFIED] Mainport Fish & Chips (Bridgeport) -> Main-port-fish-and-chips-570958186579532 (https://www.facebook.com/Main-port-fish-and-chips-570958186579532)
✅ Completed Bridgeport: 1 verified live social leads extracted.

📍 Scanning Town: Orange, CT (Target: ~15 leads)
   Found 1 candidate businesses in Orange.
✅ Completed Orange: 0 verified live social leads extracted.

📍 Scanning Town: Wilton, CT (Target: ~15 leads)
   Found 4 candidate businesses in Wilton.
✅ Completed Wilton: 0 verified live social leads extracted.

📍 Scanning Town: Derby, CT (Target: ~15 leads)
   Found 5 candidate businesses in Derby.
✅ Completed Derby: 0 verified live social leads extracted.

📍 Scanning Town: Westport, CT (Target: ~15 leads)
   Found 16 candidate businesses in Westport.
   [+] [FACEBOOK - LIVE VERIFIED] Viva Zapata (Westport) -> Viva-Zapata-Mexican-Restaurant-75537517939 (https://www.facebook.com/Viva-Zapata-Mexican-Restaurant-75537517939)
✅ Completed Westport: 1 verified live social leads extracted.

📍 Scanning Town: Bethel, CT (Target: ~15 leads)
   Found 13 candidate businesses in Bethel.
✅ Completed Bethel: 0 verified live social leads extracted.

📍 Scanning Town: Newtown, CT (Target: ~15 leads)
   Found 17 candidate businesses in Newtown.
✅ Completed Newtown: 0 verified live social leads extracted.

📍 Scanning Town: Stratford, CT (Target: ~15 leads)
   Found 16 candidate businesses in Stratford.
✅ Completed Stratford: 0 verified live social leads extracted.

📍 Scanning Town: Danbury, CT (Target: ~15 leads)
   Found 3 candidate businesses in Danbury.
✅ Completed Danbury: 0 verified live social leads extracted.

📍 Scanning Town: Fairfield, CT (Target: ~15 leads)
   Found 14 candidate businesses in Fairfield.
✅ Completed Fairfield: 0 verified live social leads extracted.

📍 Scanning Town: Ansonia, CT (Target: ~15 leads)
   Found 14 candidate businesses in Ansonia.
✅ Completed Ansonia: 0 verified live social leads extracted.

📍 Scanning Town: Shelton, CT (Target: ~15 leads)
   Found 9 candidate businesses in Shelton.
✅ Completed Shelton: 0 verified live social leads extracted.

📍 Scanning Town: Darien, CT (Target: ~15 leads)
   Found 3 candidate businesses in Darien.
✅ Completed Darien: 0 verified live social leads extracted.

🎉 Total Verified Live Leads (IG: 53, FB: 66): 2
📊 Connecting to Google Sheet: 'FaceBook/Instagram Scraper'...
ℹ️ No new unique leads to append. All leads already in Google Sheet!
📊 Cycle #10 completed: Appended 0 new verified leads.
⏳ Sleeping for 15 minutes before next discovery cycle...

🔄 === Starting Discovery Cycle #11 ===
   Current Sheet Balance: 53 Instagram / 53 Facebook
🚀 Starting Balanced Social Media Lead Scraping for towns: Norwalk, Ansonia, Wilton, Milford, Derby, Ridgefield, Fairfield, Darien, Monroe, Greenwich, Westport, Newtown, Bethel, Bridgeport, Shelton, Danbury, Trumbull, Stratford, Stamford, Orange, West Haven

📍 Scanning Town: Norwalk, CT (Target: ~15 leads)
   Found 6 candidate businesses in Norwalk.
✅ Completed Norwalk: 0 verified live social leads extracted.

📍 Scanning Town: Ansonia, CT (Target: ~15 leads)
   Found 17 candidate businesses in Ansonia.
✅ Completed Ansonia: 0 verified live social leads extracted.

📍 Scanning Town: Wilton, CT (Target: ~15 leads)
   Found 4 candidate businesses in Wilton.
✅ Completed Wilton: 0 verified live social leads extracted.

📍 Scanning Town: Milford, CT (Target: ~15 leads)
   Found 21 candidate businesses in Milford.
✅ Completed Milford: 0 verified live social leads extracted.

📍 Scanning Town: Derby, CT (Target: ~15 leads)
   Found 3 candidate businesses in Derby.
✅ Completed Derby: 0 verified live social leads extracted.

📍 Scanning Town: Ridgefield, CT (Target: ~15 leads)
   Found 20 candidate businesses in Ridgefield.
✅ Completed Ridgefield: 0 verified live social leads extracted.

📍 Scanning Town: Fairfield, CT (Target: ~15 leads)
   Found 13 candidate businesses in Fairfield.
✅ Completed Fairfield: 0 verified live social leads extracted.

📍 Scanning Town: Darien, CT (Target: ~15 leads)
   Found 3 candidate businesses in Darien.
✅ Completed Darien: 0 verified live social leads extracted.

📍 Scanning Town: Monroe, CT (Target: ~15 leads)
   Found 12 candidate businesses in Monroe.
✅ Completed Monroe: 0 verified live social leads extracted.

📍 Scanning Town: Greenwich, CT (Target: ~15 leads)
   Found 4 candidate businesses in Greenwich.
✅ Completed Greenwich: 0 verified live social leads extracted.

📍 Scanning Town: Westport, CT (Target: ~15 leads)
   Found 17 candidate businesses in Westport.
   [+] [FACEBOOK - LIVE VERIFIED] Viva Zapata (Westport) -> Viva-Zapata-Mexican-Restaurant-75537517939 (https://www.facebook.com/Viva-Zapata-Mexican-Restaurant-75537517939)
✅ Completed Westport: 1 verified live social leads extracted.

📍 Scanning Town: Newtown, CT (Target: ~15 leads)
   Found 17 candidate businesses in Newtown.
✅ Completed Newtown: 0 verified live social leads extracted.

📍 Scanning Town: Bethel, CT (Target: ~15 leads)
   Found 13 candidate businesses in Bethel.
✅ Completed Bethel: 0 verified live social leads extracted.

📍 Scanning Town: Bridgeport, CT (Target: ~15 leads)
   Found 25 candidate businesses in Bridgeport.
   [+] [FACEBOOK - LIVE VERIFIED] Mainport Fish & Chips (Bridgeport) -> Main-port-fish-and-chips-570958186579532 (https://www.facebook.com/Main-port-fish-and-chips-570958186579532)
✅ Completed Bridgeport: 1 verified live social leads extracted.

📍 Scanning Town: Shelton, CT (Target: ~15 leads)
   Found 10 candidate businesses in Shelton.
✅ Completed Shelton: 0 verified live social leads extracted.

📍 Scanning Town: Danbury, CT (Target: ~15 leads)
   Found 3 candidate businesses in Danbury.
✅ Completed Danbury: 0 verified live social leads extracted.

📍 Scanning Town: Trumbull, CT (Target: ~15 leads)
   Found 8 candidate businesses in Trumbull.
✅ Completed Trumbull: 0 verified live social leads extracted.

📍 Scanning Town: Stratford, CT (Target: ~15 leads)
   Found 16 candidate businesses in Stratford.
✅ Completed Stratford: 0 verified live social leads extracted.

📍 Scanning Town: Stamford, CT (Target: ~15 leads)
   Found 20 candidate businesses in Stamford.
✅ Completed Stamford: 0 verified live social leads extracted.

📍 Scanning Town: Orange, CT (Target: ~15 leads)
   Found 1 candidate businesses in Orange.
✅ Completed Orange: 0 verified live social leads extracted.

📍 Scanning Town: West Haven, CT (Target: ~15 leads)
   Found 0 candidate businesses in West Haven.
✅ Completed West Haven: 0 verified live social leads extracted.

🎉 Total Verified Live Leads (IG: 53, FB: 62): 2
📊 Connecting to Google Sheet: 'FaceBook/Instagram Scraper'...
ℹ️ No new unique leads to append. All leads already in Google Sheet!
📊 Cycle #11 completed: Appended 0 new verified leads.
⏳ Sleeping for 14 minutes before next discovery cycle...

🔄 === Starting Discovery Cycle #12 ===
   Current Sheet Balance: 53 Instagram / 53 Facebook
🚀 Starting Balanced Social Media Lead Scraping for towns: Stratford, Stamford, Milford, Danbury, Newtown, Trumbull, Derby, West Haven, Ansonia, Fairfield, Orange, Greenwich, Shelton, Darien, Ridgefield, Bethel, Bridgeport, Wilton, Norwalk, Monroe, Westport

📍 Scanning Town: Stratford, CT (Target: ~15 leads)
   Found 16 candidate businesses in Stratford.
✅ Completed Stratford: 0 verified live social leads extracted.

📍 Scanning Town: Stamford, CT (Target: ~15 leads)
   Found 23 candidate businesses in Stamford.
✅ Completed Stamford: 0 verified live social leads extracted.

📍 Scanning Town: Milford, CT (Target: ~15 leads)
   Found 21 candidate businesses in Milford.
✅ Completed Milford: 0 verified live social leads extracted.

📍 Scanning Town: Danbury, CT (Target: ~15 leads)
   Found 3 candidate businesses in Danbury.
✅ Completed Danbury: 0 verified live social leads extracted.

📍 Scanning Town: Newtown, CT (Target: ~15 leads)
   Found 17 candidate businesses in Newtown.
✅ Completed Newtown: 0 verified live social leads extracted.

📍 Scanning Town: Trumbull, CT (Target: ~15 leads)
   Found 8 candidate businesses in Trumbull.
✅ Completed Trumbull: 0 verified live social leads extracted.

📍 Scanning Town: Derby, CT (Target: ~15 leads)
   Found 6 candidate businesses in Derby.
✅ Completed Derby: 0 verified live social leads extracted.

📍 Scanning Town: West Haven, CT (Target: ~15 leads)
   Found 0 candidate businesses in West Haven.
✅ Completed West Haven: 0 verified live social leads extracted.

📍 Scanning Town: Ansonia, CT (Target: ~15 leads)
   Found 15 candidate businesses in Ansonia.
✅ Completed Ansonia: 0 verified live social leads extracted.

📍 Scanning Town: Fairfield, CT (Target: ~15 leads)
   Found 13 candidate businesses in Fairfield.
✅ Completed Fairfield: 0 verified live social leads extracted.

📍 Scanning Town: Orange, CT (Target: ~15 leads)
   Found 1 candidate businesses in Orange.
✅ Completed Orange: 0 verified live social leads extracted.

📍 Scanning Town: Greenwich, CT (Target: ~15 leads)
   Found 5 candidate businesses in Greenwich.
✅ Completed Greenwich: 0 verified live social leads extracted.

📍 Scanning Town: Shelton, CT (Target: ~15 leads)
   Found 10 candidate businesses in Shelton.
✅ Completed Shelton: 0 verified live social leads extracted.

📍 Scanning Town: Darien, CT (Target: ~15 leads)
   Found 0 candidate businesses in Darien.
✅ Completed Darien: 0 verified live social leads extracted.

📍 Scanning Town: Ridgefield, CT (Target: ~15 leads)
   Found 0 candidate businesses in Ridgefield.
✅ Completed Ridgefield: 0 verified live social leads extracted.

📍 Scanning Town: Bethel, CT (Target: ~15 leads)
   Found 0 candidate businesses in Bethel.
✅ Completed Bethel: 0 verified live social leads extracted.

📍 Scanning Town: Bridgeport, CT (Target: ~15 leads)
   Found 25 candidate businesses in Bridgeport.
   [+] [FACEBOOK - LIVE VERIFIED] Mainport Fish & Chips (Bridgeport) -> Main-port-fish-and-chips-570958186579532 (https://www.facebook.com/Main-port-fish-and-chips-570958186579532)
✅ Completed Bridgeport: 1 verified live social leads extracted.

📍 Scanning Town: Wilton, CT (Target: ~15 leads)
   Found 4 candidate businesses in Wilton.
✅ Completed Wilton: 0 verified live social leads extracted.

📍 Scanning Town: Norwalk, CT (Target: ~15 leads)
   Found 6 candidate businesses in Norwalk.
✅ Completed Norwalk: 0 verified live social leads extracted.

📍 Scanning Town: Monroe, CT (Target: ~15 leads)
   Found 11 candidate businesses in Monroe.
✅ Completed Monroe: 0 verified live social leads extracted.

📍 Scanning Town: Westport, CT (Target: ~15 leads)
   Found 16 candidate businesses in Westport.
   [+] [FACEBOOK - LIVE VERIFIED] Viva Zapata (Westport) -> Viva-Zapata-Mexican-Restaurant-75537517939 (https://www.facebook.com/Viva-Zapata-Mexican-Restaurant-75537517939)
✅ Completed Westport: 1 verified live social leads extracted.

🎉 Total Verified Live Leads (IG: 53, FB: 65): 2
📊 Connecting to Google Sheet: 'FaceBook/Instagram Scraper'...
ℹ️ No new unique leads to append. All leads already in Google Sheet!
📊 Cycle #12 completed: Appended 0 new verified leads.
⏳ Sleeping for 12 minutes before next discovery cycle...

🔄 === Starting Discovery Cycle #13 ===
   Current Sheet Balance: 53 Instagram / 53 Facebook
🚀 Starting Balanced Social Media Lead Scraping for towns: West Haven, Darien, Stratford, Derby, Shelton, Bethel, Ansonia, Newtown, Stamford, Norwalk, Danbury, Westport, Greenwich, Ridgefield, Wilton, Orange, Milford, Monroe, Fairfield, Trumbull, Bridgeport

📍 Scanning Town: West Haven, CT (Target: ~15 leads)
   Found 1 candidate businesses in West Haven.
✅ Completed West Haven: 0 verified live social leads extracted.

📍 Scanning Town: Darien, CT (Target: ~15 leads)
   Found 0 candidate businesses in Darien.
✅ Completed Darien: 0 verified live social leads extracted.

📍 Scanning Town: Stratford, CT (Target: ~15 leads)
   Found 0 candidate businesses in Stratford.
✅ Completed Stratford: 0 verified live social leads extracted.

📍 Scanning Town: Derby, CT (Target: ~15 leads)
   Found 0 candidate businesses in Derby.
✅ Completed Derby: 0 verified live social leads extracted.

📍 Scanning Town: Shelton, CT (Target: ~15 leads)
   Found 18 candidate businesses in Shelton.
✅ Completed Shelton: 0 verified live social leads extracted.

📍 Scanning Town: Bethel, CT (Target: ~15 leads)
   Found 13 candidate businesses in Bethel.
✅ Completed Bethel: 0 verified live social leads extracted.

📍 Scanning Town: Ansonia, CT (Target: ~15 leads)
   Found 11 candidate businesses in Ansonia.
✅ Completed Ansonia: 0 verified live social leads extracted.

📍 Scanning Town: Newtown, CT (Target: ~15 leads)
   Found 17 candidate businesses in Newtown.
✅ Completed Newtown: 0 verified live social leads extracted.

📍 Scanning Town: Stamford, CT (Target: ~15 leads)
   Found 0 candidate businesses in Stamford.
✅ Completed Stamford: 0 verified live social leads extracted.

📍 Scanning Town: Norwalk, CT (Target: ~15 leads)
   Found 6 candidate businesses in Norwalk.
✅ Completed Norwalk: 0 verified live social leads extracted.

📍 Scanning Town: Danbury, CT (Target: ~15 leads)
   Found 3 candidate businesses in Danbury.
✅ Completed Danbury: 0 verified live social leads extracted.

📍 Scanning Town: Westport, CT (Target: ~15 leads)
   Found 17 candidate businesses in Westport.
   [+] [FACEBOOK - LIVE VERIFIED] Viva Zapata (Westport) -> Viva-Zapata-Mexican-Restaurant-75537517939 (https://www.facebook.com/Viva-Zapata-Mexican-Restaurant-75537517939)
✅ Completed Westport: 1 verified live social leads extracted.

📍 Scanning Town: Greenwich, CT (Target: ~15 leads)
   Found 0 candidate businesses in Greenwich.
✅ Completed Greenwich: 0 verified live social leads extracted.

📍 Scanning Town: Ridgefield, CT (Target: ~15 leads)
   Found 0 candidate businesses in Ridgefield.
✅ Completed Ridgefield: 0 verified live social leads extracted.

📍 Scanning Town: Wilton, CT (Target: ~15 leads)
   Found 0 candidate businesses in Wilton.
✅ Completed Wilton: 0 verified live social leads extracted.

📍 Scanning Town: Orange, CT (Target: ~15 leads)
   Found 0 candidate businesses in Orange.
✅ Completed Orange: 0 verified live social leads extracted.

📍 Scanning Town: Milford, CT (Target: ~15 leads)
   Found 0 candidate businesses in Milford.
✅ Completed Milford: 0 verified live social leads extracted.

📍 Scanning Town: Monroe, CT (Target: ~15 leads)
   Found 11 candidate businesses in Monroe.
✅ Completed Monroe: 0 verified live social leads extracted.

📍 Scanning Town: Fairfield, CT (Target: ~15 leads)
   Found 0 candidate businesses in Fairfield.
✅ Completed Fairfield: 0 verified live social leads extracted.

📍 Scanning Town: Trumbull, CT (Target: ~15 leads)
   Found 0 candidate businesses in Trumbull.
✅ Completed Trumbull: 0 verified live social leads extracted.

📍 Scanning Town: Bridgeport, CT (Target: ~15 leads)
   Found 15 candidate businesses in Bridgeport.
   [+] [FACEBOOK - LIVE VERIFIED] Mainport Fish & Chips (Bridgeport) -> Main-port-fish-and-chips-570958186579532 (https://www.facebook.com/Main-port-fish-and-chips-570958186579532)
✅ Completed Bridgeport: 1 verified live social leads extracted.

🎉 Total Verified Live Leads (IG: 53, FB: 57): 2
📊 Connecting to Google Sheet: 'FaceBook/Instagram Scraper'...
ℹ️ No new unique leads to append. All leads already in Google Sheet!
📊 Cycle #13 completed: Appended 0 new verified leads.
⏳ Sleeping for 14 minutes before next discovery cycle...

🔄 === Starting Discovery Cycle #14 ===
   Current Sheet Balance: 53 Instagram / 53 Facebook
🚀 Starting Balanced Social Media Lead Scraping for towns: Stamford, Stratford, Bridgeport, Fairfield, Monroe, Ridgefield, Trumbull, Orange, Norwalk, Greenwich, Bethel, Derby, Darien, Milford, Shelton, Ansonia, West Haven, Westport, Newtown, Danbury, Wilton

📍 Scanning Town: Stamford, CT (Target: ~15 leads)
   Found 23 candidate businesses in Stamford.
✅ Completed Stamford: 0 verified live social leads extracted.

📍 Scanning Town: Stratford, CT (Target: ~15 leads)
   Found 16 candidate businesses in Stratford.
✅ Completed Stratford: 0 verified live social leads extracted.

📍 Scanning Town: Bridgeport, CT (Target: ~15 leads)
   Found 25 candidate businesses in Bridgeport.
   [+] [FACEBOOK - LIVE VERIFIED] Mainport Fish & Chips (Bridgeport) -> Main-port-fish-and-chips-570958186579532 (https://www.facebook.com/Main-port-fish-and-chips-570958186579532)
✅ Completed Bridgeport: 1 verified live social leads extracted.

📍 Scanning Town: Fairfield, CT (Target: ~15 leads)
   Found 14 candidate businesses in Fairfield.
✅ Completed Fairfield: 0 verified live social leads extracted.

📍 Scanning Town: Monroe, CT (Target: ~15 leads)
   Found 12 candidate businesses in Monroe.
✅ Completed Monroe: 0 verified live social leads extracted.

📍 Scanning Town: Ridgefield, CT (Target: ~15 leads)
   Found 20 candidate businesses in Ridgefield.
✅ Completed Ridgefield: 0 verified live social leads extracted.

📍 Scanning Town: Trumbull, CT (Target: ~15 leads)
   Found 8 candidate businesses in Trumbull.
✅ Completed Trumbull: 0 verified live social leads extracted.

📍 Scanning Town: Orange, CT (Target: ~15 leads)
   Found 1 candidate businesses in Orange.
✅ Completed Orange: 0 verified live social leads extracted.

📍 Scanning Town: Norwalk, CT (Target: ~15 leads)
   Found 6 candidate businesses in Norwalk.
✅ Completed Norwalk: 0 verified live social leads extracted.

📍 Scanning Town: Greenwich, CT (Target: ~15 leads)
   Found 4 candidate businesses in Greenwich.
✅ Completed Greenwich: 0 verified live social leads extracted.

📍 Scanning Town: Bethel, CT (Target: ~15 leads)
   Found 13 candidate businesses in Bethel.
✅ Completed Bethel: 0 verified live social leads extracted.

📍 Scanning Town: Derby, CT (Target: ~15 leads)
   Found 7 candidate businesses in Derby.
✅ Completed Derby: 0 verified live social leads extracted.

📍 Scanning Town: Darien, CT (Target: ~15 leads)
   Found 3 candidate businesses in Darien.
✅ Completed Darien: 0 verified live social leads extracted.

📍 Scanning Town: Milford, CT (Target: ~15 leads)
   Found 20 candidate businesses in Milford.
✅ Completed Milford: 0 verified live social leads extracted.

📍 Scanning Town: Shelton, CT (Target: ~15 leads)
   Found 14 candidate businesses in Shelton.
✅ Completed Shelton: 0 verified live social leads extracted.

📍 Scanning Town: Ansonia, CT (Target: ~15 leads)
   Found 7 candidate businesses in Ansonia.
✅ Completed Ansonia: 0 verified live social leads extracted.

📍 Scanning Town: West Haven, CT (Target: ~15 leads)
   Found 0 candidate businesses in West Haven.
✅ Completed West Haven: 0 verified live social leads extracted.

📍 Scanning Town: Westport, CT (Target: ~15 leads)
   Found 16 candidate businesses in Westport.
   [+] [FACEBOOK - LIVE VERIFIED] Viva Zapata (Westport) -> Viva-Zapata-Mexican-Restaurant-75537517939 (https://www.facebook.com/Viva-Zapata-Mexican-Restaurant-75537517939)
✅ Completed Westport: 1 verified live social leads extracted.

📍 Scanning Town: Newtown, CT (Target: ~15 leads)
   Found 17 candidate businesses in Newtown.
✅ Completed Newtown: 0 verified live social leads extracted.

📍 Scanning Town: Danbury, CT (Target: ~15 leads)
   Found 3 candidate businesses in Danbury.
✅ Completed Danbury: 0 verified live social leads extracted.

📍 Scanning Town: Wilton, CT (Target: ~15 leads)
   Found 4 candidate businesses in Wilton.
✅ Completed Wilton: 0 verified live social leads extracted.

🎉 Total Verified Live Leads (IG: 53, FB: 62): 2
📊 Connecting to Google Sheet: 'FaceBook/Instagram Scraper'...
ℹ️ No new unique leads to append. All leads already in Google Sheet!
📊 Cycle #14 completed: Appended 0 new verified leads.
⏳ Sleeping for 15 minutes before next discovery cycle...

🔄 === Starting Discovery Cycle #15 ===
   Current Sheet Balance: 53 Instagram / 53 Facebook
🚀 Starting Balanced Social Media Lead Scraping for towns: Darien, Newtown, Greenwich, West Haven, Stratford, Bridgeport, Milford, Bethel, Derby, Monroe, Orange, Danbury, Fairfield, Ansonia, Wilton, Westport, Stamford, Norwalk, Ridgefield, Shelton, Trumbull

📍 Scanning Town: Darien, CT (Target: ~15 leads)
   Found 3 candidate businesses in Darien.
✅ Completed Darien: 0 verified live social leads extracted.

📍 Scanning Town: Newtown, CT (Target: ~15 leads)
   Found 17 candidate businesses in Newtown.
✅ Completed Newtown: 0 verified live social leads extracted.

📍 Scanning Town: Greenwich, CT (Target: ~15 leads)
   Found 6 candidate businesses in Greenwich.
✅ Completed Greenwich: 0 verified live social leads extracted.

📍 Scanning Town: West Haven, CT (Target: ~15 leads)
   Found 1 candidate businesses in West Haven.
✅ Completed West Haven: 0 verified live social leads extracted.

📍 Scanning Town: Stratford, CT (Target: ~15 leads)
   Found 16 candidate businesses in Stratford.
✅ Completed Stratford: 0 verified live social leads extracted.

📍 Scanning Town: Bridgeport, CT (Target: ~15 leads)
   Found 25 candidate businesses in Bridgeport.
   [+] [FACEBOOK - LIVE VERIFIED] Mainport Fish & Chips (Bridgeport) -> Main-port-fish-and-chips-570958186579532 (https://www.facebook.com/Main-port-fish-and-chips-570958186579532)
✅ Completed Bridgeport: 1 verified live social leads extracted.

📍 Scanning Town: Milford, CT (Target: ~15 leads)
   Found 21 candidate businesses in Milford.
✅ Completed Milford: 0 verified live social leads extracted.

📍 Scanning Town: Bethel, CT (Target: ~15 leads)
   Found 13 candidate businesses in Bethel.
✅ Completed Bethel: 0 verified live social leads extracted.

📍 Scanning Town: Derby, CT (Target: ~15 leads)
   Found 5 candidate businesses in Derby.
✅ Completed Derby: 0 verified live social leads extracted.

📍 Scanning Town: Monroe, CT (Target: ~15 leads)
   Found 12 candidate businesses in Monroe.
✅ Completed Monroe: 0 verified live social leads extracted.

📍 Scanning Town: Orange, CT (Target: ~15 leads)
   Found 1 candidate businesses in Orange.
✅ Completed Orange: 0 verified live social leads extracted.

📍 Scanning Town: Danbury, CT (Target: ~15 leads)
   Found 3 candidate businesses in Danbury.
✅ Completed Danbury: 0 verified live social leads extracted.

📍 Scanning Town: Fairfield, CT (Target: ~15 leads)
   Found 14 candidate businesses in Fairfield.
✅ Completed Fairfield: 0 verified live social leads extracted.

📍 Scanning Town: Ansonia, CT (Target: ~15 leads)
   Found 12 candidate businesses in Ansonia.
✅ Completed Ansonia: 0 verified live social leads extracted.

📍 Scanning Town: Wilton, CT (Target: ~15 leads)
   Found 4 candidate businesses in Wilton.
✅ Completed Wilton: 0 verified live social leads extracted.

📍 Scanning Town: Westport, CT (Target: ~15 leads)
   Found 17 candidate businesses in Westport.
   [+] [FACEBOOK - LIVE VERIFIED] Viva Zapata (Westport) -> Viva-Zapata-Mexican-Restaurant-75537517939 (https://www.facebook.com/Viva-Zapata-Mexican-Restaurant-75537517939)
✅ Completed Westport: 1 verified live social leads extracted.

📍 Scanning Town: Stamford, CT (Target: ~15 leads)
   Found 21 candidate businesses in Stamford.
✅ Completed Stamford: 0 verified live social leads extracted.

📍 Scanning Town: Norwalk, CT (Target: ~15 leads)
   Found 6 candidate businesses in Norwalk.
✅ Completed Norwalk: 0 verified live social leads extracted.

📍 Scanning Town: Ridgefield, CT (Target: ~15 leads)
   Found 19 candidate businesses in Ridgefield.
✅ Completed Ridgefield: 0 verified live social leads extracted.

📍 Scanning Town: Shelton, CT (Target: ~15 leads)
   Found 9 candidate businesses in Shelton.
✅ Completed Shelton: 0 verified live social leads extracted.

📍 Scanning Town: Trumbull, CT (Target: ~15 leads)
   Found 8 candidate businesses in Trumbull.
✅ Completed Trumbull: 0 verified live social leads extracted.

🎉 Total Verified Live Leads (IG: 53, FB: 65): 2
📊 Connecting to Google Sheet: 'FaceBook/Instagram Scraper'...
ℹ️ No new unique leads to append. All leads already in Google Sheet!
📊 Cycle #15 completed: Appended 0 new verified leads.
⏳ Sleeping for 15 minutes before next discovery cycle...

🔄 === Starting Discovery Cycle #16 ===
   Current Sheet Balance: 53 Instagram / 53 Facebook
🚀 Starting Balanced Social Media Lead Scraping for towns: Ridgefield, Milford, Stratford, Stamford, Danbury, West Haven, Ansonia, Newtown, Westport, Greenwich, Wilton, Bethel, Monroe, Fairfield, Norwalk, Shelton, Derby, Bridgeport, Darien, Trumbull, Orange

📍 Scanning Town: Ridgefield, CT (Target: ~15 leads)
   Found 20 candidate businesses in Ridgefield.
✅ Completed Ridgefield: 0 verified live social leads extracted.

📍 Scanning Town: Milford, CT (Target: ~15 leads)
   Found 21 candidate businesses in Milford.
✅ Completed Milford: 0 verified live social leads extracted.

📍 Scanning Town: Stratford, CT (Target: ~15 leads)
   Found 16 candidate businesses in Stratford.
✅ Completed Stratford: 0 verified live social leads extracted.

📍 Scanning Town: Stamford, CT (Target: ~15 leads)
   Found 23 candidate businesses in Stamford.
✅ Completed Stamford: 0 verified live social leads extracted.

📍 Scanning Town: Danbury, CT (Target: ~15 leads)
   Found 3 candidate businesses in Danbury.
✅ Completed Danbury: 0 verified live social leads extracted.

📍 Scanning Town: West Haven, CT (Target: ~15 leads)
   Found 1 candidate businesses in West Haven.
✅ Completed West Haven: 0 verified live social leads extracted.

📍 Scanning Town: Ansonia, CT (Target: ~15 leads)
   Found 16 candidate businesses in Ansonia.
✅ Completed Ansonia: 0 verified live social leads extracted.

📍 Scanning Town: Newtown, CT (Target: ~15 leads)
   Found 17 candidate businesses in Newtown.
✅ Completed Newtown: 0 verified live social leads extracted.

📍 Scanning Town: Westport, CT (Target: ~15 leads)
   Found 16 candidate businesses in Westport.
   [+] [FACEBOOK - LIVE VERIFIED] Viva Zapata (Westport) -> Viva-Zapata-Mexican-Restaurant-75537517939 (https://www.facebook.com/Viva-Zapata-Mexican-Restaurant-75537517939)
✅ Completed Westport: 1 verified live social leads extracted.

📍 Scanning Town: Greenwich, CT (Target: ~15 leads)
   Found 4 candidate businesses in Greenwich.
✅ Completed Greenwich: 0 verified live social leads extracted.

📍 Scanning Town: Wilton, CT (Target: ~15 leads)
   Found 4 candidate businesses in Wilton.
✅ Completed Wilton: 0 verified live social leads extracted.

📍 Scanning Town: Bethel, CT (Target: ~15 leads)
   Found 13 candidate businesses in Bethel.
✅ Completed Bethel: 0 verified live social leads extracted.

📍 Scanning Town: Monroe, CT (Target: ~15 leads)
   Found 12 candidate businesses in Monroe.
✅ Completed Monroe: 0 verified live social leads extracted.

📍 Scanning Town: Fairfield, CT (Target: ~15 leads)
   Found 13 candidate businesses in Fairfield.
✅ Completed Fairfield: 0 verified live social leads extracted.

📍 Scanning Town: Norwalk, CT (Target: ~15 leads)
   Found 6 candidate businesses in Norwalk.
✅ Completed Norwalk: 0 verified live social leads extracted.

📍 Scanning Town: Shelton, CT (Target: ~15 leads)
   Found 9 candidate businesses in Shelton.
✅ Completed Shelton: 0 verified live social leads extracted.

📍 Scanning Town: Derby, CT (Target: ~15 leads)
   Found 1 candidate businesses in Derby.
✅ Completed Derby: 0 verified live social leads extracted.

📍 Scanning Town: Bridgeport, CT (Target: ~15 leads)
   Found 25 candidate businesses in Bridgeport.
   [+] [FACEBOOK - LIVE VERIFIED] Mainport Fish & Chips (Bridgeport) -> Main-port-fish-and-chips-570958186579532 (https://www.facebook.com/Main-port-fish-and-chips-570958186579532)
✅ Completed Bridgeport: 1 verified live social leads extracted.

📍 Scanning Town: Darien, CT (Target: ~15 leads)
   Found 3 candidate businesses in Darien.
✅ Completed Darien: 0 verified live social leads extracted.

📍 Scanning Town: Trumbull, CT (Target: ~15 leads)
   Found 8 candidate businesses in Trumbull.
✅ Completed Trumbull: 0 verified live social leads extracted.

📍 Scanning Town: Orange, CT (Target: ~15 leads)
   Found 0 candidate businesses in Orange.
✅ Completed Orange: 0 verified live social leads extracted.

🎉 Total Verified Live Leads (IG: 53, FB: 66): 2
📊 Connecting to Google Sheet: 'FaceBook/Instagram Scraper'...
ℹ️ No new unique leads to append. All leads already in Google Sheet!
📊 Cycle #16 completed: Appended 0 new verified leads.
⏳ Sleeping for 20 minutes before next discovery cycle...

🔄 === Starting Discovery Cycle #17 ===
   Current Sheet Balance: 53 Instagram / 53 Facebook
🚀 Starting Balanced Social Media Lead Scraping for towns: Stamford, Greenwich, Bridgeport, Fairfield, Wilton, West Haven, Derby, Monroe, Newtown, Trumbull, Shelton, Danbury, Stratford, Ansonia, Darien, Norwalk, Ridgefield, Westport, Orange, Bethel, Milford

📍 Scanning Town: Stamford, CT (Target: ~15 leads)
   Found 23 candidate businesses in Stamford.
✅ Completed Stamford: 0 verified live social leads extracted.

📍 Scanning Town: Greenwich, CT (Target: ~15 leads)
   Found 5 candidate businesses in Greenwich.
✅ Completed Greenwich: 0 verified live social leads extracted.

📍 Scanning Town: Bridgeport, CT (Target: ~15 leads)
   Found 25 candidate businesses in Bridgeport.
   [+] [FACEBOOK - LIVE VERIFIED] Mainport Fish & Chips (Bridgeport) -> Main-port-fish-and-chips-570958186579532 (https://www.facebook.com/Main-port-fish-and-chips-570958186579532)
✅ Completed Bridgeport: 1 verified live social leads extracted.

📍 Scanning Town: Fairfield, CT (Target: ~15 leads)
   Found 14 candidate businesses in Fairfield.
✅ Completed Fairfield: 0 verified live social leads extracted.

📍 Scanning Town: Wilton, CT (Target: ~15 leads)
   Found 4 candidate businesses in Wilton.
✅ Completed Wilton: 0 verified live social leads extracted.

📍 Scanning Town: West Haven, CT (Target: ~15 leads)
   Found 1 candidate businesses in West Haven.
✅ Completed West Haven: 0 verified live social leads extracted.

📍 Scanning Town: Derby, CT (Target: ~15 leads)
   Found 6 candidate businesses in Derby.
✅ Completed Derby: 0 verified live social leads extracted.

📍 Scanning Town: Monroe, CT (Target: ~15 leads)
   Found 12 candidate businesses in Monroe.
✅ Completed Monroe: 0 verified live social leads extracted.

📍 Scanning Town: Newtown, CT (Target: ~15 leads)
   Found 17 candidate businesses in Newtown.
✅ Completed Newtown: 0 verified live social leads extracted.

📍 Scanning Town: Trumbull, CT (Target: ~15 leads)
   Found 8 candidate businesses in Trumbull.
✅ Completed Trumbull: 0 verified live social leads extracted.

📍 Scanning Town: Shelton, CT (Target: ~15 leads)
   Found 14 candidate businesses in Shelton.
✅ Completed Shelton: 0 verified live social leads extracted.

📍 Scanning Town: Danbury, CT (Target: ~15 leads)
   Found 3 candidate businesses in Danbury.
✅ Completed Danbury: 0 verified live social leads extracted.

📍 Scanning Town: Stratford, CT (Target: ~15 leads)
   Found 16 candidate businesses in Stratford.
✅ Completed Stratford: 0 verified live social leads extracted.

📍 Scanning Town: Ansonia, CT (Target: ~15 leads)
   Found 7 candidate businesses in Ansonia.
✅ Completed Ansonia: 0 verified live social leads extracted.

📍 Scanning Town: Darien, CT (Target: ~15 leads)
   Found 3 candidate businesses in Darien.
✅ Completed Darien: 0 verified live social leads extracted.

📍 Scanning Town: Norwalk, CT (Target: ~15 leads)
   Found 6 candidate businesses in Norwalk.
✅ Completed Norwalk: 0 verified live social leads extracted.

📍 Scanning Town: Ridgefield, CT (Target: ~15 leads)
   Found 19 candidate businesses in Ridgefield.
✅ Completed Ridgefield: 0 verified live social leads extracted.

📍 Scanning Town: Westport, CT (Target: ~15 leads)
   Found 16 candidate businesses in Westport.
   [+] [FACEBOOK - LIVE VERIFIED] Viva Zapata (Westport) -> Viva-Zapata-Mexican-Restaurant-75537517939 (https://www.facebook.com/Viva-Zapata-Mexican-Restaurant-75537517939)
✅ Completed Westport: 1 verified live social leads extracted.

📍 Scanning Town: Orange, CT (Target: ~15 leads)
   Found 1 candidate businesses in Orange.
✅ Completed Orange: 0 verified live social leads extracted.

📍 Scanning Town: Bethel, CT (Target: ~15 leads)
   Found 13 candidate businesses in Bethel.
✅ Completed Bethel: 0 verified live social leads extracted.

📍 Scanning Town: Milford, CT (Target: ~15 leads)
   Found 0 candidate businesses in Milford.
✅ Completed Milford: 0 verified live social leads extracted.

🎉 Total Verified Live Leads (IG: 53, FB: 63): 2
📊 Connecting to Google Sheet: 'FaceBook/Instagram Scraper'...
ℹ️ No new unique leads to append. All leads already in Google Sheet!
📊 Cycle #17 completed: Appended 0 new verified leads.
⏳ Sleeping for 16 minutes before next discovery cycle...

🔄 === Starting Discovery Cycle #18 ===
   Current Sheet Balance: 53 Instagram / 53 Facebook
🚀 Starting Balanced Social Media Lead Scraping for towns: Stamford, Fairfield, Darien, Ridgefield, Bridgeport, Stratford, Wilton, Shelton, Derby, Milford, Norwalk, Trumbull, Greenwich, West Haven, Ansonia, Orange, Westport, Bethel, Danbury, Monroe, Newtown

📍 Scanning Town: Stamford, CT (Target: ~15 leads)
   Found 8 candidate businesses in Stamford.
✅ Completed Stamford: 0 verified live social leads extracted.

📍 Scanning Town: Fairfield, CT (Target: ~15 leads)
   Found 14 candidate businesses in Fairfield.
✅ Completed Fairfield: 0 verified live social leads extracted.

📍 Scanning Town: Darien, CT (Target: ~15 leads)
   Found 3 candidate businesses in Darien.
✅ Completed Darien: 0 verified live social leads extracted.

📍 Scanning Town: Ridgefield, CT (Target: ~15 leads)
   Found 20 candidate businesses in Ridgefield.
✅ Completed Ridgefield: 0 verified live social leads extracted.

📍 Scanning Town: Bridgeport, CT (Target: ~15 leads)
   Found 25 candidate businesses in Bridgeport.
   [+] [FACEBOOK - LIVE VERIFIED] Mainport Fish & Chips (Bridgeport) -> Main-port-fish-and-chips-570958186579532 (https://www.facebook.com/Main-port-fish-and-chips-570958186579532)
✅ Completed Bridgeport: 1 verified live social leads extracted.

📍 Scanning Town: Stratford, CT (Target: ~15 leads)
   Found 15 candidate businesses in Stratford.
✅ Completed Stratford: 0 verified live social leads extracted.

📍 Scanning Town: Wilton, CT (Target: ~15 leads)
   Found 4 candidate businesses in Wilton.
✅ Completed Wilton: 0 verified live social leads extracted.

📍 Scanning Town: Shelton, CT (Target: ~15 leads)
   Found 17 candidate businesses in Shelton.
✅ Completed Shelton: 0 verified live social leads extracted.

📍 Scanning Town: Derby, CT (Target: ~15 leads)
   Found 6 candidate businesses in Derby.
✅ Completed Derby: 0 verified live social leads extracted.

📍 Scanning Town: Milford, CT (Target: ~15 leads)
   Found 15 candidate businesses in Milford.
✅ Completed Milford: 0 verified live social leads extracted.

📍 Scanning Town: Norwalk, CT (Target: ~15 leads)
   Found 6 candidate businesses in Norwalk.
✅ Completed Norwalk: 0 verified live social leads extracted.

📍 Scanning Town: Trumbull, CT (Target: ~15 leads)
   Found 8 candidate businesses in Trumbull.
✅ Completed Trumbull: 0 verified live social leads extracted.

📍 Scanning Town: Greenwich, CT (Target: ~15 leads)
   Found 4 candidate businesses in Greenwich.
✅ Completed Greenwich: 0 verified live social leads extracted.

📍 Scanning Town: West Haven, CT (Target: ~15 leads)
   Found 0 candidate businesses in West Haven.
✅ Completed West Haven: 0 verified live social leads extracted.

📍 Scanning Town: Ansonia, CT (Target: ~15 leads)
   Found 7 candidate businesses in Ansonia.
✅ Completed Ansonia: 0 verified live social leads extracted.

📍 Scanning Town: Orange, CT (Target: ~15 leads)
   Found 1 candidate businesses in Orange.
✅ Completed Orange: 0 verified live social leads extracted.

📍 Scanning Town: Westport, CT (Target: ~15 leads)
   Found 17 candidate businesses in Westport.
   [+] [FACEBOOK - LIVE VERIFIED] Viva Zapata (Westport) -> Viva-Zapata-Mexican-Restaurant-75537517939 (https://www.facebook.com/Viva-Zapata-Mexican-Restaurant-75537517939)
✅ Completed Westport: 1 verified live social leads extracted.

📍 Scanning Town: Bethel, CT (Target: ~15 leads)
   Found 12 candidate businesses in Bethel.
✅ Completed Bethel: 0 verified live social leads extracted.

📍 Scanning Town: Danbury, CT (Target: ~15 leads)
   Found 3 candidate businesses in Danbury.
✅ Completed Danbury: 0 verified live social leads extracted.

📍 Scanning Town: Monroe, CT (Target: ~15 leads)
   Found 11 candidate businesses in Monroe.
✅ Completed Monroe: 0 verified live social leads extracted.

📍 Scanning Town: Newtown, CT (Target: ~15 leads)
   Found 17 candidate businesses in Newtown.
✅ Completed Newtown: 0 verified live social leads extracted.

🎉 Total Verified Live Leads (IG: 53, FB: 62): 2
📊 Connecting to Google Sheet: 'FaceBook/Instagram Scraper'...
ℹ️ No new unique leads to append. All leads already in Google Sheet!
📊 Cycle #18 completed: Appended 0 new verified leads.
⏳ Sleeping for 18 minutes before next discovery cycle...

🔄 === Starting Discovery Cycle #19 ===
   Current Sheet Balance: 53 Instagram / 53 Facebook
🚀 Starting Balanced Social Media Lead Scraping for towns: Greenwich, Danbury, Fairfield, Trumbull, Stratford, Ansonia, Shelton, Monroe, Darien, Stamford, Westport, Bethel, Derby, Ridgefield, Milford, Newtown, Orange, West Haven, Wilton, Norwalk, Bridgeport

📍 Scanning Town: Greenwich, CT (Target: ~15 leads)
   Found 6 candidate businesses in Greenwich.
✅ Completed Greenwich: 0 verified live social leads extracted.

📍 Scanning Town: Danbury, CT (Target: ~15 leads)
   Found 3 candidate businesses in Danbury.
✅ Completed Danbury: 0 verified live social leads extracted.

📍 Scanning Town: Fairfield, CT (Target: ~15 leads)
   Found 14 candidate businesses in Fairfield.
✅ Completed Fairfield: 0 verified live social leads extracted.

📍 Scanning Town: Trumbull, CT (Target: ~15 leads)
   Found 8 candidate businesses in Trumbull.
✅ Completed Trumbull: 0 verified live social leads extracted.

📍 Scanning Town: Stratford, CT (Target: ~15 leads)
   Found 16 candidate businesses in Stratford.
✅ Completed Stratford: 0 verified live social leads extracted.

📍 Scanning Town: Ansonia, CT (Target: ~15 leads)
   Found 12 candidate businesses in Ansonia.
✅ Completed Ansonia: 0 verified live social leads extracted.

📍 Scanning Town: Shelton, CT (Target: ~15 leads)
   Found 13 candidate businesses in Shelton.
✅ Completed Shelton: 0 verified live social leads extracted.

📍 Scanning Town: Monroe, CT (Target: ~15 leads)
   Found 11 candidate businesses in Monroe.
✅ Completed Monroe: 0 verified live social leads extracted.

📍 Scanning Town: Darien, CT (Target: ~15 leads)
   Found 3 candidate businesses in Darien.
✅ Completed Darien: 0 verified live social leads extracted.

📍 Scanning Town: Stamford, CT (Target: ~15 leads)
   Found 21 candidate businesses in Stamford.
✅ Completed Stamford: 0 verified live social leads extracted.

📍 Scanning Town: Westport, CT (Target: ~15 leads)
   Found 16 candidate businesses in Westport.
   [+] [FACEBOOK - LIVE VERIFIED] Viva Zapata (Westport) -> Viva-Zapata-Mexican-Restaurant-75537517939 (https://www.facebook.com/Viva-Zapata-Mexican-Restaurant-75537517939)
✅ Completed Westport: 1 verified live social leads extracted.

📍 Scanning Town: Bethel, CT (Target: ~15 leads)
   Found 12 candidate businesses in Bethel.
✅ Completed Bethel: 0 verified live social leads extracted.

📍 Scanning Town: Derby, CT (Target: ~15 leads)
   Found 5 candidate businesses in Derby.
✅ Completed Derby: 0 verified live social leads extracted.

📍 Scanning Town: Ridgefield, CT (Target: ~15 leads)
   Found 19 candidate businesses in Ridgefield.
✅ Completed Ridgefield: 0 verified live social leads extracted.

📍 Scanning Town: Milford, CT (Target: ~15 leads)
   Found 20 candidate businesses in Milford.
✅ Completed Milford: 0 verified live social leads extracted.

📍 Scanning Town: Newtown, CT (Target: ~15 leads)
   Found 17 candidate businesses in Newtown.
✅ Completed Newtown: 0 verified live social leads extracted.

📍 Scanning Town: Orange, CT (Target: ~15 leads)
   Found 1 candidate businesses in Orange.
✅ Completed Orange: 0 verified live social leads extracted.

📍 Scanning Town: West Haven, CT (Target: ~15 leads)
   Found 0 candidate businesses in West Haven.
✅ Completed West Haven: 0 verified live social leads extracted.

📍 Scanning Town: Wilton, CT (Target: ~15 leads)
   Found 4 candidate businesses in Wilton.
✅ Completed Wilton: 0 verified live social leads extracted.

📍 Scanning Town: Norwalk, CT (Target: ~15 leads)
   Found 6 candidate businesses in Norwalk.
✅ Completed Norwalk: 0 verified live social leads extracted.

📍 Scanning Town: Bridgeport, CT (Target: ~15 leads)
   Found 25 candidate businesses in Bridgeport.
   [+] [FACEBOOK - LIVE VERIFIED] Mainport Fish & Chips (Bridgeport) -> Main-port-fish-and-chips-570958186579532 (https://www.facebook.com/Main-port-fish-and-chips-570958186579532)
✅ Completed Bridgeport: 1 verified live social leads extracted.

🎉 Total Verified Live Leads (IG: 53, FB: 66): 2
📊 Connecting to Google Sheet: 'FaceBook/Instagram Scraper'...
ℹ️ No new unique leads to append. All leads already in Google Sheet!
📊 Cycle #19 completed: Appended 0 new verified leads.
⏳ Sleeping for 12 minutes before next discovery cycle...

🔄 === Starting Discovery Cycle #20 ===
   Current Sheet Balance: 53 Instagram / 53 Facebook
🚀 Starting Balanced Social Media Lead Scraping for towns: Greenwich, Derby, Orange, Trumbull, Bethel, Darien, Ansonia, Milford, Wilton, Monroe, Stratford, Bridgeport, West Haven, Shelton, Ridgefield, Westport, Stamford, Newtown, Danbury, Norwalk, Fairfield

📍 Scanning Town: Greenwich, CT (Target: ~15 leads)
   Found 6 candidate businesses in Greenwich.
✅ Completed Greenwich: 0 verified live social leads extracted.

📍 Scanning Town: Derby, CT (Target: ~15 leads)
   Found 7 candidate businesses in Derby.
✅ Completed Derby: 0 verified live social leads extracted.

📍 Scanning Town: Orange, CT (Target: ~15 leads)
   Found 1 candidate businesses in Orange.
✅ Completed Orange: 0 verified live social leads extracted.

📍 Scanning Town: Trumbull, CT (Target: ~15 leads)
   Found 8 candidate businesses in Trumbull.
✅ Completed Trumbull: 0 verified live social leads extracted.

📍 Scanning Town: Bethel, CT (Target: ~15 leads)
   Found 12 candidate businesses in Bethel.
✅ Completed Bethel: 0 verified live social leads extracted.

📍 Scanning Town: Darien, CT (Target: ~15 leads)
   Found 3 candidate businesses in Darien.
✅ Completed Darien: 0 verified live social leads extracted.

📍 Scanning Town: Ansonia, CT (Target: ~15 leads)
   Found 15 candidate businesses in Ansonia.
✅ Completed Ansonia: 0 verified live social leads extracted.

📍 Scanning Town: Milford, CT (Target: ~15 leads)
   Found 20 candidate businesses in Milford.
✅ Completed Milford: 0 verified live social leads extracted.

📍 Scanning Town: Wilton, CT (Target: ~15 leads)
   Found 4 candidate businesses in Wilton.
✅ Completed Wilton: 0 verified live social leads extracted.

📍 Scanning Town: Monroe, CT (Target: ~15 leads)
   Found 12 candidate businesses in Monroe.
✅ Completed Monroe: 0 verified live social leads extracted.

📍 Scanning Town: Stratford, CT (Target: ~15 leads)
   Found 16 candidate businesses in Stratford.
✅ Completed Stratford: 0 verified live social leads extracted.

📍 Scanning Town: Bridgeport, CT (Target: ~15 leads)
   Found 25 candidate businesses in Bridgeport.
   [+] [FACEBOOK - LIVE VERIFIED] Mainport Fish & Chips (Bridgeport) -> Main-port-fish-and-chips-570958186579532 (https://www.facebook.com/Main-port-fish-and-chips-570958186579532)
✅ Completed Bridgeport: 1 verified live social leads extracted.

📍 Scanning Town: West Haven, CT (Target: ~15 leads)
   Found 0 candidate businesses in West Haven.
✅ Completed West Haven: 0 verified live social leads extracted.

📍 Scanning Town: Shelton, CT (Target: ~15 leads)
   Found 10 candidate businesses in Shelton.
✅ Completed Shelton: 0 verified live social leads extracted.

📍 Scanning Town: Ridgefield, CT (Target: ~15 leads)
   Found 19 candidate businesses in Ridgefield.
